,book_id
0,25488
1,58262
2,38083
3,3059
4,49587
5,32126
6,48127
7,59649
8,17465
9,53838
10,37146
11,40692
12,53134
13,10841
14,11169
15,68764
16,57342
17,11603
18,69838
19,37998
20,35898
21,51042
22,44118
23,67506
24,636
25,2579
26,45286
27,18427
28,28844
29,65714
30,24554
31,36175
32,72138
33,45594
34,24747
35,26662
36,33525
37,8296
38,56597
39,61794
40,27261
41,468
42,29448
43,726
44,55154
45,7977
46,53078
47,34125
48,71063
49,67063
50,47597
51,52305
52,65833
53,5733
54,33494
55,10881
56,74196
57,22160
58,70190
59,16191
60,6363
61,51060
62,41219
63,53100
64,45871
65,29083
66,61636
67,42715
68,32754
69,72607
70,6955
71,2399
72,60216
73,26438
74,57977
75,47675
76,51832
77,29972
78,33790
79,45390
80,11609
81,73256
82,20740
83,24746
84,33956
85,11253
86,5255
87,24675
88,58404
89,47464
90,39665
91,18622
92,54066
93,30229
94,71353
95,14037
96,71784
97,46951
98,61514
99,27259
100,45613
101,22972
102,45435
103,62993
104,64509
105,46931
106,65465
107,60384
108,31881
109,67229
110,58605
111,6530
112,43304
113,21179
114,28853
115,47632
116,15039
117,72722
118,45270
119,61339
120,48791
121,32110
122,33558
123,21639
124,47838
125,78241
126,6413
127,27334
128,3425
129,29779
130,45827
131,39627
132,39590
133,1103
134,74813
135,39000
136,10434
137,18320
138,47893
139,10426
140,9179
141,58906
142,51702
143,35470
144,30816
145,69589
146,8109
147,62276
148,64534
149,5300
150,54461
151,10326
152,1071
153,20234
154,4525
155,62509
156,39941
157,3583
158,35236
159,42326
160,22868
161,28533
162,61752
163,45955
164,3166
165,1168
166,259
167,60087
168,12311
169,66633
170,65860
171,52748
172,35638
173,23349
174,30313
175,5498
176,45424
177,15472
178,13056
179,14122
180,50582
181,38840
182,63023
183,8516
184,47014
185,49396
186,75774
187,13180
188,16340
189,78314
190,1460
191,38005
192,42622
193,38523
194,74041
195,37011
196,6288
197,62728
198,15949
199,15715
200,10097
201,66177
202,16746
203,18879
204,7655
205,53378
206,15167
207,33517
208,2975
209,62454
210,51133
211,71805
212,67073
213,77384
214,5844
215,52718
216,15767
217,45935
218,2142
219,31637
220,31129
221,76150
222,75867
223,24085
224,13973
225,70180
226,77574
227,62162
228,40017
229,49479
230,9036
231,14314
232,54145
233,36939
234,13269
235,24486
236,31685
237,55613
238,10307
239,31085
240,12152
241,1399
242,47621
243,77524
244,72017
245,68427
246,45238
247,1777
248,64596
249,53660
250,53793
251,53003
252,30144
253,59985
254,5384
255,70911
256,54790
257,66903
258,49099
259,35947
260,18424
261,1177
262,25513
263,56477
264,19649
265,28731
266,35048
267,47192
268,56453
269,56939
270,18904
271,44025
272,9012
273,5892
274,5119
275,19874
276,41477
277,45068
278,61261
279,52685
280,21281
281,61125
282,45116
283,15854
284,46634
285,4272
286,39508
287,13970
288,9626
289,6341
290,26222
291,17998
292,51002
293,70026
294,4089
295,56945
296,56300
297,29536
298,67085
299,8318
300,50701
301,39906
302,20388
303,48054
304,28013
305,72242
306,69407
307,67382
308,48584
309,38197
310,3696
311,22940
312,66319
313,37531
314,47302
315,64237
316,60983
317,687
318,51599
319,12519
320,8268
321,45732
322,29948
323,24087
324,24667
325,9197
326,31571
327,71698
328,43672
329,72088
330,53393
331,38254
332,27491
333,7028
334,56180
335,10324
336,51443
337,65088
338,45487
339,7201
340,3031
341,52727
342,66360
343,70707
344,60250
345,70223
346,12103
347,29580
348,3472
349,66315
350,58455
351,9424
352,56705
353,54338
354,70923
355,41422
356,23087
357,60594
358,59102
359,70997
360,15861
361,8542
362,38964
363,8208
364,1954
365,4822
366,26113
367,12970
368,9891
369,65669
370,26379
371,30725
372,55501
373,49738
374,77676
375,16801
376,61475
377,51600
378,33303
379,39498
380,46052
381,72969
382,14895
383,69233
384,19801
385,65557
386,78480
387,20547
388,47002
389,41580
390,23706
391,8498
392,53475
393,2074
394,75295
395,39076
396,59879
397,51540
398,40362
399,73789
400,76368
401,22313
402,11550
403,73200
404,21536
405,56475
406,27237
407,59970
408,66324
409,56170
410,61750
411,78486
412,22231
413,56175
414,36526
415,72777
416,51818
417,78303
418,54090
419,58865
420,28493
421,39201
422,3523
423,26764
424,10587
425,27590
426,14640
427,30239
428,25987
429,50899
430,38664
431,64339
432,36157
433,67219
434,26971
435,59750
436,14318
437,35892
438,23226
439,78680
440,60056
441,68759
442,61909
443,62464
444,39864
445,4120
446,71863
447,67953
448,14782
449,55221
450,13755
451,66040
452,22353
453,11485
454,10789
455,63891
456,49179
457,817
458,25157
459,41090
460,77200
461,66568
462,45173
463,20399
464,76916
465,63103
466,64517
467,47988
468,44662
469,76645
470,62115
471,62234
472,36826
473,29916
474,8728
475,30372
476,17138
477,40812
478,28381
479,37563
480,42158
481,36959
482,30622
483,56782
484,44214
485,50648
486,37731
487,22963
488,24740
489,2706
490,58358
491,9569
492,50163
493,5357
494,23570
495,78384
496,68157
497,44964
498,12971
499,41078
500,12
501,45274
502,10104
503,41371
504,14015
505,28515
506,70766
507,1822
508,56794
509,60188
510,62060
511,31401
512,6420
513,72855
514,73378
515,25049
516,24603
517,5737
518,38980
519,13382
520,75121
521,39779
522,14026
523,9392
524,77956
525,70300
526,77134
527,75340
528,51066
529,67776
530,53929
531,22342
532,41116
533,60331
534,65307
535,50039
536,42184
537,76163
538,2319
539,62494
540,31015
541,21497
542,53008
543,39308
544,4690
545,19777
546,10078
547,65353
548,58847
549,61593
550,18537
551,73427
552,7521
553,71586
554,13772
555,33092
556,74398
557,74089
558,57282
559,38760
560,15657
561,17665
562,75251
563,56282
564,73973
565,19994
566,47098
567,54190
568,61043
569,78675
570,40394
571,43844
572,27300
573,22870
574,61707
575,17888
576,48292
577,2054
578,6643
579,3857
580,64350
581,10833
582,33556
583,23256
584,53880
585,75694
586,17770
587,9365
588,11177
589,48659
590,18169
591,48490
592,70627
593,40000
594,18665
595,35574
596,11732
597,6798
598,42415
599,64236
600,60644
601,11595
602,39957
603,1519
604,10075
605,25209
606,7108
607,67848
608,40424
609,72523
610,60588
611,21315
612,50356
613,75904
614,17240
615,24218
616,21949
617,6478
618,76242
619,71112
620,76437
621,52656
622,10304
623,25399
624,71619
625,31439
626,14323
627,10842
628,39515
629,59732
630,56452
631,53496
632,27903
633,53672
634,29813
635,67909
636,36620
637,44197
638,68772
639,72058
640,17921
641,67832
642,73203
643,30873
644,46059
645,49615
646,76629
647,55488
648,30713
649,3527
650,52884
651,48270
652,18224
653,39309
654,11265
655,8288
656,40312
657,35418
658,78181
659,8859
660,3875
661,17348
662,37321
663,22277
664,52705
665,26856
666,36095
667,66497
668,55326
669,3959
670,66928
671,23159
672,76762
673,73748
674,8248
675,39766
676,49234
677,23366
678,59734
679,41020
680,74389
681,8538
682,40113
683,32980
684,47068
685,20083
686,31728
687,52192
688,62732
689,30746
690,22622
691,54612
692,59032
693,26385
694,65461
695,54835
696,54737
697,76905
698,45093
699,31273
700,851
701,16935
702,28379
703,17009
704,1486
705,62630
706,34682
707,6741
708,20852
709,22265
710,2244
711,26396
712,48796
713,45501
714,26445
715,457
716,35752
717,47491
718,43762
719,23599
720,13325
721,3273
722,2257
723,34670
724,74105
725,35720
726,71526
727,21737
728,7860
729,41648
730,1640
731,33814
732,19717
733,78998
734,23643
735,68712
736,63739
737,42328
738,23446
739,21285
740,72959
741,8548
742,21221
743,12564
744,9577
745,29381
746,19688
747,45195
748,22775
749,13131
750,8861
751,1680
752,62200
753,73868
754,7666
755,7084
756,74586
757,2335
758,22877
759,68509
760,28737
761,66339
762,49803
763,14189
764,9884
765,67630
766,11407
767,8384
768,75345
769,45841
770,63764
771,70197
772,32109
773,30434
774,45358
775,52721
776,58820
777,70803
778,50338
779,66493
780,52519
781,37378
782,49952
783,75882
784,7445
785,17850
786,42566
787,29708
788,46476
789,14470
790,43679
791,40279
792,24002
793,68253
794,15581
795,73552
796,38164
797,58779
798,57464
799,56827
800,76331
801,12568
802,63107
803,39971
804,24776
805,65811
806,77175
807,53717
808,50340
809,77554
810,63279
811,59821
812,12725
813,1235
814,34899
815,37797
816,29368
817,11378
818,59092
819,5362
820,47933
821,68560
822,57628
823,11682
824,18601
825,58566
826,29217
827,64901
828,6359
829,54801
830,66017
831,28302
832,19235
833,24078
834,7924
835,2993
836,71202
837,38543
838,9943
839,24706
840,17298
841,49279
842,7129
843,54586
844,55270
845,16937
846,44508
847,28976
848,9612
849,43313
850,46237
851,14883
852,71036
853,71886
854,70372
855,14750
856,52053
857,51638
858,61875
859,42039
860,25598
861,23417
862,30446
863,27104
864,61715
865,72826
866,7415
867,11688
868,12209
869,79016
870,6019
871,14436
872,75422
873,10482
874,24686
875,50313
876,58067
877,37854
878,24118
879,66750
880,8116
881,62540
882,25663
883,16585
884,28466
885,42531
886,39680
887,51560
888,13374
889,18441
890,13880
891,17383
892,13014
893,57674
894,18756
895,51964
896,27403
897,10871
898,35456
899,74872
900,63796
901,63457
902,55057
903,47336
904,43032
905,63855
906,72231
907,11527
908,31548
909,62812
910,20266
911,59605
912,57163
913,34307
914,65903
915,28580
916,5197
917,34939
918,59859
919,12077
920,75539
921,24979
922,47684
923,37711
924,14162
925,30806
926,65785
927,2723
928,52874
929,2612
930,63908
931,12075
932,78080
933,39083
934,64333
935,12640
936,41002
937,27038
938,38637
939,44894
940,35904
941,38819
942,30628
943,6790
944,38368
945,27726
946,4890
947,37429
948,57598
949,44452
950,77629
951,44327
952,21276
953,46655
954,35579
955,56629
956,47549
957,31827
958,41447
959,57018
960,69755
961,16190
962,48231
963,58737
964,9001
965,19462
966,15267
967,68076
968,17617
969,43701
970,66224
971,23132
972,23535
973,18479
974,63017
975,61316
976,56775
977,66954
978,32532
979,53813
980,43877
981,34078
982,58561
983,77952
984,34978
985,337
986,25367
987,35094
988,24459
989,10745
990,59769
991,54929
992,78279
993,62535
994,3268
995,663
996,32451
997,21607
998,46904
999,58236
1000,39340
1001,25663
1002,18394
1003,10980
1004,26405
1005,66240
1006,76148
1007,36602
1008,6690
1009,73809
1010,8017
1011,65851
1012,39610
1013,28775
1014,55065
1015,65102
1016,19789
1017,20519
1018,55131
1019,9832
1020,23051
1021,24207
1022,4471
1023,70419
1024,54581
1025,61143
1026,22856
1027,71453
1028,47103
1029,35843
1030,68311
1031,70597
1032,8055
1033,57494
1034,69007
1035,52824
1036,4949
1037,71315
1038,33562
1039,34679
1040,3943
1041,63552
1042,50449
1043,62110
1044,68953
1045,18287
1046,20152
1047,25349
1048,52237
1049,16532
1050,76697
1051,63081
1052,8374
1053,19200
1054,16476
1055,57117
1056,59176
1057,76624
1058,9523
1059,60169
1060,67751
1061,62751
1062,52699
1063,47909
1064,33589
1065,31834
1066,75730
1067,43347
1068,5412
1069,35816
1070,42742
1071,14755
1072,15254
1073,39744
1074,12719
1075,47191
1076,57516
1077,41867
1078,6971
1079,77469
1080,18477
1081,49509
1082,47895
1083,67549
1084,6816
1085,632
1086,26110
1087,60759
1088,19246
1089,26466
1090,48181
1091,42347
1092,55605
1093,56573
1094,16831
1095,3542
1096,8252
1097,68672
1098,53435
1099,43988
1100,39020
1101,14504
1102,7636
1103,31660
1104,1855
1105,59843
1106,38903
1107,62267
1108,17289
1109,37756
1110,3189
1111,7209
1112,36110
1113,930
1114,29382
1115,40699
1116,67347
1117,49304
1118,10895
1119,72613
1120,27303
1121,39211
1122,39067
1123,17908
1124,43939
1125,53312
1126,55219
1127,43624
1128,60370
1129,9946
1130,41217
1131,58516
1132,42616
1133,29929
1134,4074
1135,18908
1136,15238
1137,48722
1138,13245
1139,46113
1140,54340
1141,16265
1142,41372
1143,20479
1144,21845
1145,15847
1146,45586
1147,70518
1148,53489
1149,51338
1150,63629
1151,74199
1152,63799
1153,58077
1154,9101
1155,61119
1156,9967
1157,9118
1158,67059
1159,66589
1160,57552
1161,71800
1162,13754
1163,28762
1164,14573
1165,17176
1166,10325
1167,22625
1168,53376
1169,51011
1170,76570
1171,54714
1172,41013
1173,39090
1174,36686
1175,60125
1176,5229
1177,10053
1178,754
1179,23904
1180,25475
1181,54245
1182,43549
1183,6828
1184,62857
1185,8153
1186,45582
1187,78526
1188,12431
1189,47553
1190,34358
1191,19937
1192,25320
1193,65972
1194,22666
1195,37952
1196,60079
1197,12738
1198,51494
1199,33017
1200,32120
1201,17647
1202,62142
1203,62380
1204,78423
1205,51629
1206,10452
1207,8836
1208,26650
1209,46130
1210,18521
1211,2491
1212,69570
1213,54847
1214,29642
1215,24450
1216,67740
1217,9291
1218,23496
1219,49742
1220,12715
1221,19207
1222,79036
1223,46805
1224,2203
1225,54623
1226,36262
1227,28502
1228,38183
1229,14977
1230,28523
1231,4833
1232,24975
1233,46264
1234,32246
1235,63081
1236,44033
1237,50803
1238,7747
1239,75101
1240,57514
1241,47737
1242,30374
1243,3078
1244,77428
1245,63291
1246,66908
1247,78179
1248,4773
1249,17739
1250,28629
1251,43532
1252,27592
1253,29379
1254,5859
1255,33826
1256,63170
1257,48676
1258,45006
1259,7176
1260,39067
1261,34801
1262,45872
1263,58097
1264,49340
1265,20985
1266,29625
1267,60872
1268,34025
1269,29065
1270,74044
1271,71614
1272,76850
1273,25737
1274,42299
1275,5454
1276,32375
1277,1383
1278,48572
1279,74564
1280,35604
1281,20759
1282,75058
1283,20406
1284,33850
1285,27989
1286,71727
1287,18435
1288,63695
1289,21426
1290,72505
1291,53092
1292,17573
1293,48569
1294,41483
1295,20918
1296,35542
1297,28263
1298,45023
1299,56935
1300,11426
1301,65651
1302,50030
1303,61082
1304,60851
1305,69891
1306,23693
1307,15770
1308,14578
1309,78067
1310,71695
1311,555
1312,36618
1313,34480
1314,25238
1315,37425
1316,50235
1317,55904
1318,43364
1319,54179
1320,7458
1321,46325
1322,58005
1323,43982
1324,21913
1325,13514
1326,26907
1327,57175
1328,5509
1329,29857
1330,52675
1331,78725
1332,4784
1333,62297
1334,44554
1335,48087
1336,7464
1337,75482
1338,6639
1339,18280
1340,18334
1341,56193
1342,67351
1343,23377
1344,15297
1345,56296
1346,283
1347,39543
1348,23503
1349,71559
1350,54152
1351,69989
1352,22495
1353,47816
1354,22026
1355,75760
1356,37030
1357,53147
1358,192
1359,26125
1360,76894
1361,1041
1362,58396
1363,76865
1364,65096
1365,61545
1366,47637
1367,72628
1368,2559
1369,25036
1370,61382
1371,30920
1372,73054
1373,62685
1374,51398
1375,40782
1376,5062
1377,15479
1378,40459
1379,825
1380,51770
1381,1550
1382,65694
1383,39691
1384,39531
1385,50641
1386,77648
1387,54990
1388,5864
1389,3784
1390,43772
1391,58083
1392,47407
1393,31409
1394,774
1395,13507
1396,5225
1397,75344
1398,20145
1399,34621
1400,6024
1401,44537
1402,58506
1403,2857
1404,75220
1405,62079
1406,25126
1407,2580
1408,49354
1409,52405
1410,50939
1411,59500
1412,22847
1413,69844
1414,38737
1415,46795
1416,24932
1417,11197
1418,65248
1419,3995
1420,10130
1421,11577
1422,9995
1423,58083
1424,53604
1425,67318
1426,17506
1427,49052
1428,34764
1429,49452
1430,44553
1431,72620
1432,6370
1433,70023
1434,1337
1435,51244
1436,28263
1437,25843
1438,73107
1439,29866
1440,17162
1441,59822
1442,10702
1443,13183
1444,39315
1445,28880
1446,4068
1447,73835
1448,23879
1449,73760
1450,68487
1451,11615
1452,26002
1453,30435
1454,22702
1455,66877
1456,11563
1457,64219
1458,62920
1459,3275
1460,54489
1461,22297
1462,77294
1463,30656
1464,62664
1465,54198
1466,79027
1467,77121
1468,5862
1469,76697
1470,68591
1471,13500
1472,77060
1473,57901
1474,18519
1475,36233
1476,73024
1477,60439
1478,31166
1479,34630
1480,54135
1481,51303
1482,74134
1483,19466
1484,47970
1485,68065
1486,73435
1487,12048
1488,40423
1489,12784
1490,6095
1491,44124
1492,8248
1493,53267
1494,42743
1495,30762
1496,66167
1497,26648
1498,32816
1499,23733
1500,16316
1501,6210
1502,43316
1503,42352
1504,47952
1505,17416
1506,76812
1507,43069
1508,2121
1509,23137
1510,28229
1511,6392
1512,31940
1513,61965
1514,14700
1515,48441
1516,32145
1517,76996
1518,75457
1519,78733
1520,28451
1521,52383
1522,76538
1523,11953
1524,70706
1525,67246
1526,8101
1527,27419
1528,5036
1529,6740
1530,50912
1531,77514
1532,34152
1533,66086
1534,58860
1535,38862
1536,12617
1537,56427
1538,8183
1539,60442
1540,74006
1541,21680
1542,59779
1543,10158
1544,54504
1545,54827
1546,17592
1547,29555
1548,28563
1549,44798
1550,42018
1551,65226
1552,48492
1553,33094
1554,58218
1555,16426
1556,72081
1557,70853
1558,40070
1559,3299
1560,15149
1561,9282
1562,10372
1563,33357
1564,58077
1565,38845
1566,33017
1567,54518
1568,44026
1569,22205
1570,60925
1571,6306
1572,4046
1573,36442
1574,41110
1575,66871
1576,76912
1577,9415
1578,61661
1579,4409
1580,49206
1581,78361
1582,31709
1583,14050
1584,1904
1585,73056
1586,37874
1587,56869
1588,49648
1589,66958
1590,55524
1591,52670
1592,51160
1593,17937
1594,75094
1595,40617
1596,1530
1597,33862
1598,62627
1599,54847
1600,69525
1601,72941
1602,12947
1603,24623
1604,53821
1605,59808
1606,47378
1607,39653
1608,17170
1609,72682
1610,71264
1611,57859
1612,60780
1613,68843
1614,38084
1615,48815
1616,50293
1617,62660
1618,19798
1619,72962
1620,6950
1621,9197
1622,58578
1623,38930
1624,52087
1625,54686
1626,45820
1627,22537
1628,28653
1629,25524
1630,35069
1631,53365
1632,14080
1633,17258
1634,52169
1635,36080
1636,37016
1637,21105
1638,66031
1639,1151
1640,23427
1641,18146
1642,11421
1643,44506
1644,77948
1645,60207
1646,28348
1647,61837
1648,38952
1649,48566
1650,9703
1651,19628
1652,18685
1653,29309
1654,49899
1655,72728
1656,17091
1657,1757
1658,26525
1659,26113
1660,65369
1661,48763
1662,58944
1663,3901
1664,24815
1665,64119
1666,54550
1667,14617
1668,1438
1669,35563
1670,64953
1671,28475
1672,66650
1673,6271
1674,61051
1675,22976
1676,28502
1677,70026
1678,704
1679,52908
1680,20439
1681,61252
1682,78512
1683,26618
1684,73774
1685,20287
1686,17113
1687,74326
1688,53255
1689,54492
1690,177
1691,32484
1692,41847
1693,71511
1694,74747
1695,75815
1696,31260
1697,60579
1698,16480
1699,13785
1700,72857
1701,22123
1702,70109
1703,41054
1704,33672
1705,55338
1706,43307
1707,72666
1708,1336
1709,34676
1710,51846
1711,1972
1712,34460
1713,64654
1714,36135
1715,3410
1716,11898
1717,44457
1718,76611
1719,62340
1720,1410
1721,3070
1722,23874
1723,73860
1724,26325
1725,8019
1726,50656
1727,10036
1728,8768
1729,63435
1730,29963
1731,45991
1732,37710
1733,40412
1734,5024
1735,57366
1736,18951
1737,75937
1738,63207
1739,8369
1740,42872
1741,39224
1742,74497
1743,9024
1744,71386
1745,1335
1746,53671
1747,70010
1748,6335
1749,67566
1750,6908
1751,73122
1752,9970
1753,66522
1754,23738
1755,70465
1756,36124
1757,31897
1758,12027
1759,52446
1760,7160
1761,62609
1762,58807
1763,3200
1764,38025
1765,56185
1766,50497
1767,73827
1768,13754
1769,40799
1770,10865
1771,34964
1772,20239
1773,32675
1774,11071
1775,44588
1776,23641
1777,26001
1778,37367
1779,39767
1780,60297
1781,13975
1782,6379
1783,5234
1784,20893
1785,64423
1786,19824
1787,42054
1788,17877
1789,78548
1790,65573
1791,70876
1792,54583
1793,29051
1794,20936
1795,48336
1796,26111
1797,36145
1798,11714
1799,17471
1800,46046
1801,50287
1802,52986
1803,49482
1804,71203
1805,66423
1806,11366
1807,17049
1808,36957
1809,17554
1810,45539
1811,11461
1812,48909
1813,62743
1814,64177
1815,49149
1816,43020
1817,64574
1818,34673
1819,30620
1820,53380
1821,31921
1822,56260
1823,23723
1824,5894
1825,76261
1826,35553
1827,4833
1828,63252
1829,39211
1830,71444
1831,25474
1832,19029
1833,58800
1834,31411
1835,62357
1836,53525
1837,73433
1838,278
1839,66347
1840,26878
1841,31297
1842,32065
1843,19864
1844,16096
1845,65681
1846,387
1847,60981
1848,46634
1849,21406
1850,55679
1851,7185
1852,7339
1853,57996
1854,72588
1855,75966
1856,8147
1857,67976
1858,27299
1859,34268
1860,57927
1861,71374
1862,17511
1863,67389
1864,56858
1865,4550
1866,52047
1867,57621
1868,31533
1869,53240
1870,32786
1871,77236
1872,31416
1873,4369
1874,43187
1875,78924
1876,35503
1877,42073
1878,8985
1879,21220
1880,54465
1881,61454
1882,29485
1883,67156
1884,75017
1885,3734
1886,14876
1887,13189
1888,64256
1889,20224
1890,24618
1891,31509
1892,10382
1893,28420
1894,67678
1895,16240
1896,61333
1897,25111
1898,45867
1899,19300
1900,51007
1901,13328
1902,62326
1903,72970
1904,58354
1905,54274
1906,74689
1907,67721
1908,65993
1909,67270
1910,14265
1911,16640
1912,23155
1913,20652
1914,66536
1915,13810
1916,39697
1917,51849
1918,11365
1919,65995
1920,6787
1921,24993
1922,73844
1923,11376
1924,22895
1925,55964
1926,14199
1927,68509
1928,22715
1929,52864
1930,61550
1931,20914
1932,6084
1933,65113
1934,48338
1935,51040
1936,20600
1937,43567
1938,21892
1939,42630
1940,16224
1941,23484
1942,68533
1943,73176
1944,35835
1945,56814
1946,49185
1947,45440
1948,13919
1949,4808
1950,53253
1951,26347
1952,77241
1953,8694
1954,1941
1955,22179
1956,2270
1957,27275
1958,16521
1959,60741
1960,42821
1961,71756
1962,3245
1963,68923
1964,4705
1965,33294
1966,62378
1967,67621
1968,55120
1969,66542
1970,78793
1971,11071
1972,25268
1973,32601
1974,66284
1975,4739
1976,43002
1977,56424
1978,59467
1979,15302
1980,8019
1981,8226
1982,5098
1983,33260
1984,59566
1985,18583
1986,7414
1987,38767
1988,29142
1989,36546
1990,17233
1991,26355
1992,31488
1993,3191
1994,5571
1995,48017
1996,41477
1997,30906
1998,6848
1999,17252
2000,1374
2001,29485
2002,51322
2003,39582
2004,67680
2005,64530
2006,67067
2007,37014
2008,73436
2009,8615
2010,2876
2011,77228
2012,16244
2013,30757
2014,55998
2015,71730
2016,4214
2017,59713
2018,24756
2019,65895
2020,27429
2021,32210
2022,27188
2023,39427
2024,43852
2025,40237
2026,39274
2027,16400
2028,17284
2029,25332
2030,26452
2031,19563
2032,74421
2033,43625
2034,50081
2035,58019
2036,43774
2037,44611
2038,36365
2039,12416
2040,6973
2041,6732
2042,43504
2043,70423
2044,24929
2045,61757
2046,40224
2047,77552
2048,72764
2049,52398
2050,9120
2051,72145
2052,78606
2053,57880
2054,25024
2055,74953
2056,654
2057,32618
2058,22848
2059,25908
2060,28431
2061,24757
2062,31840
2063,63940
2064,44330
2065,29416
2066,52099
2067,36339
2068,10568
2069,43158
2070,55477
2071,39128
2072,16207
2073,77816
2074,8186
2075,72760
2076,11060
2077,77713
2078,61539
2079,75762
2080,45989
2081,63303
2082,28141
2083,26797
2084,24147
2085,39031
2086,60965
2087,65145
2088,27913
2089,41755
2090,54740
2091,26337
2092,58197
2093,34260
2094,23978
2095,22927
2096,70131
2097,20857
2098,7731
2099,42243
2100,46317
2101,64129
2102,59438
2103,1359
2104,43024
2105,76028
2106,6800
2107,5063
2108,53921
2109,12785
2110,69718
2111,28094
2112,46459
2113,76480
2114,39156
2115,49208
2116,22176
2117,41196
2118,30391
2119,71036
2120,54358
2121,52870
2122,15993
2123,10810
2124,7073
2125,64251
2126,67788
2127,71391
2128,21715
2129,64468
2130,58902
2131,36531
2132,51123
2133,49935
2134,51787
2135,20053
2136,4655
2137,24329
2138,57602
2139,68993
2140,58744
2141,66145
2142,28318
2143,61031
2144,37250
2145,22445
2146,25638
2147,34803
2148,25763
2149,39430
2150,74358
2151,56021
2152,15032
2153,5918
2154,53931
2155,6001
2156,55502
2157,61625
2158,47676
2159,33982
2160,4634
2161,18019
2162,70981
2163,21248
2164,36157
2165,26028
2166,9602
2167,3682
2168,71005
2169,5546
2170,59720
2171,4596
2172,45773
2173,10703
2174,61293
2175,45816
2176,54448
2177,35253
2178,24641
2179,195
2180,8546
2181,13033
2182,18701
2183,63559
2184,59151
2185,25312
2186,3572
2187,56039
2188,76044
2189,76718
2190,43537
2191,38996
2192,23403
2193,43968
2194,63530
2195,62828
2196,55327
2197,67867
2198,70226
2199,42261
2200,67495
2201,16153
2202,52183
2203,15276
2204,71090
2205,34237
2206,25990
2207,62831
2208,75490
2209,13913
2210,23641
2211,26166
2212,24303
2213,13708
2214,12101
2215,28794
2216,76769
2217,10793
2218,23634
2219,73131
2220,63257
2221,71068
2222,32099
2223,61017
2224,43608
2225,41142
2226,73284
2227,17632
2228,53169
2229,21029
2230,49452
2231,64901
2232,18997
2233,60407
2234,51692
2235,72145
2236,35130
2237,37023
2238,14475
2239,77759
2240,36848
2241,35021
2242,43380
2243,77191
2244,52899
2245,25521
2246,71766
2247,78147
2248,60992
2249,13181
2250,35498
2251,52807
2252,41162
2253,20048
2254,68099
2255,28311
2256,76099
2257,15802
2258,55966
2259,17016
2260,184
2261,55796
2262,32512
2263,63235
2264,33125
2265,66279
2266,40894
2267,49967
2268,42310
2269,10966
2270,51246
2271,75226
2272,77637
2273,78542
2274,34103
2275,15047
2276,53695
2277,13047
2278,56509
2279,50658
2280,25802
2281,1660
2282,37491
2283,24863
2284,66067
2285,38599
2286,71389
2287,75386
2288,32183
2289,43244
2290,16219
2291,18523
2292,78753
2293,23366
2294,10282
2295,46157
2296,36505
2297,9789
2298,65530
2299,17194
2300,35181
2301,43687
2302,37852
2303,68904
2304,14749
2305,11675
2306,53341
2307,70822
2308,70907
2309,70795
2310,61526
2311,3360
2312,76494
2313,74294
2314,4217
2315,52414
2316,10843
2317,65988
2318,8639
2319,6195
2320,17424
2321,72074
2322,53622
2323,37827
2324,31765
2325,52656
2326,28236
2327,79018
2328,35165
2329,54673
2330,1842
2331,13984
2332,11747
2333,18267
2334,13235
2335,40637
2336,9265
2337,17566
2338,40097
2339,60191
2340,38577
2341,20923
2342,49809
2343,50561
2344,15044
2345,639
2346,22158
2347,50962
2348,25353
2349,1713
2350,47225
2351,19226
2352,45052
2353,34890
2354,25361
2355,18861
2356,323
2357,21123
2358,22198
2359,35705
2360,811
2361,34721
2362,26638
2363,78291
2364,23768
2365,41316
2366,9415
2367,9968
2368,40485
2369,58723
2370,57382
2371,7244
2372,6722
2373,68997
2374,17173
2375,27657
2376,42960
2377,73105
2378,15554
2379,20571
2380,60213
2381,67281
2382,23178
2383,58918
2384,78505
2385,57232
2386,12910
2387,9136
2388,16482
2389,64977
2390,29534
2391,26764
2392,21287
2393,51674
2394,43091
2395,26032
2396,77568
2397,29124
2398,78678
2399,16226
2400,3229
2401,69145
2402,61392
2403,53082
2404,56820
2405,63816
2406,17446
2407,26526
2408,50134
2409,45114
2410,66829
2411,15717
2412,10290
2413,41198
2414,78049
2415,6901
2416,14002
2417,11387
2418,11175
2419,67971
2420,56719
2421,23095
2422,75254
2423,22627
2424,26193
2425,43604
2426,41748
2427,8491
2428,58210
2429,74029
2430,12767
2431,48750
2432,14573
2433,760
2434,1757
2435,26146
2436,9789
2437,43512
2438,8339
2439,68542
2440,10009
2441,2587
2442,21204
2443,4175
2444,56741
2445,59731
2446,16156
2447,40198
2448,26448
2449,62284
2450,37024
2451,9544
2452,47900
2453,71752
2454,47273
2455,42927
2456,65885
2457,27848
2458,2523
2459,709
2460,20689
2461,4991
2462,26578
2463,25233
2464,26530
2465,69658
2466,73022
2467,78546
2468,60503
2469,9120
2470,55860
2471,74308
2472,6795
2473,17578
2474,37749
2475,69457
2476,78876
2477,48371
2478,73108
2479,36983
2480,29356
2481,5419
2482,48354
2483,68079
2484,13100
2485,35630
2486,15002
2487,24791
2488,48543
2489,66796
2490,38405
2491,62651
2492,17101
2493,18262
2494,69088
2495,69585
2496,19503
2497,3086
2498,56107
2499,11950
2500,38085
2501,27432
2502,10143
2503,57619
2504,19563
2505,49301
2506,53740
2507,29355
2508,44420
2509,14935
2510,39658
2511,71914
2512,27977
2513,30898
2514,29605
2515,35133
2516,77891
2517,45353
2518,7283
2519,4787
2520,39425
2521,34147
2522,68755
2523,51279
2524,32762
2525,20957
2526,40741
2527,41400
2528,58220
2529,11661
2530,21356
2531,67841
2532,19782
2533,15046
2534,74521
2535,18595
2536,52655
2537,11347
2538,61622
2539,78614
2540,32411
2541,19761
2542,74184
2543,70722
2544,50435
2545,27295
2546,43270
2547,67554
2548,4555
2549,38673
2550,72913
2551,65884
2552,36507
2553,40865
2554,55284
2555,56217
2556,29064
2557,7268
2558,18498
2559,33896
2560,32046
2561,23195
2562,42394
2563,27774
2564,138
2565,59685
2566,64128
2567,1099
2568,20400
2569,46591
2570,35869
2571,28198
2572,4235
2573,43419
2574,77711
2575,14389
2576,49249
2577,23518
2578,2126
2579,78643
2580,67358
2581,49521
2582,71374
2583,2964
2584,16961
2585,44606
2586,9754
2587,60882
2588,32234
2589,73563
2590,39242
2591,73408
2592,73314
2593,21046
2594,71787
2595,31975
2596,76383
2597,16780
2598,16573
2599,29339
2600,8193
2601,13755
2602,64742
2603,72202
2604,1829
2605,9983
2606,53652
2607,76520
2608,33014
2609,58230
2610,45480
2611,10581
2612,64507
2613,34312
2614,52116
2615,43469
2616,49178
2617,63612
2618,44877
2619,1359
2620,48621
2621,67278
2622,4832
2623,51239
2624,74608
2625,32556
2626,5087
2627,31115
2628,34378
2629,71169
2630,10717
2631,77694
2632,57993
2633,37904
2634,40797
2635,6757
2636,40178
2637,67480
2638,9223
2639,16895
2640,43708
2641,53715
2642,52531
2643,28506
2644,46002
2645,54192
2646,37548
2647,20498
2648,18359
2649,68326
2650,20744
2651,14060
2652,20152
2653,19434
2654,77342
2655,16620
2656,28453
2657,26181
2658,24119
2659,2046
2660,78867
2661,41811
2662,75004
2663,38971
2664,43749
2665,29830
2666,48387
2667,61673
2668,61426
2669,11737
2670,38790
2671,31791
2672,12978
2673,64606
2674,2025
2675,12746
2676,36421
2677,48569
2678,6062
2679,34004
2680,48549
2681,60657
2682,3266
2683,7667
2684,51786
2685,39296
2686,9009
2687,54877
2688,4983
2689,34655
2690,1141
2691,56749
2692,59614
2693,54516
2694,1232
2695,72155
2696,2653
2697,9851
2698,64379
2699,42237
2700,63068
2701,12050
2702,58589
2703,38851
2704,71558
2705,46876
2706,54901
2707,2067
2708,29675
2709,4838
2710,37486
2711,63634
2712,12413
2713,45644
2714,50514
2715,64524
2716,1960
2717,60211
2718,27775
2719,61930
2720,26645
2721,74023
2722,59873
2723,21383
2724,55455
2725,23954
2726,3730
2727,52062
2728,12337
2729,18955
2730,40414
2731,31164
2732,39555
2733,19321
2734,68187
2735,29003
2736,16103
2737,40202
2738,9556
2739,53470
2740,29943
2741,63080
2742,43692
2743,50498
2744,9183
2745,17801
2746,76898
2747,46729
2748,59129
2749,69011
2750,45647
2751,15566
2752,54613
2753,41706
2754,27124
2755,71653
2756,8756
2757,24405
2758,9464
2759,77436
2760,41468
2761,32360
2762,19525
2763,42531
2764,19898
2765,68751
2766,44860
2767,32592
2768,37936
2769,535
2770,64431
2771,70842
2772,44866
2773,69062
2774,12587
2775,18815
2776,65806
2777,6709
2778,71174
2779,19088
2780,25470
2781,21763
2782,8249
2783,414
2784,16987
2785,48465
2786,75615
2787,37955
2788,39127
2789,7342
2790,2499
2791,33113
2792,67995
2793,74414
2794,10522
2795,77749
2796,37047
2797,59003
2798,4713
2799,39600
2800,68983
2801,44880
2802,54135
2803,9331
2804,32566
2805,41358
2806,33550
2807,77872
2808,17164
2809,32429
2810,65945
2811,12805
2812,42222
2813,11570
2814,11273
2815,7332
2816,39908
2817,39990
2818,55902
2819,3539
2820,62714
2821,48392
2822,75025
2823,77859
2824,67482
2825,19714
2826,13278
2827,78258
2828,37454
2829,16101
2830,26881
2831,21350
2832,35613
2833,62091
2834,60927
2835,50738
2836,32242
2837,27598
2838,26189
2839,59540
2840,61890
2841,44852
2842,50644
2843,44125
2844,69313
2845,38509
2846,78552
2847,28839
2848,50447
2849,38287
2850,15023
2851,55522
2852,62327
2853,38469
2854,6934
2855,50470
2856,50137
2857,78384
2858,48421
2859,8897
2860,36610
2861,31709
2862,1048
2863,31865
2864,9779
2865,33503
2866,66888
2867,11163
2868,8137
2869,64452
2870,22084
2871,77263
2872,2239
2873,30714
2874,30655
2875,5759
2876,50825
2877,74582
2878,2419
2879,32890
2880,878
2881,306
2882,41582
2883,61244
2884,29533
2885,36071
2886,50567
2887,2604
2888,72348
2889,16156
2890,59189
2891,11672
2892,32261
2893,11704
2894,28663
2895,67377
2896,9339
2897,42574
2898,64819
2899,64693
2900,52007
2901,77482
2902,59272
2903,22180
2904,52228
2905,43729
2906,42259
2907,48222
2908,32945
2909,18938
2910,4944
2911,24835
2912,47876
2913,15223
2914,62211
2915,44749
2916,876
2917,38047
2918,43567
2919,46367
2920,58161
2921,70947
2922,17877
2923,40430
2924,31234
2925,6537
2926,2698
2927,52446
2928,36505
2929,7656
2930,5553
2931,9062
2932,69589
2933,29263
2934,1819
2935,2530
2936,45564
2937,11365
2938,856
2939,10676
2940,25478
2941,66569
2942,27333
2943,3130
2944,35886
2945,27042
2946,27021
2947,10679
2948,28357
2949,69905
2950,55974
2951,55685
2952,50620
2953,21995
2954,55251
2955,23733
2956,66877
2957,49889
2958,12858
2959,30645
2960,78826
2961,3895
2962,8037
2963,61522
2964,2429
2965,69359
2966,60479
2967,32746
2968,68840
2969,35712
2970,64025
2971,17101
2972,73760
2973,72837
2974,55935
2975,60722
2976,21210
2977,36846
2978,46873
2979,69126
2980,13203
2981,55197
2982,46911
2983,4647
2984,8486
2985,36640
2986,29078
2987,12068
2988,68465
2989,28938
2990,34137
2991,59797
2992,10740
2993,76104
2994,58521
2995,69456
2996,31809
2997,57142
2998,70118
2999,18908
3000,61627
3001,41582
3002,1660
3003,18812
3004,38557
3005,6417
3006,39016
3007,59612
3008,39827
3009,42085
3010,32681
3011,58019
3012,26939
3013,54407
3014,50145
3015,24480
3016,72800
3017,66585
3018,73499
3019,29118
3020,30763
3021,68492
3022,52118
3023,56101
3024,76463
3025,3288
3026,34197
3027,76963
3028,41974
3029,36952
3030,6683
3031,47952
3032,61231
3033,49674
3034,25551
3035,26974
3036,65832
3037,7672
3038,68074
3039,66020
3040,10077
3041,22520
3042,68465
3043,54103
3044,3977
3045,60460
3046,46595
3047,74191
3048,27307
3049,44829
3050,23559
3051,24486
3052,40864
3053,19606
3054,50569
3055,69436
3056,50957
3057,63153
3058,2022
3059,69518
3060,38356
3061,37885
3062,40679
3063,30382
3064,14970
3065,70141
3066,39171
3067,41318
3068,76624
3069,48120
3070,66037
3071,52294
3072,61342
3073,22130
3074,38673
3075,40190
3076,11363
3077,70692
3078,43166
3079,32389
3080,50382
3081,15204
3082,41267
3083,36511
3084,20774
3085,48418
3086,67053
3087,21216
3088,44379
3089,25231
3090,28030
3091,44237
3092,12452
3093,35231
3094,20233
3095,8161
3096,16903
3097,64954
3098,12469
3099,74803
3100,44311
3101,29756
3102,10227
3103,23546
3104,19122
3105,74020
3106,27266
3107,10132
3108,16626
3109,63238
3110,38567
3111,45505
3112,70614
3113,51746
3114,77218
3115,71148
3116,31710
3117,466
3118,47180
3119,60861
3120,48356
3121,75712
3122,35233
3123,71975
3124,74358
3125,14265
3126,53745
3127,31788
3128,62386
3129,20096
3130,45445
3131,40382
3132,75597
3133,70855
3134,33622
3135,58236
3136,51597
3137,7168
3138,14090
3139,60567
3140,17217
3141,73926
3142,57258
3143,63530
3144,40855
3145,37513
3146,15496
3147,8373
3148,3159
3149,26498
3150,16815
3151,21223
3152,11466
3153,48850
3154,64232
3155,2800
3156,72818
3157,74659
3158,63281
3159,14610
3160,24465
3161,34742
3162,8680
3163,17955
3164,12162
3165,58587
3166,45086
3167,11614
3168,57074
3169,15015
3170,78960
3171,26727
3172,3013
3173,31525
3174,44768
3175,74480
3176,33323
3177,62084
3178,67576
3179,55627
3180,21112
3181,40965
3182,46726
3183,51052
3184,53190
3185,46651
3186,17340
3187,346
3188,51810
3189,6232
3190,63532
3191,26267
3192,15965
3193,9096
3194,52169
3195,33163
3196,43971
3197,65901
3198,19158
3199,41928
3200,52753
3201,28704
3202,54334
3203,48783
3204,74078
3205,30465
3206,37966
3207,53614
3208,51943
3209,48413
3210,65806
3211,60944
3212,23253
3213,64396
3214,38206
3215,38602
3216,39747
3217,76151
3218,31546
3219,59941
3220,23645
3221,27209
3222,24107
3223,6516
3224,72199
3225,1416
3226,32022
3227,59502
3228,20105
3229,56988
3230,74029
3231,78258
3232,62701
3233,24230
3234,19937
3235,66046
3236,42064
3237,36277
3238,63548
3239,60540
3240,39917
3241,12697
3242,18645
3243,57920
3244,65008
3245,64371
3246,70547
3247,16274
3248,17333
3249,72689
3250,39204
3251,71373
3252,22191
3253,78224
3254,58555
3255,33062
3256,61135
3257,46200
3258,33366
3259,15217
3260,17577
3261,54550
3262,46674
3263,825
3264,2226
3265,31515
3266,36306
3267,18302
3268,24771
3269,33932
3270,53580
3271,27148
3272,37791
3273,7635
3274,22415
3275,66036
3276,69783
3277,59129
3278,24465
3279,69485
3280,46075
3281,38083
3282,43720
3283,68491
3284,68137
3285,43829
3286,66248
3287,14903
3288,9927
3289,55903
3290,46531
3291,52920
3292,27370
3293,23809
3294,67572
3295,42333
3296,23148
3297,55252
3298,42836
3299,68765
3300,75796
3301,15200
3302,74632
3303,51373
3304,28323
3305,63441
3306,46429
3307,43399
3308,68109
3309,60804
3310,20043
3311,47540
3312,54963
3313,65242
3314,8676
3315,44334
3316,43301
3317,35380
3318,7745
3319,4407
3320,18317
3321,43845
3322,34130
3323,28368
3324,34343
3325,67278
3326,16927
3327,73159
3328,60745
3329,33172
3330,28434
3331,15751
3332,74380
3333,72248
3334,71244
3335,63312
3336,18231
3337,19482
3338,52315
3339,65164
3340,56665
3341,53801
3342,45600
3343,77425
3344,38851
3345,30645
3346,24782
3347,50299
3348,7269
3349,19324
3350,9465
3351,33655
3352,61326
3353,67919
3354,12490
3355,48632
3356,15320
3357,39596
3358,2003
3359,62144
3360,24188
3361,18421
3362,28680
3363,70631
3364,64597
3365,18119
3366,58611
3367,8619
3368,41477
3369,6585
3370,33218
3371,3991
3372,9962
3373,37891
3374,6488
3375,40056
3376,30740
3377,950
3378,36552
3379,73941
3380,29598
3381,64300
3382,53081
3383,54324
3384,4775
3385,29990
3386,57394
3387,24523
3388,78479
3389,26930
3390,48899
3391,22627
3392,13690
3393,11488
3394,49973
3395,55991
3396,5990
3397,15681
3398,11714
3399,3604
3400,16149
3401,73612
3402,1379
3403,53155
3404,47051
3405,78608
3406,25200
3407,38663
3408,4489
3409,8354
3410,28675
3411,69279
3412,20078
3413,48420
3414,41499
3415,11245
3416,50801
3417,19326
3418,53877
3419,52763
3420,32061
3421,26865
3422,33131
3423,72066
3424,75223
3425,60094
3426,32268
3427,28267
3428,11984
3429,10603
3430,71154
3431,63256
3432,3166
3433,46436
3434,46170
3435,41434
3436,26121
3437,14958
3438,21152
3439,72280
3440,2516
3441,29675
3442,4066
3443,75703
3444,63246
3445,57056
3446,16348
3447,57796
3448,24901
3449,50050
3450,28511
3451,5404
3452,20513
3453,22926
3454,64583
3455,70454
3456,40970
3457,33883
3458,16280
3459,68891
3460,31129
3461,73958
3462,26797
3463,33107
3464,30218
3465,45429
3466,1511
3467,35254
3468,38139
3469,23559
3470,11044
3471,60456
3472,33411
3473,39913
3474,72712
3475,38873
3476,20176
3477,24381
3478,41785
3479,49775
3480,21447
3481,68289
3482,57398
3483,9461
3484,52169
3485,50707
3486,43105
3487,19835
3488,37992
3489,28020
3490,9803
3491,46706
3492,52354
3493,60672
3494,22986
3495,56354
3496,55547
3497,63872
3498,49248
3499,22179
3500,56892
3501,51530
3502,21586
3503,38401
3504,35707
3505,4187
3506,6933
3507,55029
3508,10305
3509,74107
3510,71213
3511,59839
3512,10431
3513,6649
3514,32216
3515,22645
3516,54569
3517,35293
3518,19836
3519,76182
3520,26274
3521,58170
3522,78341
3523,73450
3524,48325
3525,27956
3526,23029
3527,25773
3528,8490
3529,45634
3530,25792
3531,591
3532,50808
3533,28813
3534,30642
3535,13777
3536,43783
3537,47126
3538,56579
3539,61726
3540,18474
3541,48669
3542,72947
3543,33619
3544,65615
3545,50722
3546,49580
3547,66120
3548,60327
3549,76961
3550,22662
3551,6954
3552,20013
3553,3421
3554,19320
3555,18086
3556,45870
3557,50806
3558,69520
3559,14148
3560,10049
3561,37794
3562,50520
3563,29478
3564,5918
3565,30105
3566,49051
3567,26966
3568,76528
3569,17761
3570,76279
3571,57665
3572,56155
3573,3615
3574,17245
3575,11679
3576,43558
3577,39123
3578,6347
3579,36017
3580,29133
3581,2680
3582,23417
3583,12867
3584,37389
3585,26606
3586,21304
3587,36162
3588,10286
3589,22291
3590,61166
3591,53598
3592,56265
3593,57229
3594,50382
3595,77348
3596,40459
3597,25674
3598,13609
3599,27549
3600,61532
3601,9802
3602,58244
3603,75335
3604,56351
3605,62687
3606,30882
3607,53005
3608,54543
3609,50442
3610,34342
3611,6910
3612,39253
3613,22449
3614,51990
3615,50165
3616,75010
3617,64525
3618,28300
3619,35674
3620,70296
3621,24441
3622,2706
3623,27705
3624,19587
3625,48562
3626,19669
3627,22268
3628,54656
3629,68005
3630,35475
3631,26374
3632,53029
3633,70145
3634,27245
3635,47291
3636,39810
3637,55474
3638,33128
3639,4018
3640,38290
3641,27908
3642,73222
3643,1379
3644,44415
3645,13964
3646,4388
3647,63666
3648,44460
3649,36038
3650,50318
3651,41551
3652,6651
3653,54447
3654,10623
3655,19438
3656,46393
3657,65344
3658,3234
3659,46189
3660,67236
3661,35841
3662,60563
3663,72554
3664,21757
3665,20978
3666,2979
3667,49887
3668,61109
3669,1040
3670,58583
3671,65708
3672,68294
3673,19193
3674,64894
3675,47896
3676,43753
3677,24380
3678,55894
3679,17820
3680,12737
3681,27667
3682,78768
3683,23661
3684,49953
3685,52786
3686,39631
3687,23406
3688,40935
3689,28851
3690,50711
3691,35035
3692,13647
3693,13462
3694,77850
3695,55611
3696,75990
3697,15891
3698,15449
3699,50260
3700,74064
3701,44464
3702,9284
3703,56587
3704,25888
3705,50751
3706,19678
3707,29470
3708,22120
3709,4234
3710,50233
3711,6125
3712,14064
3713,50699
3714,52058
3715,20477
3716,47561
3717,8638
3718,31629
3719,31474
3720,13119
3721,48287
3722,69549
3723,25626
3724,70981
3725,9490
3726,25569
3727,78524
3728,31990
3729,67667
3730,20134
3731,670
3732,40270
3733,46065
3734,4800
3735,40862
3736,43234
3737,71728
3738,23853
3739,37135
3740,66331
3741,40179
3742,22980
3743,64907
3744,35373
3745,76513
3746,78750
3747,5893
3748,10303
3749,78370
3750,45777
3751,48148
3752,684
3753,50953
3754,76874
3755,23233
3756,34123
3757,33116
3758,44672
3759,66229
3760,43366
3761,27750
3762,63554
3763,36071
3764,3995
3765,55709
3766,74722
3767,65360
3768,31187
3769,31079
3770,917
3771,19157
3772,41398
3773,31986
3774,23132
3775,7817
3776,18521
3777,20265
3778,53024
3779,59967
3780,3354
3781,54210
3782,48407
3783,28640
3784,55548
3785,38212
3786,24888
3787,70984
3788,72435
3789,2025
3790,27613
3791,31066
3792,4467
3793,31931
3794,20454
3795,27751
3796,36397
3797,6970
3798,20145
3799,14181
3800,50822
3801,50027
3802,58286
3803,59134
3804,13075
3805,43208
3806,35563
3807,60823
3808,9214
3809,10189
3810,65460
3811,35132
3812,75326
3813,75155
3814,5354
3815,19755
3816,74277
3817,8549
3818,17969
3819,8916
3820,19827
3821,69864
3822,7749
3823,53784
3824,13463
3825,10460
3826,31849
3827,77255
3828,71005
3829,49908
3830,64579
3831,610
3832,43483
3833,15443
3834,66999
3835,66076
3836,55411
3837,55178
3838,31962
3839,50407
3840,63059
3841,3205
3842,72852
3843,67469
3844,60724
3845,43144
3846,38860
3847,41759
3848,15285
3849,59431
3850,77992
3851,36792
3852,35449
3853,62578
3854,18968
3855,38434
3856,5268
3857,45488
3858,4173
3859,15190
3860,5815
3861,73418
3862,21325
3863,69014
3864,25338
3865,61690
3866,60599
3867,50730
3868,63839
3869,22802
3870,70356
3871,50625
3872,60269
3873,45285
3874,35371
3875,55647
3876,22599
3877,44868
3878,65115
3879,42872
3880,34172
3881,997
3882,58262
3883,19116
3884,23233
3885,41390
3886,14661
3887,66875
3888,35342
3889,14644
3890,18388
3891,74313
3892,32565
3893,11908
3894,16090
3895,19180
3896,55067
3897,9777
3898,28861
3899,37870
3900,46998
3901,29324
3902,41218
3903,31046
3904,74021
3905,1226
3906,13335
3907,78963
3908,41469
3909,39963
3910,53312
3911,18935
3912,14244
3913,62620
3914,45567
3915,70440
3916,23145
3917,72208
3918,58302
3919,3683
3920,49031
3921,51046
3922,39127
3923,11045
3924,78387
3925,63127
3926,49244
3927,44399
3928,38737
3929,74850
3930,45658
3931,16191
3932,12637
3933,69119
3934,6984
3935,6583
3936,6907
3937,59859
3938,41242
3939,72448
3940,39435
3941,51977
3942,58938
3943,34302
3944,63593
3945,9034
3946,27381
3947,49745
3948,11423
3949,36254
3950,51129
3951,19849
3952,54935
3953,62484
3954,66673
3955,43828
3956,42927
3957,1871
3958,64332
3959,58204
3960,37506
3961,36381
3962,26599
3963,36362
3964,27004
3965,44899
3966,2846
3967,34630
3968,24493
3969,15084
3970,19616
3971,15843
3972,62284
3973,60823
3974,13987
3975,34123
3976,59698
3977,53704
3978,46276
3979,27117
3980,57339
3981,40646
3982,58094
3983,4024
3984,34540
3985,19174
3986,29645
3987,57765
3988,26130
3989,23959
3990,230
3991,20094
3992,68583
3993,50843
3994,51926
3995,24713
3996,30287
3997,56320
3998,28502
3999,20749
4000,7411
4001,782
4002,32252
4003,66050
4004,77828
4005,65507
4006,3942
4007,3164
4008,35172
4009,5961
4010,6290
4011,63166
4012,27648
4013,67253
4014,72959
4015,71884
4016,56731
4017,17686
4018,70708
4019,40576
4020,77435
4021,66855
4022,74109
4023,60619
4024,53469
4025,1636
4026,19943
4027,63352
4028,76459
4029,55196
4030,4797
4031,26137
4032,30155
4033,34848
4034,67124
4035,39958
4036,54028
4037,38636
4038,78462
4039,48987
4040,20304
4041,26020
4042,58181
4043,23456
4044,69338
4045,73826
4046,50663
4047,34170
4048,19954
4049,41084
4050,50029
4051,29332
4052,41559
4053,69844
4054,61974
4055,68846
4056,32076
4057,18003
4058,47966
4059,39139
4060,63399
4061,31960
4062,13980
4063,51359
4064,42323
4065,43531
4066,34990
4067,62594
4068,38404
4069,47201
4070,62272
4071,4543
4072,14686
4073,11213
4074,41505
4075,9935
4076,76701
4077,2294
4078,13291
4079,37213
4080,6880
4081,58890
4082,6503
4083,60499
4084,28619
4085,57482
4086,78877
4087,53069
4088,40230
4089,34735
4090,54691
4091,71759
4092,19008
4093,8231
4094,27069
4095,48488
4096,66559
4097,16028
4098,59341
4099,3056
4100,67902
4101,10301
4102,44230
4103,78204
4104,78567
4105,23273
4106,9739
4107,44322
4108,25750
4109,70836
4110,8537
4111,45957
4112,48613
4113,32598
4114,55408
4115,29687
4116,25474
4117,18661
4118,1328
4119,68010
4120,68216
4121,45753
4122,20483
4123,13439
4124,13192
4125,32231
4126,51848
4127,47213
4128,35582
4129,2750
4130,46015
4131,68931
4132,24202
4133,56779
4134,51620
4135,44289
4136,38696
4137,53156
4138,57687
4139,46488
4140,57697
4141,70359
4142,24121
4143,14119
4144,54954
4145,72544
4146,19269
4147,20354
4148,46503
4149,29206
4150,70616
4151,14290
4152,78495
4153,25183
4154,63954
4155,38399
4156,11256
4157,24699
4158,44103
4159,222
4160,39946
4161,64342
4162,208
4163,53285
4164,38405
4165,17643
4166,49742
4167,60502
4168,50256
4169,44912
4170,43623
4171,30554
4172,12369
4173,72624
4174,41152
4175,12467
4176,17061
4177,63288
4178,17865
4179,40202
4180,24170
4181,47033
4182,36964
4183,78188
4184,28271
4185,43105
4186,27754
4187,42560
4188,19533
4189,44276
4190,20476
4191,70602
4192,41810
4193,56583
4194,56749
4195,11977
4196,65385
4197,3503
4198,53858
4199,37908
4200,38328
4201,66314
4202,74144
4203,24213
4204,70568
4205,24992
4206,21623
4207,58877
4208,62548
4209,34780
4210,15602
4211,11725
4212,49253
4213,9902
4214,47324
4215,6974
4216,29396
4217,36070
4218,54875
4219,14161
4220,52087
4221,22598
4222,44807
4223,16892
4224,54819
4225,34436
4226,67481
4227,49234
4228,13459
4229,961
4230,50899
4231,22764
4232,31007
4233,61025
4234,20417
4235,28079
4236,47892
4237,13971
4238,15346
4239,32061
4240,37874
4241,24018
4242,66047
4243,11883
4244,36606
4245,17001
4246,41196
4247,15758
4248,12418
4249,24219
4250,44738
4251,8566
4252,45072
4253,15243
4254,74240
4255,37162
4256,26530
4257,22452
4258,27658
4259,51473
4260,27462
4261,10722
4262,73807
4263,39124
4264,71168
4265,40704
4266,66363
4267,11949
4268,10987
4269,16827
4270,50921
4271,30482
4272,71908
4273,62849
4274,10062
4275,8785
4276,66813
4277,59047
4278,19990
4279,49266
4280,75875
4281,32252
4282,24888
4283,66216
4284,75579
4285,3260
4286,56658
4287,16790
4288,73932
4289,33545
4290,33450
4291,2708
4292,52590
4293,25222
4294,15770
4295,61683
4296,51140
4297,42645
4298,27200
4299,6920
4300,37830
4301,64121
4302,30390
4303,2845
4304,49404
4305,65483
4306,73379
4307,61786
4308,19472
4309,77876
4310,63020
4311,48366
4312,67481
4313,24245
4314,31651
4315,54619
4316,65514
4317,9943
4318,27005
4319,22880
4320,1027
4321,8893
4322,50593
4323,37854
4324,1614
4325,66495
4326,9563
4327,18026
4328,36646
4329,15
4330,20310
4331,5221
4332,63512
4333,42524
4334,31063
4335,7049
4336,40241
4337,15252
4338,10963
4339,69883
4340,454
4341,78629
4342,47645
4343,50595
4344,2348
4345,61144
4346,48323
4347,54706
4348,40804
4349,67157
4350,18576
4351,46391
4352,21255
4353,49770
4354,55014
4355,9998
4356,68728
4357,73898
4358,72135
4359,14749
4360,18637
4361,33333
4362,42158
4363,23356
4364,48092
4365,5082
4366,14865
4367,43837
4368,18295
4369,52989
4370,44073
4371,2179
4372,17214
4373,66406
4374,52539
4375,69176
4376,38444
4377,74251
4378,18246
4379,43450
4380,19099
4381,73100
4382,9504
4383,18471
4384,32164
4385,331
4386,54809
4387,26014
4388,46031
4389,71947
4390,65094
4391,72066
4392,40688
4393,52200
4394,65714
4395,35284
4396,16284
4397,37675
4398,4713
4399,67414
4400,7031
4401,41335
4402,23527
4403,25762
4404,10229
4405,18396
4406,77213
4407,45502
4408,63397
4409,74962
4410,57995
4411,61744
4412,13724
4413,73870
4414,25493
4415,31587
4416,73257
4417,57484
4418,2136
4419,21740
4420,67942
4421,8585
4422,38094
4423,40536
4424,28216
4425,34163
4426,61036
4427,53174
4428,14158
4429,25368
4430,13046
4431,15489
4432,3083
4433,15101
4434,56791
4435,57277
4436,29536
4437,50624
4438,61131
4439,21380
4440,14735
4441,31371
4442,27152
4443,49703
4444,25670
4445,27305
4446,26056
4447,22270
4448,62753
4449,9841
4450,7963
4451,15573
4452,40322
4453,33576
4454,10202
4455,18614
4456,51791
4457,45981
4458,18064
4459,24144
4460,1689
4461,42066
4462,67508
4463,23008
4464,78817
4465,1991
4466,70804
4467,12002
4468,78961
4469,50029
4470,7744
4471,5369
4472,66888
4473,5732
4474,48404
4475,73251
4476,36827
4477,44840
4478,6355
4479,53419
4480,63020
4481,43744
4482,52970
4483,34963
4484,37799
4485,61440
4486,19651
4487,62655
4488,54793
4489,6950
4490,78939
4491,38192
4492,8846
4493,23071
4494,71904
4495,12430
4496,21470
4497,34589
4498,15800
4499,36214
4500,6452
4501,7262
4502,27392
4503,51290
4504,54587
4505,24623
4506,8922
4507,45798
4508,46738
4509,74857
4510,67002
4511,8230
4512,26023
4513,18241
4514,28017
4515,38046
4516,29782
4517,27599
4518,76264
4519,41883
4520,61099
4521,56227
4522,9543
4523,52910
4524,32880
4525,22528
4526,71296
4527,15480
4528,33916
4529,37004
4530,51299
4531,66667
4532,67107
4533,45810
4534,65002
4535,54037
4536,60299
4537,63258
4538,62342
4539,40263
4540,6960
4541,77708
4542,49132
4543,5430
4544,4307
4545,69585
4546,40417
4547,10563
4548,48781
4549,30356
4550,52260
4551,71506
4552,49274
4553,6118
4554,52393
4555,52159
4556,46055
4557,7163
4558,64457
4559,34220
4560,72909
4561,37594
4562,50824
4563,54482
4564,48850
4565,18413
4566,4035
4567,7520
4568,21757
4569,22704
4570,19278
4571,11987
4572,76663
4573,39670
4574,52325
4575,58727
4576,19192
4577,7359
4578,60850
4579,61271
4580,55324
4581,52231
4582,73418
4583,31874
4584,33802
4585,55163
4586,78863
4587,20173
4588,59986
4589,73672
4590,38913
4591,47698
4592,4124
4593,60450
4594,43787
4595,50222
4596,27355
4597,33342
4598,5873
4599,889
4600,20674
4601,65827
4602,19124
4603,20363
4604,41334
4605,52590
4606,41279
4607,39196
4608,51422
4609,17946
4610,61766
4611,25880
4612,30237
4613,71201
4614,24720
4615,61879
4616,28090
4617,37201
4618,67576
4619,73371
4620,11846
4621,9676
4622,33661
4623,68457
4624,15813
4625,68632
4626,21580
4627,68216
4628,625
4629,1841
4630,73617
4631,61040
4632,33456
4633,24517
4634,77724
4635,15208
4636,19382
4637,17100
4638,51698
4639,5519
4640,6037
4641,59003
4642,4332
4643,6557
4644,77440
4645,72491
4646,60777
4647,4762
4648,20914
4649,77268
4650,18589
4651,8358
4652,26479
4653,7756
4654,3746
4655,75006
4656,54471
4657,26123
4658,7030
4659,9710
4660,75245
4661,10940
4662,42985
4663,51344
4664,76528
4665,19493
4666,36228
4667,73571
4668,38182
4669,5022
4670,17957
4671,40144
4672,35938
4673,71026
4674,50163
4675,76664
4676,13927
4677,23809
4678,52042
4679,29204
4680,16422
4681,69279
4682,61589
4683,52251
4684,61485
4685,41369
4686,53828
4687,33053
4688,19430
4689,72944
4690,41579
4691,47196
4692,74310
4693,39052
4694,40842
4695,33202
4696,56766
4697,51376
4698,25091
4699,73881
4700,11286
4701,4857
4702,5092
4703,62933
4704,46071
4705,28477
4706,38947
4707,78220
4708,15338
4709,33533
4710,62980
4711,35404
4712,52309
4713,11530
4714,25392
4715,31026
4716,44203
4717,46288
4718,52854
4719,66202
4720,34356
4721,15745
4722,31559
4723,72900
4724,44444
4725,26613
4726,12467
4727,40615
4728,69978
4729,76507
4730,33078
4731,76780
4732,34297
4733,38591
4734,59417
4735,78915
4736,31548
4737,5242
4738,17784
4739,8965
4740,40648
4741,42489
4742,19830
4743,18066
4744,47430
4745,76314
4746,43509
4747,6304
4748,7134
4749,28354
4750,63770
4751,55216
4752,19104
4753,66626
4754,45881
4755,49713
4756,14726
4757,58759
4758,56048
4759,74472
4760,74194
4761,36317
4762,33824
4763,73646
4764,78714
4765,6202
4766,15751
4767,68425
4768,56222
4769,10669
4770,11128
4771,13442
4772,45246
4773,6799
4774,9470
4775,46659
4776,51133
4777,33656
4778,41741
4779,77667
4780,65305
4781,54312
4782,38391
4783,37242
4784,19086
4785,51041
4786,21436
4787,64207
4788,41965
4789,37991
4790,1758
4791,44605
4792,68803
4793,64547
4794,2873
4795,30500
4796,70440
4797,57594
4798,58273
4799,62058
4800,39393
4801,68770
4802,767
4803,72884
4804,74995
4805,17838
4806,25536
4807,25190
4808,53546
4809,8484
4810,7297
4811,43852
4812,56379
4813,30924
4814,19181
4815,28230
4816,15500
4817,32111
4818,23803
4819,50969
4820,10704
4821,55015
4822,14282
4823,17428
4824,23906
4825,42000
4826,66344
4827,52355
4828,53600
4829,61394
4830,18870
4831,44359
4832,22820
4833,55562
4834,30248
4835,28690
4836,77355
4837,35447
4838,5907
4839,54611
4840,46796
4841,14231
4842,28647
4843,65717
4844,27997
4845,24570
4846,73159
4847,33089
4848,60363
4849,64709
4850,41501
4851,21438
4852,18220
4853,63694
4854,63138
4855,4593
4856,57380
4857,62571
4858,14635
4859,40657
4860,52984
4861,33556
4862,255
4863,44757
4864,33938
4865,21682
4866,21829
4867,68732
4868,62666
4869,48308
4870,30091
4871,19437
4872,77547
4873,73995
4874,12926
4875,40054
4876,39528
4877,69897
4878,49433
4879,52107
4880,57832
4881,3981
4882,782
4883,50745
4884,33730
4885,44533
4886,25203
4887,75727
4888,59105
4889,53108
4890,76641
4891,34155
4892,61616
4893,51184
4894,17418
4895,53381
4896,33169
4897,11985
4898,48056
4899,49953
4900,7419
4901,20111
4902,68501
4903,13244
4904,77878
4905,57671
4906,65158
4907,73197
4908,16532
4909,3163
4910,48605
4911,12964
4912,70037
4913,59584
4914,24164
4915,59697
4916,69855
4917,13174
4918,27038
4919,32321
4920,63543
4921,78914
4922,72435
4923,42639
4924,34170
4925,59465
4926,7721
4927,12733
4928,44985
4929,3738
4930,18938
4931,14713
4932,75077
4933,59057
4934,65787
4935,37262
4936,29867
4937,58302
4938,73245
4939,35248
4940,51182
4941,45065
4942,25966
4943,74805
4944,67971
4945,2890
4946,11324
4947,29547
4948,9597
4949,29067
4950,7742
4951,78887
4952,67504
4953,16103
4954,32263
4955,69536
4956,62723
4957,39181
4958,9473
4959,59179
4960,54237
4961,69784
4962,76493
4963,15422
4964,23866
4965,3110
4966,9973
4967,8093
4968,5462
4969,65012
4970,20422
4971,41905
4972,10715
4973,38071
4974,53472
4975,32544
4976,31950
4977,14396
4978,2194
4979,2016
4980,65163
4981,49701
4982,8615
4983,34801
4984,26381
4985,34425
4986,36776
4987,73087
4988,7460
4989,50724
4990,63277
4991,36338
4992,35402
4993,44654
4994,18282
4995,61064
4996,75464
4997,38946
4998,40355
4999,15554
5000,16540
5001,54697
5002,29396
5003,55781
5004,49833
5005,34172
5006,78670
5007,19492
5008,668
5009,33186
5010,20074
5011,30134
5012,26634
5013,59307
5014,11057
5015,24016
5016,59420
5017,74788
5018,21489
5019,45511
5020,17231
5021,73287
5022,37940
5023,11235
5024,28068
5025,64454
5026,58485
5027,10405
5028,23466
5029,32946
5030,21944
5031,46137
5032,22423
5033,7688
5034,23798
5035,36856
5036,44921
5037,66599
5038,9596
5039,5341
5040,31116
5041,60843
5042,34444
5043,17443
5044,74220
5045,16045
5046,15279
5047,10095
5048,27477
5049,50043
5050,74286
5051,28079
5052,46944
5053,53069
5054,62481
5055,26473
5056,3420
5057,50682
5058,34321
5059,45174
5060,36284
5061,63759
5062,46966
5063,45380
5064,28026
5065,22759
5066,6771
5067,77228
5068,58452
5069,581
5070,68374
5071,46341
5072,490
5073,43420
5074,20901
5075,78631
5076,36032
5077,19232
5078,2881
5079,53702
5080,16019
5081,40331
5082,53634
5083,56661
5084,20859
5085,50095
5086,66940
5087,5569
5088,55955
5089,54549
5090,77758
5091,49136
5092,31953
5093,35040
5094,38146
5095,74569
5096,62653
5097,70057
5098,43122
5099,53460
5100,6959
5101,74523
5102,28326
5103,66122
5104,74204
5105,66024
5106,41973
5107,39410
5108,21681
5109,57495
5110,50607
5111,13260
5112,63236
5113,70655
5114,8681
5115,44795
5116,17741
5117,41555
5118,54876
5119,10542
5120,32269
5121,54801
5122,70441
5123,37165
5124,10581
5125,20266
5126,70434
5127,16542
5128,53159
5129,25916
5130,12988
5131,77534
5132,36174
5133,747
5134,29809
5135,4861
5136,20539
5137,11616
5138,58019
5139,52447
5140,25384
5141,42556
5142,1853
5143,12626
5144,68075
5145,37991
5146,68228
5147,12590
5148,70782
5149,27535
5150,49411
5151,56484
5152,18679
5153,22798
5154,37644
5155,49108
5156,23138
5157,70196
5158,34466
5159,48531
5160,33763
5161,55598
5162,54187
5163,15527
5164,78837
5165,7659
5166,13400
5167,57430
5168,2932
5169,42235
5170,7522
5171,33551
5172,15581
5173,22188
5174,50142
5175,54815
5176,53247
5177,1433
5178,31727
5179,71160
5180,71487
5181,62917
5182,59136
5183,5629
5184,30760
5185,58167
5186,43314
5187,426
5188,6432
5189,27235
5190,65648
5191,3826
5192,57850
5193,32660
5194,5686
5195,35568
5196,78360
5197,64553
5198,33289
5199,34580
5200,22700
5201,1906
5202,38126
5203,62522
5204,22735
5205,3178
5206,47902
5207,63315
5208,2498
5209,13097
5210,53167
5211,45273
5212,9726
5213,29339
5214,30294
5215,56195
5216,70183
5217,9267
5218,62728
5219,28990
5220,4778
5221,44953
5222,66541
5223,72991
5224,47044
5225,10907
5226,76494
5227,77966
5228,33216
5229,58254
5230,25368
5231,77255
5232,35982
5233,45516
5234,41113
5235,29332
5236,16275
5237,61030
5238,63158
5239,65212
5240,17770
5241,74906
5242,31261
5243,40446
5244,74313
5245,76742
5246,60874
5247,10997
5248,52590
5249,35610
5250,3986
5251,62259
5252,16693
5253,75179
5254,58271
5255,9256
5256,22103
5257,37401
5258,68637
5259,41357
5260,8184
5261,55816
5262,14090
5263,74131
5264,817
5265,65428
5266,50094
5267,28738
5268,46456
5269,64021
5270,12207
5271,69651
5272,60424
5273,56048
5274,30821
5275,5531
5276,38040
5277,1437
5278,44846
5279,65976
5280,29659
5281,27176
5282,66433
5283,69505
5284,71914
5285,30892
5286,29930
5287,7039
5288,75634
5289,10623
5290,60063
5291,58977
5292,27653
5293,72193
5294,61402
5295,73516
5296,1434
5297,45893
5298,27399
5299,10438
5300,32635
5301,15064
5302,17818
5303,53486
5304,70133
5305,78639
5306,47345
5307,17091
5308,26426
5309,34818
5310,49996
5311,72069
5312,21897
5313,34528
5314,49663
5315,24774
5316,38779
5317,55771
5318,19131
5319,10304
5320,74935
5321,25146
5322,44249
5323,20436
5324,31796
5325,50232
5326,78087
5327,43127
5328,23967
5329,37136
5330,39343
5331,30483
5332,52385
5333,58807
5334,70529
5335,78500
5336,23951
5337,14579
5338,34423
5339,52888
5340,5408
5341,20035
5342,62737
5343,13767
5344,27344
5345,56887
5346,27767
5347,49405
5348,75161
5349,41531
5350,3171
5351,25244
5352,21309
5353,42474
5354,62737
5355,3036
5356,61424
5357,1154
5358,22436
5359,60851
5360,9460
5361,22133
5362,63551
5363,78440
5364,16646
5365,53523
5366,1845
5367,41485
5368,73022
5369,65214
5370,24206
5371,49878
5372,67879
5373,65826
5374,26684
5375,64149
5376,14584
5377,6046
5378,60475
5379,54901
5380,38123
5381,30578
5382,7727
5383,26598
5384,20425
5385,60291
5386,58787
5387,21592
5388,8689
5389,17057
5390,8637
5391,40536
5392,693
5393,51757
5394,28081
5395,42604
5396,52036
5397,2541
5398,25395
5399,2201
5400,57853
5401,12312
5402,1554
5403,29572
5404,61805
5405,36612
5406,6506
5407,64851
5408,69129
5409,49399
5410,9134
5411,39523
5412,7312
5413,18994
5414,24546
5415,11023
5416,36364
5417,381
5418,58019
5419,61994
5420,11087
5421,69805
5422,76137
5423,8498
5424,2120
5425,24095
5426,32483
5427,48903
5428,28526
5429,46761
5430,78155
5431,49759
5432,5934
5433,65507
5434,11772
5435,71539
5436,11319
5437,63743
5438,65297
5439,12093
5440,66177
5441,30837
5442,54946
5443,63265
5444,46324
5445,61354
5446,65890
5447,28881
5448,54561
5449,25268
5450,50154
5451,50945
5452,17626
5453,77502
5454,14937
5455,46381
5456,57231
5457,78316
5458,45318
5459,20330
5460,16995
5461,32294
5462,68370
5463,36322
5464,57662
5465,23505
5466,9891
5467,18122
5468,41111
5469,74286
5470,41517
5471,26712
5472,61953
5473,37459
5474,51210
5475,29969
5476,71295
5477,65838
5478,59837
5479,10908
5480,78354
5481,56072
5482,31071
5483,34898
5484,17142
5485,25190
5486,31224
5487,41982
5488,10881
5489,57266
5490,70765
5491,68358
5492,36927
5493,42213
5494,27009
5495,77448
5496,54322
5497,69275
5498,21904
5499,43828
5500,72766
5501,1746
5502,43580
5503,57356
5504,33524
5505,68338
5506,21554
5507,32004
5508,78393
5509,20242
5510,59564
5511,64048
5512,1570
5513,19526
5514,66162
5515,39575
5516,76655
5517,74591
5518,43275
5519,1965
5520,64495
5521,45355
5522,4036
5523,71666
5524,49001
5525,12115
5526,25980
5527,1956
5528,58716
5529,10139
5530,26878
5531,25308
5532,36538
5533,50036
5534,40209
5535,24036
5536,23743
5537,40370
5538,68951
5539,551
5540,66973
5541,6011
5542,54465
5543,73398
5544,39658
5545,46778
5546,34347
5547,11030
5548,35419
5549,56991
5550,40552
5551,57399
5552,19828
5553,57954
5554,36980
5555,50147
5556,22263
5557,41890
5558,70657
5559,45820
5560,12635
5561,65959
5562,13516
5563,26297
5564,77735
5565,59026
5566,78484
5567,36227
5568,21401
5569,6856
5570,76529
5571,30655
5572,6376
5573,64640
5574,69998
5575,38629
5576,48126
5577,36787
5578,22561
5579,7561
5580,19306
5581,46709
5582,62943
5583,55675
5584,3180
5585,61520
5586,49354
5587,31690
5588,34667
5589,65316
5590,34921
5591,23685
5592,4882
5593,72804
5594,64862
5595,45420
5596,59169
5597,76226
5598,49226
5599,1329
5600,59410
5601,35863
5602,63989
5603,11519
5604,25458
5605,33905
5606,63199
5607,11975
5608,1555
5609,26594
5610,38105
5611,53315
5612,9795
5613,66397
5614,2968
5615,54935
5616,71418
5617,31483
5618,15258
5619,47872
5620,38055
5621,55852
5622,52925
5623,170
5624,48440
5625,48924
5626,33896
5627,66458
5628,40055
5629,22208
5630,46124
5631,5922
5632,71344
5633,40968
5634,43047
5635,76993
5636,68719
5637,77590
5638,16226
5639,2171
5640,8528
5641,57594
5642,76589
5643,50520
5644,56059
5645,35311
5646,76171
5647,11510
5648,65610
5649,41927
5650,2903
5651,45990
5652,62007
5653,77545
5654,43244
5655,27061
5656,3107
5657,75129
5658,10737
5659,11946
5660,12945
5661,4195
5662,43298
5663,75002
5664,22274
5665,69310
5666,73124
5667,4632
5668,33454
5669,4836
5670,54087
5671,46377
5672,54665
5673,75837
5674,12700
5675,22674
5676,19327
5677,76446
5678,59695
5679,5815
5680,35415
5681,69072
5682,6074
5683,47413
5684,71426
5685,18928
5686,76427
5687,33033
5688,18087
5689,23352
5690,2051
5691,57171
5692,2773
5693,37495
5694,74828
5695,73277
5696,21614
5697,29220
5698,8632
5699,10495
5700,39338
5701,10696
5702,37105
5703,4232
5704,17847
5705,47648
5706,53479
5707,8408
5708,18903
5709,44903
5710,62556
5711,33913
5712,32372
5713,77
5714,73301
5715,68783
5716,15710
5717,65400
5718,12730
5719,28575
5720,10576
5721,30799
5722,36295
5723,74200
5724,29739
5725,543
5726,76471
5727,6393
5728,11483
5729,37632
5730,43683
5731,68683
5732,38610
5733,30283
5734,38402
5735,70165
5736,10781
5737,11624
5738,64681
5739,8159
5740,33962
5741,13799
5742,77383
5743,21222
5744,4752
5745,26712
5746,6994
5747,35432
5748,42807
5749,14738
5750,75808
5751,28699
5752,38614
5753,67631
5754,54719
5755,40056
5756,69803
5757,72829
5758,40142
5759,18513
5760,28112
5761,3199
5762,72749
5763,45599
5764,34820
5765,37132
5766,25303
5767,60109
5768,24275
5769,21587
5770,77063
5771,5348
5772,41040
5773,37119
5774,52113
5775,20749
5776,52221
5777,39880
5778,48148
5779,36073
5780,34658
5781,65602
5782,35576
5783,7183
5784,58007
5785,27595
5786,21350
5787,13102
5788,47684
5789,77404
5790,30342
5791,39770
5792,41916
5793,8195
5794,12962
5795,16294
5796,66641
5797,27294
5798,78678
5799,20315
5800,78994
5801,9995
5802,70995
5803,54140
5804,3359
5805,52279
5806,51995
5807,19095
5808,7127
5809,15168
5810,58529
5811,1424
5812,77274
5813,27334
5814,52989
5815,55180
5816,76293
5817,39104
5818,60846
5819,50975
5820,42723
5821,44500
5822,846
5823,70239
5824,70058
5825,50632
5826,17577
5827,5739
5828,49428
5829,10354
5830,46816
5831,59946
5832,11307
5833,34140
5834,15484
5835,13354
5836,18691
5837,57938
5838,65988
5839,18610
5840,30130
5841,38622
5842,35054
5843,73660
5844,6287
5845,3085
5846,33139
5847,79013
5848,69541
5849,28559
5850,63140
5851,13487
5852,52518
5853,40401
5854,23678
5855,9613
5856,33230
5857,61918
5858,52051
5859,48641
5860,47672
5861,77766
5862,32832
5863,72656
5864,18130
5865,35687
5866,20441
5867,27105
5868,12147
5869,6624
5870,28107
5871,62028
5872,1122
5873,63135
5874,67846
5875,38224
5876,26311
5877,57598
5878,31344
5879,11512
5880,688
5881,52063
5882,54697
5883,43975
5884,56289
5885,1142
5886,15393
5887,77236
5888,1212
5889,76456
5890,77161
5891,58211
5892,4865
5893,41743
5894,77076
5895,51068
5896,25483
5897,70166
5898,26380
5899,47962
5900,19379
5901,23281
5902,30675
5903,16793
5904,62661
5905,56465
5906,53264
5907,64075
5908,32779
5909,64130
5910,64251
5911,11601
5912,31253
5913,20103
5914,47415
5915,16962
5916,1069
5917,73440
5918,22330
5919,27420
5920,21646
5921,14712
5922,46476
5923,16391
5924,38310
5925,76246
5926,38690
5927,9668
5928,15084
5929,58644
5930,58254
5931,30713
5932,21223
5933,10607
5934,18017
5935,65690
5936,57389
5937,62709
5938,19686
5939,38239
5940,29973
5941,8251
5942,13050
5943,38826
5944,49435
5945,65895
5946,13463
5947,19061
5948,23660
5949,77872
5950,42418
5951,77390
5952,5695
5953,23496
5954,19248
5955,41078
5956,61235
5957,1811
5958,60393
5959,36535
5960,11747
5961,44500
5962,8432
5963,17949
5964,49143
5965,61922
5966,55872
5967,21937
5968,46899
5969,73034
5970,29924
5971,42507
5972,70730
5973,31315
5974,3434
5975,25472
5976,19907
5977,27400
5978,70965
5979,38338
5980,61962
5981,32052
5982,35883
5983,55940
5984,68010
5985,5668
5986,57545
5987,77828
5988,64890
5989,73881
5990,67369
5991,6646
5992,76375
5993,77650
5994,75680
5995,52869
5996,37217
5997,38557
5998,9607
5999,36552
