,book_id,recommendation_2,recommendation_3,recommendation_4,recommendation_5,recommendation_1,team_id,model_id
0,12,33530,47083,56689,72004,16316,dataminerz,ensemble_v2_shifted
1,45274,41456,1746,4905,39721,41144,dataminerz,ensemble_v2_shifted
2,10104,43813,69803,72922,10143,37075,dataminerz,ensemble_v2_shifted
3,41371,8189,15312,60507,18617,28261,dataminerz,ensemble_v2_shifted
4,14015,35707,59077,13103,10180,38444,dataminerz,ensemble_v2_shifted
5,28515,49301,52767,18081,19550,29997,dataminerz,ensemble_v2_shifted
6,70766,49187,57560,23135,42412,1982,dataminerz,ensemble_v2_shifted
7,1822,54406,29355,78228,18499,45798,dataminerz,ensemble_v2_shifted
8,56794,16099,44420,10305,78393,772,dataminerz,ensemble_v2_shifted
9,60188,68441,12052,20279,14935,12237,dataminerz,ensemble_v2_shifted
10,62060,62060,39734,67002,28229,33103,dataminerz,ensemble_v2_shifted
11,31401,24840,48994,74861,27668,31719,dataminerz,ensemble_v2_shifted
12,6420,43857,48250,32962,55864,5049,dataminerz,ensemble_v2_shifted
13,72855,16686,36449,46758,19526,10410,dataminerz,ensemble_v2_shifted
14,73378,32216,29605,54531,14700,28017,dataminerz,ensemble_v2_shifted
15,25049,29971,12365,35133,39575,10470,dataminerz,ensemble_v2_shifted
16,24603,54569,74047,76655,32145,25215,dataminerz,ensemble_v2_shifted
17,5737,45353,74591,53253,24175,29098,dataminerz,ensemble_v2_shifted
18,38980,11081,61186,19836,27275,34395,dataminerz,ensemble_v2_shifted
19,13382,1965,36731,60644,69023,8193,dataminerz,ensemble_v2_shifted
20,75121,5534,39425,64495,61099,28451,dataminerz,ensemble_v2_shifted
21,39779,47223,53106,36404,39426,28998,dataminerz,ensemble_v2_shifted
22,14026,401,9543,78341,61643,62364,dataminerz,ensemble_v2_shifted
23,9392,71666,51279,60305,68689,33814,dataminerz,ensemble_v2_shifted
24,77956,32880,70706,17794,28089,49001,dataminerz,ensemble_v2_shifted
25,70300,14000,67246,68896,1604,16147,dataminerz,ensemble_v2_shifted
26,77134,39848,21566,64148,23029,9891,dataminerz,ensemble_v2_shifted
27,75340,23639,1701,12144,30963,40248,dataminerz,ensemble_v2_shifted
28,51066,16727,58220,6743,8490,19737,dataminerz,ensemble_v2_shifted
29,67776,6740,4640,27069,49987,55410,dataminerz,ensemble_v2_shifted
30,53929,77133,57634,8917,9849,25792,dataminerz,ensemble_v2_shifted
31,22342,52305,59182,41198,32874,77514,dataminerz,ensemble_v2_shifted
32,41116,31143,4863,5068,19023,23083,dataminerz,ensemble_v2_shifted
33,60331,57628,68713,27629,66535,24399,dataminerz,ensemble_v2_shifted
34,65307,20378,11721,8217,33712,34794,dataminerz,ensemble_v2_shifted
35,50039,13777,24036,54037,50735,2118,dataminerz,ensemble_v2_shifted
36,42184,57005,12617,43783,26187,32962,dataminerz,ensemble_v2_shifted
37,76163,59121,71180,11347,13203,34524,dataminerz,ensemble_v2_shifted
38,2319,24572,30151,47805,62342,61622,dataminerz,ensemble_v2_shifted
39,62494,61125,65478,9024,21730,31681,dataminerz,ensemble_v2_shifted
40,31015,74006,41125,3887,16841,17280,dataminerz,ensemble_v2_shifted
41,21497,48669,37565,49293,6011,8679,dataminerz,ensemble_v2_shifted
42,53008,50575,59779,34478,48541,36970,dataminerz,ensemble_v2_shifted
43,39308,10158,36430,20571,69185,70722,dataminerz,ensemble_v2_shifted
44,4690,10609,40479,48449,63042,58973,dataminerz,ensemble_v2_shifted
45,19777,46778,54827,56665,71522,27295,dataminerz,ensemble_v2_shifted
46,10078,40417,43270,50509,5858,21310,dataminerz,ensemble_v2_shifted
47,65353,28776,29555,38542,40250,3906,dataminerz,ensemble_v2_shifted
48,58847,33954,2240,45141,63416,64166,dataminerz,ensemble_v2_shifted
49,61593,9389,43585,64143,6630,45950,dataminerz,ensemble_v2_shifted
50,18537,33948,27523,28695,41358,48374,dataminerz,ensemble_v2_shifted
51,73427,65884,41703,57399,47330,68539,dataminerz,ensemble_v2_shifted
52,7521,4351,4716,20013,21716,52917,dataminerz,ensemble_v2_shifted
53,71586,51114,26866,46763,50909,6118,dataminerz,ensemble_v2_shifted
54,13772,55284,23376,63354,58218,21009,dataminerz,ensemble_v2_shifted
55,33092,70120,53575,52159,19317,22274,dataminerz,ensemble_v2_shifted
56,74398,46055,41241,72081,8326,70119,dataminerz,ensemble_v2_shifted
57,74089,3905,77349,7163,1589,18748,dataminerz,ensemble_v2_shifted
58,57282,40070,30263,32432,70657,3343,dataminerz,ensemble_v2_shifted
59,38760,74801,2657,3299,33896,68630,dataminerz,ensemble_v2_shifted
60,15657,6974,28216,33982,12635,10077,dataminerz,ensemble_v2_shifted
61,17665,17665,65959,633,50330,64890,dataminerz,ensemble_v2_shifted
62,75251,65078,6891,13661,55049,60158,dataminerz,ensemble_v2_shifted
63,56282,72706,25040,22121,13007,27906,dataminerz,ensemble_v2_shifted
64,73973,59989,38598,21103,1572,2457,dataminerz,ensemble_v2_shifted
65,19994,36948,22574,29774,26120,26599,dataminerz,ensemble_v2_shifted
66,47098,15715,34213,47597,54041,60481,dataminerz,ensemble_v2_shifted
67,54190,24495,52305,48356,15898,18411,dataminerz,ensemble_v2_shifted
68,61043,20400,10470,8326,30601,32258,dataminerz,ensemble_v2_shifted
69,78675,22704,49569,68066,47360,63649,dataminerz,ensemble_v2_shifted
70,40394,21782,45394,76279,307,35869,dataminerz,ensemble_v2_shifted
71,43844,41198,19533,28198,38240,36843,dataminerz,ensemble_v2_shifted
72,27300,16328,4373,33348,44827,46956,dataminerz,ensemble_v2_shifted
73,22870,39670,3615,15803,1547,39220,dataminerz,ensemble_v2_shifted
74,61707,31143,38817,41110,27283,30441,dataminerz,ensemble_v2_shifted
75,17888,19632,49969,22581,22589,27906,dataminerz,ensemble_v2_shifted
76,48292,35454,42391,69325,10063,36044,dataminerz,ensemble_v2_shifted
77,2054,58033,8769,65478,23907,65225,dataminerz,ensemble_v2_shifted
78,6643,61661,18155,43588,45513,71832,dataminerz,ensemble_v2_shifted
79,3857,24117,59791,61271,12726,28251,dataminerz,ensemble_v2_shifted
80,64350,36970,847,10696,19565,27988,dataminerz,ensemble_v2_shifted
81,10833,39810,35470,61031,46301,29798,dataminerz,ensemble_v2_shifted
82,33556,31709,23417,19314,62943,73418,dataminerz,ensemble_v2_shifted
83,23256,28251,14050,5348,31874,77645,dataminerz,ensemble_v2_shifted
84,53880,10488,77425,1904,10623,19862,dataminerz,ensemble_v2_shifted
85,75694,14427,5131,44606,32975,61520,dataminerz,ensemble_v2_shifted
86,17770,53934,37874,3581,27882,44244,dataminerz,ensemble_v2_shifted
87,9365,10470,60882,71996,74267,72038,dataminerz,ensemble_v2_shifted
88,11177,33648,4943,3897,14558,20301,dataminerz,ensemble_v2_shifted
89,48659,55334,73563,46886,67457,22291,dataminerz,ensemble_v2_shifted
90,18169,39242,34921,55524,38913,43318,dataminerz,ensemble_v2_shifted
91,48490,7892,53232,21152,34458,34363,dataminerz,ensemble_v2_shifted
92,70627,73314,51160,2208,23639,32661,dataminerz,ensemble_v2_shifted
93,40000,21046,22707,24774,26773,36757,dataminerz,ensemble_v2_shifted
94,18665,74714,42836,46961,54007,71787,dataminerz,ensemble_v2_shifted
95,35574,71655,48137,35574,45420,51556,dataminerz,ensemble_v2_shifted
96,11732,70695,77349,31630,32661,35658,dataminerz,ensemble_v2_shifted
97,6798,76226,30090,33342,16780,33862,dataminerz,ensemble_v2_shifted
98,42415,21204,45779,16573,69330,13497,dataminerz,ensemble_v2_shifted
99,64236,28288,43382,36970,18081,29339,dataminerz,ensemble_v2_shifted
100,60644,3448,41883,46822,61532,69525,dataminerz,ensemble_v2_shifted
101,11595,23414,19703,23869,24844,43958,dataminerz,ensemble_v2_shifted
102,39957,11752,78754,11244,18389,13295,dataminerz,ensemble_v2_shifted
103,1519,32661,74889,1701,13332,11519,dataminerz,ensemble_v2_shifted
104,10075,53821,1829,5788,39367,41819,dataminerz,ensemble_v2_shifted
105,25209,10760,50455,16096,20189,26137,dataminerz,ensemble_v2_shifted
106,7108,33060,70525,11212,18508,28385,dataminerz,ensemble_v2_shifted
107,67848,2134,6340,59342,2301,13239,dataminerz,ensemble_v2_shifted
108,40424,59553,31931,27981,54543,1555,dataminerz,ensemble_v2_shifted
109,72523,20102,38829,53695,18375,27245,dataminerz,ensemble_v2_shifted
110,60588,59375,17240,8983,10637,18450,dataminerz,ensemble_v2_shifted
111,21315,10581,25880,41558,59438,26574,dataminerz,ensemble_v2_shifted
112,50356,9795,60780,64507,39253,30237,dataminerz,ensemble_v2_shifted
113,75904,33851,55151,17542,23716,70640,dataminerz,ensemble_v2_shifted
114,17240,17240,17381,57451,73476,38084,dataminerz,ensemble_v2_shifted
115,24218,56382,24100,28462,31143,43960,dataminerz,ensemble_v2_shifted
116,21949,50452,52327,50293,66889,49178,dataminerz,ensemble_v2_shifted
117,6478,46055,57480,59589,55616,4092,dataminerz,ensemble_v2_shifted
118,76242,14076,33936,34861,60262,40104,dataminerz,ensemble_v2_shifted
119,71112,13239,43813,380,19632,32940,dataminerz,ensemble_v2_shifted
120,76437,36210,10659,76437,17328,62079,dataminerz,ensemble_v2_shifted
121,52656,39150,34321,35061,2199,11824,dataminerz,ensemble_v2_shifted
122,10304,9619,11381,52925,54179,30390,dataminerz,ensemble_v2_shifted
123,25399,505,52995,39596,55695,67861,dataminerz,ensemble_v2_shifted
124,71619,32512,63599,42174,2094,17431,dataminerz,ensemble_v2_shifted
125,31439,10924,73109,26728,26483,54041,dataminerz,ensemble_v2_shifted
126,14323,5087,8369,10775,25301,32853,dataminerz,ensemble_v2_shifted
127,10842,41090,4532,73856,31115,70965,dataminerz,ensemble_v2_shifted
128,39515,76795,48838,22363,59685,24060,dataminerz,ensemble_v2_shifted
129,59732,56193,22208,25462,25524,48644,dataminerz,ensemble_v2_shifted
130,56452,46124,42610,27451,50058,69534,dataminerz,ensemble_v2_shifted
131,53496,10972,76391,77694,21468,24141,dataminerz,ensemble_v2_shifted
132,27903,31123,38995,27903,33456,45256,dataminerz,ensemble_v2_shifted
133,53672,59190,60509,8706,34422,43318,dataminerz,ensemble_v2_shifted
134,29813,8629,46995,77724,7413,11001,dataminerz,ensemble_v2_shifted
135,67909,18180,36080,54097,35116,44127,dataminerz,ensemble_v2_shifted
136,36620,5027,9895,37163,19382,4800,dataminerz,ensemble_v2_shifted
137,44197,20660,44657,56817,13725,54566,dataminerz,ensemble_v2_shifted
138,68772,54858,8180,31439,61531,67599,dataminerz,ensemble_v2_shifted
139,72058,1151,5519,74847,18014,62552,dataminerz,ensemble_v2_shifted
140,17921,45773,2264,36970,71215,27605,dataminerz,ensemble_v2_shifted
141,67832,33157,7275,50969,59003,76949,dataminerz,ensemble_v2_shifted
142,73203,73222,76589,56074,76880,23723,dataminerz,ensemble_v2_shifted
143,30873,26519,6557,1379,44506,5409,dataminerz,ensemble_v2_shifted
144,46059,16119,77948,69436,78966,56059,dataminerz,ensemble_v2_shifted
145,49615,63647,77442,19822,72491,18900,dataminerz,ensemble_v2_shifted
146,76629,70993,23777,47312,14797,22581,dataminerz,ensemble_v2_shifted
147,55488,3722,61837,4686,20498,11510,dataminerz,ensemble_v2_shifted
148,30713,24147,46982,5500,27087,32661,dataminerz,ensemble_v2_shifted
149,3527,77268,36038,65464,41927,48566,dataminerz,ensemble_v2_shifted
150,52884,50525,8511,59444,25667,12146,dataminerz,ensemble_v2_shifted
151,48270,4820,7822,8358,16761,41719,dataminerz,ensemble_v2_shifted
152,18224,26150,6651,20152,28015,32664,dataminerz,ensemble_v2_shifted
153,39309,29309,74173,1424,66333,67237,dataminerz,ensemble_v2_shifted
154,11265,77342,12154,20589,29513,38872,dataminerz,ensemble_v2_shifted
155,8288,27851,40492,553,1409,14986,dataminerz,ensemble_v2_shifted
156,40312,56098,35291,54037,51658,54471,dataminerz,ensemble_v2_shifted
157,35418,77349,67381,26181,69023,61769,dataminerz,ensemble_v2_shifted
158,78181,67157,71797,13504,59186,57825,dataminerz,ensemble_v2_shifted
159,8859,52305,45937,19533,54183,68144,dataminerz,ensemble_v2_shifted
160,3875,47497,71454,20794,47583,57366,dataminerz,ensemble_v2_shifted
161,17348,54555,48763,34683,22991,33905,dataminerz,ensemble_v2_shifted
162,37321,12388,14594,21051,60563,73169,dataminerz,ensemble_v2_shifted
163,22277,56666,13484,29480,38971,44657,dataminerz,ensemble_v2_shifted
164,52705,7850,7946,13608,25196,27880,dataminerz,ensemble_v2_shifted
165,26856,30674,65092,4521,61414,71367,dataminerz,ensemble_v2_shifted
166,36095,54550,25513,73124,3281,9140,dataminerz,ensemble_v2_shifted
167,66497,61673,34594,43271,72044,13507,dataminerz,ensemble_v2_shifted
168,55326,38044,16232,2845,28989,28990,dataminerz,ensemble_v2_shifted
169,3959,62983,11737,62887,35563,5022,dataminerz,ensemble_v2_shifted
170,66928,25666,59684,66649,49188,53743,dataminerz,ensemble_v2_shifted
171,23159,65708,69228,28475,64461,46377,dataminerz,ensemble_v2_shifted
172,76762,64261,12978,42020,67401,72285,dataminerz,ensemble_v2_shifted
173,73748,14841,59586,6271,64606,45582,dataminerz,ensemble_v2_shifted
174,8248,15605,50110,63739,19533,27477,dataminerz,ensemble_v2_shifted
175,39766,45700,12746,50655,58703,61214,dataminerz,ensemble_v2_shifted
176,49234,28502,10195,29736,43043,60271,dataminerz,ensemble_v2_shifted
177,23366,72193,9188,38911,23809,11886,dataminerz,ensemble_v2_shifted
178,59734,6015,54828,5769,12430,22603,dataminerz,ensemble_v2_shifted
179,41020,52908,5815,17820,22356,29204,dataminerz,ensemble_v2_shifted
180,74389,3400,20439,23628,78983,74619,dataminerz,ensemble_v2_shifted
181,8538,54183,61252,72290,3044,51629,dataminerz,ensemble_v2_shifted
182,40113,76743,3266,59274,45316,78512,dataminerz,ensemble_v2_shifted
183,32980,20575,3140,19856,24314,48231,dataminerz,ensemble_v2_shifted
184,47068,46964,49635,77349,75129,33556,dataminerz,ensemble_v2_shifted
185,20083,41369,10456,18928,20287,39296,dataminerz,ensemble_v2_shifted
186,31728,76427,78766,17113,30238,27692,dataminerz,ensemble_v2_shifted
187,52192,67096,4421,5341,19023,19067,dataminerz,ensemble_v2_shifted
188,62732,53255,37878,56972,20911,25623,dataminerz,ensemble_v2_shifted
189,30746,54492,11042,16686,23352,60938,dataminerz,ensemble_v2_shifted
190,22622,33485,6444,25976,30331,50711,dataminerz,ensemble_v2_shifted
191,54612,32484,64207,13102,8526,53497,dataminerz,ensemble_v2_shifted
192,59032,10486,43834,8548,8615,17019,dataminerz,ensemble_v2_shifted
193,26385,9370,10211,35050,36445,42255,dataminerz,ensemble_v2_shifted
194,65461,63157,28726,1232,55453,76391,dataminerz,ensemble_v2_shifted
195,54835,72155,73277,55611,65038,33202,dataminerz,ensemble_v2_shifted
196,54737,56766,45467,31260,2653,75990,dataminerz,ensemble_v2_shifted
197,76905,63630,24337,60579,36980,31395,dataminerz,ensemble_v2_shifted
198,45093,37146,19349,47257,48043,60731,dataminerz,ensemble_v2_shifted
199,31273,4384,7440,13758,17573,55673,dataminerz,ensemble_v2_shifted
200,851,56676,71544,34821,12052,11286,dataminerz,ensemble_v2_shifted
201,16935,8678,22291,48802,25666,36917,dataminerz,ensemble_v2_shifted
202,28379,65038,25635,54075,70109,7383,dataminerz,ensemble_v2_shifted
203,17009,39593,65400,10811,12978,23461,dataminerz,ensemble_v2_shifted
204,1486,58916,68695,41684,33672,10843,dataminerz,ensemble_v2_shifted
205,62630,46876,50751,43818,8156,12804,dataminerz,ensemble_v2_shifted
206,34682,23935,19678,51909,71003,54901,dataminerz,ensemble_v2_shifted
207,6741,2067,78220,33874,69059,29470,dataminerz,ensemble_v2_shifted
208,20852,16560,15614,32443,35389,47251,dataminerz,ensemble_v2_shifted
209,22265,46041,57787,58432,12704,35601,dataminerz,ensemble_v2_shifted
210,2244,40311,70796,70797,10005,37718,dataminerz,ensemble_v2_shifted
211,26396,15451,1968,8981,29901,33126,dataminerz,ensemble_v2_shifted
212,48796,23640,34460,12413,71448,31160,dataminerz,ensemble_v2_shifted
213,45501,20817,46656,47121,25763,31358,dataminerz,ensemble_v2_shifted
214,26445,69023,73301,6440,15526,20481,dataminerz,ensemble_v2_shifted
215,457,18006,25814,65193,13210,17869,dataminerz,ensemble_v2_shifted
216,35752,12517,15024,52589,11898,1960,dataminerz,ensemble_v2_shifted
217,47491,55961,70203,8638,21761,64852,dataminerz,ensemble_v2_shifted
218,43762,52422,76611,64370,20939,31629,dataminerz,ensemble_v2_shifted
219,23599,51955,65169,27857,49255,12365,dataminerz,ensemble_v2_shifted
220,13325,72120,48543,55351,26645,59534,dataminerz,ensemble_v2_shifted
221,3273,5089,22911,3070,48287,5099,dataminerz,ensemble_v2_shifted
222,2257,53921,68389,25408,78155,50867,dataminerz,ensemble_v2_shifted
223,34670,36970,2338,11128,17464,42012,dataminerz,ensemble_v2_shifted
224,74105,66333,22585,42442,44444,29739,dataminerz,ensemble_v2_shifted
225,35720,8354,543,11047,36916,3735,dataminerz,ensemble_v2_shifted
226,71526,74779,13845,17629,18128,22045,dataminerz,ensemble_v2_shifted
227,21737,13452,11372,12483,10036,21737,dataminerz,ensemble_v2_shifted
228,7860,7272,47314,60623,3655,32571,dataminerz,ensemble_v2_shifted
229,41648,30485,67667,18955,37632,63435,dataminerz,ensemble_v2_shifted
230,1640,48096,69296,74311,30576,59530,dataminerz,ensemble_v2_shifted
231,33814,67958,43296,35278,54531,62656,dataminerz,ensemble_v2_shifted
232,19717,27087,24147,40738,53940,64179,dataminerz,ensemble_v2_shifted
233,78998,19321,30283,18996,40412,3652,dataminerz,ensemble_v2_shifted
234,23643,3819,5024,5843,6206,14519,dataminerz,ensemble_v2_shifted
235,68712,68712,29003,4586,68131,31972,dataminerz,ensemble_v2_shifted
236,63739,62484,32542,38178,42271,43234,dataminerz,ensemble_v2_shifted
237,42328,46711,7695,11610,17276,18240,dataminerz,ensemble_v2_shifted
238,23446,41430,9556,64681,17881,31423,dataminerz,ensemble_v2_shifted
239,21285,37135,19466,39055,28431,32899,dataminerz,ensemble_v2_shifted
240,72959,69421,8231,22714,29943,40648,dataminerz,ensemble_v2_shifted
241,8548,76100,63080,8946,10941,21152,dataminerz,ensemble_v2_shifted
242,21221,60126,24564,899,39220,56001,dataminerz,ensemble_v2_shifted
243,12564,10988,9024,50498,64907,873,dataminerz,ensemble_v2_shifted
244,9577,20477,13939,46455,47430,53691,dataminerz,ensemble_v2_shifted
245,29381,7191,1335,25381,33556,59274,dataminerz,ensemble_v2_shifted
246,19688,64102,870,37877,57195,21446,dataminerz,ensemble_v2_shifted
247,45195,31546,35432,51811,3873,28041,dataminerz,ensemble_v2_shifted
248,22775,25666,8678,63722,45316,10303,dataminerz,ensemble_v2_shifted
249,13131,11978,13420,20560,26281,28354,dataminerz,ensemble_v2_shifted
250,8861,21666,54253,23004,46556,64343,dataminerz,ensemble_v2_shifted
251,1680,36172,6102,61153,779,2648,dataminerz,ensemble_v2_shifted
252,62200,182,62200,77569,12886,31326,dataminerz,ensemble_v2_shifted
253,73868,6507,22581,50861,67354,56174,dataminerz,ensemble_v2_shifted
254,7666,76874,23738,24290,10933,27124,dataminerz,ensemble_v2_shifted
255,7084,52608,79048,23233,23314,3239,dataminerz,ensemble_v2_shifted
256,74586,45799,52796,15256,8557,21798,dataminerz,ensemble_v2_shifted
257,2335,22412,33116,1016,14066,29893,dataminerz,ensemble_v2_shifted
258,22877,20325,22368,40142,49255,73993,dataminerz,ensemble_v2_shifted
259,68509,32483,12246,48463,71515,78787,dataminerz,ensemble_v2_shifted
260,28737,47261,26508,28062,28112,44013,dataminerz,ensemble_v2_shifted
261,66339,77713,32360,4277,14505,15297,dataminerz,ensemble_v2_shifted
262,49803,36588,63554,14526,14922,19054,dataminerz,ensemble_v2_shifted
263,14189,45599,19780,33840,53664,60956,dataminerz,ensemble_v2_shifted
264,9884,6090,42528,2714,8780,34820,dataminerz,ensemble_v2_shifted
265,67630,56185,55709,1520,21285,40149,dataminerz,ensemble_v2_shifted
266,11407,47874,78900,37285,897,1050,dataminerz,ensemble_v2_shifted
267,8384,11822,73827,46537,49678,19972,dataminerz,ensemble_v2_shifted
268,75345,21026,73033,29103,35315,36078,dataminerz,ensemble_v2_shifted
269,45841,21587,40799,572,23787,40250,dataminerz,ensemble_v2_shifted
270,63764,22201,10865,27500,72566,77524,dataminerz,ensemble_v2_shifted
271,70197,13442,19157,5348,70842,73685,dataminerz,ensemble_v2_shifted
272,32109,61806,15920,49503,74502,41040,dataminerz,ensemble_v2_shifted
273,30434,36062,69062,32675,25674,26694,dataminerz,ensemble_v2_shifted
274,45358,16016,23101,10153,14795,26786,dataminerz,ensemble_v2_shifted
275,52721,64719,76240,44588,69954,20354,dataminerz,ensemble_v2_shifted
276,58820,2912,5261,20497,23641,30112,dataminerz,ensemble_v2_shifted
277,70803,47576,63341,6709,19067,26996,dataminerz,ensemble_v2_shifted
278,50338,19533,67861,14426,32060,48148,dataminerz,ensemble_v2_shifted
279,66493,20239,21291,31589,71290,8339,dataminerz,ensemble_v2_shifted
280,52519,57401,30356,38857,39374,70941,dataminerz,ensemble_v2_shifted
281,37378,24085,13975,24107,27746,32945,dataminerz,ensemble_v2_shifted
282,49952,53106,49747,11892,35021,47223,dataminerz,ensemble_v2_shifted
283,75882,46601,414,31299,41463,36596,dataminerz,ensemble_v2_shifted
284,7445,24107,62087,22307,33075,55548,dataminerz,ensemble_v2_shifted
285,17850,48465,18472,32319,21391,23414,dataminerz,ensemble_v2_shifted
286,42566,36617,76180,11045,63441,64881,dataminerz,ensemble_v2_shifted
287,29708,64207,72997,57436,30295,60407,dataminerz,ensemble_v2_shifted
288,46476,14773,39127,25637,46476,61887,dataminerz,ensemble_v2_shifted
289,14470,21070,75305,12371,27266,61891,dataminerz,ensemble_v2_shifted
290,43679,29271,65573,188,30342,2499,dataminerz,ensemble_v2_shifted
291,40279,45700,51835,38945,78182,8339,dataminerz,ensemble_v2_shifted
292,24002,54583,67995,27152,53755,64882,dataminerz,ensemble_v2_shifted
293,68253,74414,16016,46556,29051,7799,dataminerz,ensemble_v2_shifted
294,15581,20454,64181,10522,67273,2873,dataminerz,ensemble_v2_shifted
295,73552,7591,61614,44512,9820,13915,dataminerz,ensemble_v2_shifted
296,38164,36397,37047,36970,55541,9517,dataminerz,ensemble_v2_shifted
297,58779,27908,21836,29064,46377,59003,dataminerz,ensemble_v2_shifted
298,57464,11714,77380,78678,3232,21090,dataminerz,ensemble_v2_shifted
299,56827,21589,53275,46817,21615,1041,dataminerz,ensemble_v2_shifted
300,76331,49574,70979,46046,13875,52305,dataminerz,ensemble_v2_shifted
301,12568,16522,29850,7032,21650,38500,dataminerz,ensemble_v2_shifted
302,63107,9101,1884,22459,41358,62307,dataminerz,ensemble_v2_shifted
303,39971,54140,9331,49482,13925,25905,dataminerz,ensemble_v2_shifted
304,24776,13075,71203,57393,2530,5227,dataminerz,ensemble_v2_shifted
305,65811,41358,810,72896,2339,10519,dataminerz,ensemble_v2_shifted
306,77175,77336,38541,69498,20301,25536,dataminerz,ensemble_v2_shifted
307,53717,70400,12974,70198,11341,12008,dataminerz,ensemble_v2_shifted
308,50340,7473,43888,27984,4288,9214,dataminerz,ensemble_v2_shifted
309,77554,19014,24564,62101,1050,8931,dataminerz,ensemble_v2_shifted
310,63279,29262,6527,72038,6922,29489,dataminerz,ensemble_v2_shifted
311,59821,48035,42353,12805,12868,43852,dataminerz,ensemble_v2_shifted
312,12725,12725,23498,77274,42222,52165,dataminerz,ensemble_v2_shifted
313,1235,12158,29629,64587,22231,30385,dataminerz,ensemble_v2_shifted
314,34899,64177,3334,5354,22995,42921,dataminerz,ensemble_v2_shifted
315,37797,37797,55180,5174,36026,19755,dataminerz,ensemble_v2_shifted
316,29368,54691,33948,64422,70718,64991,dataminerz,ensemble_v2_shifted
317,11378,64962,32111,39990,44657,78252,dataminerz,ensemble_v2_shifted
318,59092,34673,56832,60846,17969,23803,dataminerz,ensemble_v2_shifted
319,5362,802,1092,3539,15886,20888,dataminerz,ensemble_v2_shifted
320,47933,10704,62714,71633,73129,28602,dataminerz,ensemble_v2_shifted
321,68560,12734,60855,45772,69864,72164,dataminerz,ensemble_v2_shifted
322,57628,666,60331,6132,11483,37751,dataminerz,ensemble_v2_shifted
323,11682,77859,62943,30741,233,19630,dataminerz,ensemble_v2_shifted
324,18601,43275,5024,8025,18155,42584,dataminerz,ensemble_v2_shifted
325,58566,76261,10460,19714,70081,45042,dataminerz,ensemble_v2_shifted
326,29217,59198,12104,14822,23098,26193,dataminerz,ensemble_v2_shifted
327,64901,5739,37586,52355,25620,14314,dataminerz,ensemble_v2_shifted
328,6359,17794,53600,2932,44798,57074,dataminerz,ensemble_v2_shifted
329,54801,31299,55124,8955,39211,52460,dataminerz,ensemble_v2_shifted
330,66017,37877,54760,44013,71444,26422,dataminerz,ensemble_v2_shifted
331,28302,45700,53924,77349,48644,21152,dataminerz,ensemble_v2_shifted
332,19235,11307,75851,72807,66036,22820,dataminerz,ensemble_v2_shifted
333,24078,48643,10148,62091,78528,2170,dataminerz,ensemble_v2_shifted
334,7924,45078,8678,58297,48582,35733,dataminerz,ensemble_v2_shifted
335,2993,57496,22516,66076,10091,27011,dataminerz,ensemble_v2_shifted
336,71202,77621,79048,55411,42926,52570,dataminerz,ensemble_v2_shifted
337,38543,2718,73433,27598,38543,56688,dataminerz,ensemble_v2_shifted
338,9943,74019,32940,44071,17215,51510,dataminerz,ensemble_v2_shifted
339,24706,21183,31728,16830,42049,66347,dataminerz,ensemble_v2_shifted
340,17298,51923,63677,4944,29327,32231,dataminerz,ensemble_v2_shifted
341,49279,21540,2657,38780,70363,38622,dataminerz,ensemble_v2_shifted
342,7129,12591,64602,10184,16278,40589,dataminerz,ensemble_v2_shifted
343,54586,36684,45054,3342,21353,28502,dataminerz,ensemble_v2_shifted
344,55270,16096,50262,19067,47173,63522,dataminerz,ensemble_v2_shifted
345,16937,3914,23872,44013,47261,48463,dataminerz,ensemble_v2_shifted
346,44508,50837,33139,6507,17307,20473,dataminerz,ensemble_v2_shifted
347,28976,15927,30892,32206,42742,54912,dataminerz,ensemble_v2_shifted
348,9612,18890,27922,38814,40550,56174,dataminerz,ensemble_v2_shifted
349,43313,26471,45243,26319,14974,16349,dataminerz,ensemble_v2_shifted
350,46237,55679,8903,66013,59157,31220,dataminerz,ensemble_v2_shifted
351,14883,3661,76760,12135,23101,52081,dataminerz,ensemble_v2_shifted
352,71036,21821,49304,45293,2537,4959,dataminerz,ensemble_v2_shifted
353,71886,26852,58463,41043,75236,1258,dataminerz,ensemble_v2_shifted
354,70372,18968,62005,34056,71981,20497,dataminerz,ensemble_v2_shifted
355,14750,40183,15264,75966,4593,9613,dataminerz,ensemble_v2_shifted
356,52053,8147,16104,247,4523,50137,dataminerz,ensemble_v2_shifted
357,51638,2845,17633,19533,19693,22837,dataminerz,ensemble_v2_shifted
358,61875,16235,55198,4173,28877,71796,dataminerz,ensemble_v2_shifted
359,42039,10470,29971,13813,5284,23654,dataminerz,ensemble_v2_shifted
360,25598,8161,45700,48860,32072,32269,dataminerz,ensemble_v2_shifted
361,23417,33556,51523,57612,12600,19314,dataminerz,ensemble_v2_shifted
362,30446,255,1048,5790,17511,21325,dataminerz,ensemble_v2_shifted
363,27104,64533,27403,21825,31865,44766,dataminerz,ensemble_v2_shifted
364,61715,9779,10880,25338,56858,4468,dataminerz,ensemble_v2_shifted
365,72826,72476,26508,32432,53370,61937,dataminerz,ensemble_v2_shifted
366,7415,18962,60599,20441,15904,21446,dataminerz,ensemble_v2_shifted
367,11688,14865,468,2465,65214,50730,dataminerz,ensemble_v2_shifted
368,12209,8137,59068,63839,62666,31533,dataminerz,ensemble_v2_shifted
369,79016,6624,48308,53240,24356,38534,dataminerz,ensemble_v2_shifted
370,6019,7345,63722,18784,32574,44567,dataminerz,ensemble_v2_shifted
371,14436,77236,19023,39232,54858,56382,dataminerz,ensemble_v2_shifted
372,75422,42500,35664,2239,77547,60575,dataminerz,ensemble_v2_shifted
373,10482,35748,31630,45285,30714,77620,dataminerz,ensemble_v2_shifted
374,24686,21825,17470,24678,27403,31304,dataminerz,ensemble_v2_shifted
375,50313,46195,7473,11815,42854,78924,dataminerz,ensemble_v2_shifted
376,58067,22599,51579,35503,58067,63759,dataminerz,ensemble_v2_shifted
377,37854,29815,19556,7320,19533,40680,dataminerz,ensemble_v2_shifted
378,24118,52272,5906,63634,6802,17147,dataminerz,ensemble_v2_shifted
379,66750,31773,36404,35021,1874,20390,dataminerz,ensemble_v2_shifted
380,8116,53740,55353,56777,76391,50606,dataminerz,ensemble_v2_shifted
381,62540,16581,61454,49971,38533,11193,dataminerz,ensemble_v2_shifted
382,25663,54697,41582,50027,29485,782,dataminerz,ensemble_v2_shifted
383,16585,78527,4771,20477,35389,44190,dataminerz,ensemble_v2_shifted
384,28466,64684,798,2195,5409,25569,dataminerz,ensemble_v2_shifted
385,42531,58296,41382,27632,2838,5245,dataminerz,ensemble_v2_shifted
386,39680,40380,58660,14526,40510,50427,dataminerz,ensemble_v2_shifted
387,51560,5218,21364,75727,7555,13616,dataminerz,ensemble_v2_shifted
388,13374,35342,33708,32245,42283,60378,dataminerz,ensemble_v2_shifted
389,18441,20224,39193,77640,4088,40719,dataminerz,ensemble_v2_shifted
390,13880,26764,50750,54704,77161,6789,dataminerz,ensemble_v2_shifted
391,17383,5596,3058,9778,24038,27454,dataminerz,ensemble_v2_shifted
392,13014,51767,49335,61616,32565,3728,dataminerz,ensemble_v2_shifted
393,57674,41743,58996,18009,36420,62656,dataminerz,ensemble_v2_shifted
394,18756,14261,17418,60428,3990,10307,dataminerz,ensemble_v2_shifted
395,51964,2394,4173,5628,14392,47718,dataminerz,ensemble_v2_shifted
396,27403,57407,67568,61333,15757,31716,dataminerz,ensemble_v2_shifted
397,10871,58199,33730,35721,43194,13277,dataminerz,ensemble_v2_shifted
398,35456,30878,72788,20548,27152,41178,dataminerz,ensemble_v2_shifted
399,74872,36931,37870,26311,57547,67359,dataminerz,ensemble_v2_shifted
400,63796,63347,6906,37175,57336,65419,dataminerz,ensemble_v2_shifted
401,63457,23281,13328,64611,14014,33714,dataminerz,ensemble_v2_shifted
402,55057,24380,37417,59739,61264,3096,dataminerz,ensemble_v2_shifted
403,47336,13244,19163,53068,77855,23789,dataminerz,ensemble_v2_shifted
404,43032,52228,74021,78852,58354,31143,dataminerz,ensemble_v2_shifted
405,63855,68560,3259,21297,1226,45772,dataminerz,ensemble_v2_shifted
406,72231,39220,54919,21661,24564,26097,dataminerz,ensemble_v2_shifted
407,11527,48222,47810,62611,69627,72497,dataminerz,ensemble_v2_shifted
408,31548,63163,32945,65993,73064,41469,dataminerz,ensemble_v2_shifted
409,62812,67270,39963,26066,9790,54322,dataminerz,ensemble_v2_shifted
410,20266,68559,53312,78241,64251,32231,dataminerz,ensemble_v2_shifted
411,59605,25069,46491,74666,43862,45777,dataminerz,ensemble_v2_shifted
412,57163,42406,4699,32483,37877,44013,dataminerz,ensemble_v2_shifted
413,34307,19860,32224,66623,26581,32021,dataminerz,ensemble_v2_shifted
414,65903,43767,22991,40278,55220,56688,dataminerz,ensemble_v2_shifted
415,28580,77349,707,12849,13810,24973,dataminerz,ensemble_v2_shifted
416,5197,69855,1069,67653,39697,23145,dataminerz,ensemble_v2_shifted
417,34939,51849,73440,1273,13174,38963,dataminerz,ensemble_v2_shifted
418,59859,22330,36413,5094,34395,43567,dataminerz,ensemble_v2_shifted
419,12077,25275,42416,65995,28207,8471,dataminerz,ensemble_v2_shifted
420,75539,67518,13169,42237,26397,30146,dataminerz,ensemble_v2_shifted
421,24979,53545,70515,2135,14971,19687,dataminerz,ensemble_v2_shifted
422,47684,72435,54372,75967,17877,3768,dataminerz,ensemble_v2_shifted
423,37711,42639,16391,31143,37711,40430,dataminerz,ensemble_v2_shifted
424,14162,15335,22895,6386,31234,2713,dataminerz,ensemble_v2_shifted
425,30806,55964,26866,46884,50861,71505,dataminerz,ensemble_v2_shifted
426,65785,14199,46519,38690,2698,49244,dataminerz,ensemble_v2_shifted
427,2723,9668,34056,13817,23748,26991,dataminerz,ensemble_v2_shifted
428,52874,53497,31293,44985,48387,64861,dataminerz,ensemble_v2_shifted
429,2612,37789,37953,44657,44950,46239,dataminerz,ensemble_v2_shifted
430,63908,33898,21029,5553,37379,18938,dataminerz,ensemble_v2_shifted
431,12075,22363,16191,78785,20914,19487,dataminerz,ensemble_v2_shifted
432,78080,55393,44746,24764,5045,14526,dataminerz,ensemble_v2_shifted
433,39083,39810,2881,10607,23100,32661,dataminerz,ensemble_v2_shifted
434,64333,6984,76835,31988,59224,48338,dataminerz,ensemble_v2_shifted
435,12640,51040,6583,29710,58746,36135,dataminerz,ensemble_v2_shifted
436,41002,51271,46629,45564,2648,13809,dataminerz,ensemble_v2_shifted
437,27038,71843,44231,50126,76415,9407,dataminerz,ensemble_v2_shifted
438,38637,11225,13595,14972,48710,21892,dataminerz,ensemble_v2_shifted
439,44894,61510,4215,8767,28678,70408,dataminerz,ensemble_v2_shifted
440,35904,10653,8687,10153,35140,59714,dataminerz,ensemble_v2_shifted
441,38819,308,61967,75474,51977,42797,dataminerz,ensemble_v2_shifted
442,30628,49164,68533,55850,12507,48644,dataminerz,ensemble_v2_shifted
443,6790,28732,34849,2991,28854,56268,dataminerz,ensemble_v2_shifted
444,38368,31910,23412,6177,14273,24111,dataminerz,ensemble_v2_shifted
445,27726,326,56814,9034,29000,31302,dataminerz,ensemble_v2_shifted
446,4890,27021,52843,49185,76995,59058,dataminerz,ensemble_v2_shifted
447,37429,58999,62121,76391,11688,13690,dataminerz,ensemble_v2_shifted
448,57598,8643,28890,14687,34333,34395,dataminerz,ensemble_v2_shifted
449,44452,36071,871,1713,2718,13030,dataminerz,ensemble_v2_shifted
450,77629,53253,23675,42149,51977,55974,dataminerz,ensemble_v2_shifted
451,44327,37563,14719,58015,13111,19192,dataminerz,ensemble_v2_shifted
452,21276,8594,63972,63618,72949,75189,dataminerz,ensemble_v2_shifted
453,46655,5454,58694,77349,20065,8694,dataminerz,ensemble_v2_shifted
454,35579,67861,66187,36843,43189,47000,dataminerz,ensemble_v2_shifted
455,56629,8122,23733,25958,19142,48968,dataminerz,ensemble_v2_shifted
456,47549,30857,2270,51113,62723,44960,dataminerz,ensemble_v2_shifted
457,31827,74504,24840,4513,4666,19813,dataminerz,ensemble_v2_shifted
458,41447,73868,68794,4608,23414,27676,dataminerz,ensemble_v2_shifted
459,57018,639,58204,19533,36039,54969,dataminerz,ensemble_v2_shifted
460,69755,42821,35340,31855,70941,54237,dataminerz,ensemble_v2_shifted
461,16190,25748,3895,6637,36381,70707,dataminerz,ensemble_v2_shifted
462,48231,3245,26599,35389,52445,24380,dataminerz,ensemble_v2_shifted
463,58737,32432,47239,71057,24979,18893,dataminerz,ensemble_v2_shifted
464,9001,33753,50631,58353,9950,21164,dataminerz,ensemble_v2_shifted
465,19462,7410,32817,45082,64714,11047,dataminerz,ensemble_v2_shifted
466,15267,72748,72808,55872,60581,24113,dataminerz,ensemble_v2_shifted
467,68076,32746,48374,30661,74590,67621,dataminerz,ensemble_v2_shifted
468,17617,29679,5462,50072,12916,17019,dataminerz,ensemble_v2_shifted
469,43701,66542,73034,6001,45875,58948,dataminerz,ensemble_v2_shifted
470,66224,72038,78793,11089,49691,67928,dataminerz,ensemble_v2_shifted
471,23132,46369,29009,61297,67643,73361,dataminerz,ensemble_v2_shifted
472,23535,31166,40954,42795,58321,72803,dataminerz,ensemble_v2_shifted
473,18479,18081,2211,21859,34294,38627,dataminerz,ensemble_v2_shifted
474,63017,21152,45700,22025,30742,47001,dataminerz,ensemble_v2_shifted
475,61316,60722,70080,70456,26807,34056,dataminerz,ensemble_v2_shifted
476,56775,43002,15073,15885,27988,57602,dataminerz,ensemble_v2_shifted
477,66954,47261,56424,11248,27400,72105,dataminerz,ensemble_v2_shifted
478,32532,39507,70849,23012,49853,58307,dataminerz,ensemble_v2_shifted
479,53813,42283,42282,54199,5409,9089,dataminerz,ensemble_v2_shifted
480,43877,53889,32965,57339,60938,710,dataminerz,ensemble_v2_shifted
481,34078,1839,23389,52712,11460,16774,dataminerz,ensemble_v2_shifted
482,58561,69119,15816,17019,27263,38190,dataminerz,ensemble_v2_shifted
483,77952,4647,73729,28713,30277,57011,dataminerz,ensemble_v2_shifted
484,34978,1600,43296,46277,47493,6015,dataminerz,ensemble_v2_shifted
485,337,19174,18583,35863,36404,53106,dataminerz,ensemble_v2_shifted
486,25367,7414,43345,56048,47189,57545,dataminerz,ensemble_v2_shifted
487,35094,14718,60807,77828,37864,65441,dataminerz,ensemble_v2_shifted
488,24459,73432,36913,58771,59322,12870,dataminerz,ensemble_v2_shifted
489,10745,23959,11466,10745,37111,50724,dataminerz,ensemble_v2_shifted
490,59769,37847,17233,12231,13995,15468,dataminerz,ensemble_v2_shifted
491,54929,41623,49219,12016,20015,47034,dataminerz,ensemble_v2_shifted
492,78279,30821,59177,40994,54923,68583,dataminerz,ensemble_v2_shifted
493,62535,76104,10728,16793,25140,50471,dataminerz,ensemble_v2_shifted
494,3268,6130,21798,3439,40236,56174,dataminerz,ensemble_v2_shifted
495,663,69456,24380,33344,24713,63831,dataminerz,ensemble_v2_shifted
496,32451,23832,765,42305,73706,31809,dataminerz,ensemble_v2_shifted
497,21607,47597,61337,38946,38557,18094,dataminerz,ensemble_v2_shifted
498,46904,18476,28502,9607,55498,6848,dataminerz,ensemble_v2_shifted
499,58236,27213,4861,7147,15554,20749,dataminerz,ensemble_v2_shifted
500,25488,54324,16540,7411,46998,52985,dataminerz,ensemble_v2_shifted
501,58262,29485,11818,782,50795,25663,dataminerz,ensemble_v2_shifted
502,38083,51322,32252,7674,11963,17084,dataminerz,ensemble_v2_shifted
503,3059,21405,10980,15082,25030,64995,dataminerz,ensemble_v2_shifted
504,49587,77218,49833,67680,22148,38577,dataminerz,ensemble_v2_shifted
505,32126,11383,43192,2845,26604,56868,dataminerz,ensemble_v2_shifted
506,48127,78670,41863,52305,67067,76148,dataminerz,ensemble_v2_shifted
507,59649,36602,59612,18896,73502,78290,dataminerz,ensemble_v2_shifted
508,17465,47173,12322,67861,372,61919,dataminerz,ensemble_v2_shifted
509,53838,42085,15778,18839,21144,50631,dataminerz,ensemble_v2_shifted
510,37146,8456,19349,48043,32545,45093,dataminerz,ensemble_v2_shifted
511,40692,63166,8917,7888,36339,46676,dataminerz,ensemble_v2_shifted
512,53134,37741,14747,26634,73064,2669,dataminerz,ensemble_v2_shifted
513,10841,6444,59307,30757,67253,5812,dataminerz,ensemble_v2_shifted
514,11169,4013,5608,6188,3693,12866,dataminerz,ensemble_v2_shifted
515,68764,71730,65102,24016,37736,56382,dataminerz,ensemble_v2_shifted
516,57342,46227,60020,4214,11175,52897,dataminerz,ensemble_v2_shifted
517,11603,66585,59713,36446,36970,49745,dataminerz,ensemble_v2_shifted
518,69838,21489,71054,70708,73499,18672,dataminerz,ensemble_v2_shifted
519,37998,40576,29118,9384,51977,9832,dataminerz,ensemble_v2_shifted
520,35898,27429,70547,30763,3959,4175,dataminerz,ensemble_v2_shifted
521,51042,68492,58015,4596,38804,60467,dataminerz,ensemble_v2_shifted
522,44118,37940,1601,52118,27188,4471,dataminerz,ensemble_v2_shifted
523,67506,59419,39427,55986,58078,70419,dataminerz,ensemble_v2_shifted
524,636,4833,14314,43852,22764,11707,dataminerz,ensemble_v2_shifted
525,2579,1636,61930,71515,73177,31948,dataminerz,ensemble_v2_shifted
526,45286,19943,36404,31097,44047,44276,dataminerz,ensemble_v2_shifted
527,18427,10405,16400,17019,41455,46400,dataminerz,ensemble_v2_shifted
528,28844,31208,8956,19587,34184,40250,dataminerz,ensemble_v2_shifted
529,65714,61013,35843,14077,68048,30199,dataminerz,ensemble_v2_shifted
530,24554,11065,16387,51553,5612,33761,dataminerz,ensemble_v2_shifted
531,36175,56725,74769,5372,8229,13210,dataminerz,ensemble_v2_shifted
532,72138,37953,60829,57325,34708,49574,dataminerz,ensemble_v2_shifted
533,45594,43625,21413,27732,43606,72688,dataminerz,ensemble_v2_shifted
534,24747,8112,15777,23798,19257,37666,dataminerz,ensemble_v2_shifted
535,26662,44496,797,64897,36505,47208,dataminerz,ensemble_v2_shifted
536,33525,78460,4949,48374,51846,56577,dataminerz,ensemble_v2_shifted
537,8296,66599,8296,42494,51736,6238,dataminerz,ensemble_v2_shifted
538,56597,33941,33562,64822,67985,70141,dataminerz,ensemble_v2_shifted
539,61794,35083,56949,5341,34679,26802,dataminerz,ensemble_v2_shifted
540,27261,20304,18772,50931,52409,59665,dataminerz,ensemble_v2_shifted
541,468,68472,26020,22336,22454,22520,dataminerz,ensemble_v2_shifted
542,29448,57367,43504,50449,32555,57993,dataminerz,ensemble_v2_shifted
543,726,17544,47261,54103,21446,34056,dataminerz,ensemble_v2_shifted
544,55154,50437,45435,41857,19617,64359,dataminerz,ensemble_v2_shifted
545,7977,30633,58015,16045,52167,60460,dataminerz,ensemble_v2_shifted
546,53078,27985,4116,15279,50663,66731,dataminerz,ensemble_v2_shifted
547,34125,5950,63722,25666,71793,40548,dataminerz,ensemble_v2_shifted
548,71063,11809,19533,4136,19954,21929,dataminerz,ensemble_v2_shifted
549,67063,10818,52398,29665,44829,24529,dataminerz,ensemble_v2_shifted
550,47597,3301,75386,7039,29272,54372,dataminerz,ensemble_v2_shifted
551,52305,63081,13379,25963,45388,24486,dataminerz,ensemble_v2_shifted
552,65833,27470,14857,21152,46944,53806,dataminerz,ensemble_v2_shifted
553,5733,9438,16932,52736,32876,40062,dataminerz,ensemble_v2_shifted
554,33494,61974,50569,17910,55890,62481,dataminerz,ensemble_v2_shifted
555,10881,69436,57117,14524,56059,26473,dataminerz,ensemble_v2_shifted
556,74196,18246,3420,11802,23041,27869,dataminerz,ensemble_v2_shifted
557,22160,69874,60471,10032,77507,48644,dataminerz,ensemble_v2_shifted
558,70190,9523,41047,60296,47966,34321,dataminerz,ensemble_v2_shifted
559,16191,1436,19862,33309,39139,41185,dataminerz,ensemble_v2_shifted
560,6363,23319,52937,67751,63399,28431,dataminerz,ensemble_v2_shifted
561,51060,62751,10404,60956,73646,16996,dataminerz,ensemble_v2_shifted
562,41219,53707,35352,3153,3727,13217,dataminerz,ensemble_v2_shifted
563,53100,62093,45380,7592,48386,49941,dataminerz,ensemble_v2_shifted
564,45871,58916,21450,14526,30721,40782,dataminerz,ensemble_v2_shifted
565,29083,10114,37947,11980,44849,47413,dataminerz,ensemble_v2_shifted
566,61636,74991,39171,11046,63737,75730,dataminerz,ensemble_v2_shifted
567,42715,6923,41318,43347,22459,56716,dataminerz,ensemble_v2_shifted
568,32754,30991,55511,73731,35389,38820,dataminerz,ensemble_v2_shifted
569,72607,32809,23288,56990,69198,53106,dataminerz,ensemble_v2_shifted
570,6955,44886,14442,19533,20667,55220,dataminerz,ensemble_v2_shifted
571,2399,52177,78614,14755,4543,24258,dataminerz,ensemble_v2_shifted
572,60216,12649,16207,38163,42920,63098,dataminerz,ensemble_v2_shifted
573,26438,22130,26438,13930,24514,37662,dataminerz,ensemble_v2_shifted
574,57977,61893,63523,12367,14869,20901,dataminerz,ensemble_v2_shifted
575,47675,51767,24139,51160,58174,62003,dataminerz,ensemble_v2_shifted
576,51832,57516,12399,22508,34110,48858,dataminerz,ensemble_v2_shifted
577,29972,18004,53580,13933,17019,28472,dataminerz,ensemble_v2_shifted
578,33790,46758,70417,2881,19518,36080,dataminerz,ensemble_v2_shifted
579,45390,59341,32402,52940,77469,3228,dataminerz,ensemble_v2_shifted
580,11609,50459,12691,7848,18477,38484,dataminerz,ensemble_v2_shifted
581,73256,27283,15204,68981,20858,73727,dataminerz,ensemble_v2_shifted
582,20740,47895,56348,46023,73660,41267,dataminerz,ensemble_v2_shifted
583,24746,43307,7272,9117,13739,19814,dataminerz,ensemble_v2_shifted
584,33956,24147,20774,53444,73465,64179,dataminerz,ensemble_v2_shifted
585,11253,78303,57482,8362,22227,33813,dataminerz,ensemble_v2_shifted
586,5255,57210,67053,39479,23000,44357,dataminerz,ensemble_v2_shifted
587,24675,60759,7783,26406,33530,36843,dataminerz,ensemble_v2_shifted
588,58404,2909,41198,18081,36970,37144,dataminerz,ensemble_v2_shifted
589,47464,25146,43504,34735,64284,54549,dataminerz,ensemble_v2_shifted
590,39665,31103,14650,16978,31655,33098,dataminerz,ensemble_v2_shifted
591,18622,58179,26178,14589,42347,589,dataminerz,ensemble_v2_shifted
592,54066,54066,59653,329,24231,26121,dataminerz,ensemble_v2_shifted
593,30229,54878,18804,40336,6266,30229,dataminerz,ensemble_v2_shifted
594,71353,16831,23978,2342,72244,72925,dataminerz,ensemble_v2_shifted
595,14037,19749,40250,41103,43574,47384,dataminerz,ensemble_v2_shifted
596,71784,16903,19810,77481,8202,8252,dataminerz,ensemble_v2_shifted
597,46951,39263,48374,75215,51846,70408,dataminerz,ensemble_v2_shifted
598,61514,7731,43122,75762,53435,57036,dataminerz,ensemble_v2_shifted
599,27259,1037,2465,12711,32461,49717,dataminerz,ensemble_v2_shifted
600,45613,29119,54645,28108,43067,44641,dataminerz,ensemble_v2_shifted
601,22972,47391,74983,55517,14504,70515,dataminerz,ensemble_v2_shifted
602,45435,7636,26587,58107,65694,59438,dataminerz,ensemble_v2_shifted
603,62993,78204,31660,26194,5658,37720,dataminerz,ensemble_v2_shifted
604,64509,40363,60987,56185,6236,25925,dataminerz,ensemble_v2_shifted
605,46931,49001,73601,74020,32671,33185,dataminerz,ensemble_v2_shifted
606,65465,32826,43813,32022,41869,41973,dataminerz,ensemble_v2_shifted
607,60384,48072,10132,56401,39410,44322,dataminerz,ensemble_v2_shifted
608,31881,17289,54640,14408,16626,22336,dataminerz,ensemble_v2_shifted
609,67229,58799,65708,40918,37756,45303,dataminerz,ensemble_v2_shifted
610,58605,4181,3189,44299,69718,56744,dataminerz,ensemble_v2_shifted
611,6530,7209,13260,25674,32632,45957,dataminerz,ensemble_v2_shifted
612,43304,63236,53305,14290,46459,56626,dataminerz,ensemble_v2_shifted
613,21179,67861,70655,7346,37565,46727,dataminerz,ensemble_v2_shifted
614,28853,8681,7920,29728,39592,55408,dataminerz,ensemble_v2_shifted
615,47632,61686,65232,69023,59455,44635,dataminerz,ensemble_v2_shifted
616,15039,17704,72038,1431,9041,10470,dataminerz,ensemble_v2_shifted
617,72722,16520,49304,23414,45700,466,dataminerz,ensemble_v2_shifted
618,45270,45270,78834,70501,30391,4521,dataminerz,ensemble_v2_shifted
619,61339,24293,57183,75303,24742,34464,dataminerz,ensemble_v2_shifted
620,48791,54358,27303,48356,1280,6628,dataminerz,ensemble_v2_shifted
621,32110,32110,72456,23513,78627,29864,dataminerz,ensemble_v2_shifted
622,33558,15993,36987,77207,74623,34905,dataminerz,ensemble_v2_shifted
623,21639,24448,42868,14977,22460,38408,dataminerz,ensemble_v2_shifted
624,47838,74965,7955,7073,9579,11633,dataminerz,ensemble_v2_shifted
625,78241,64251,20266,68559,28578,53312,dataminerz,ensemble_v2_shifted
626,6413,67788,48195,34162,66996,55219,dataminerz,ensemble_v2_shifted
627,27334,31788,47213,71391,43624,49746,dataminerz,ensemble_v2_shifted
628,3425,62386,60370,53076,38382,63976,dataminerz,ensemble_v2_shifted
629,29779,64468,66449,38342,25608,42794,dataminerz,ensemble_v2_shifted
630,45827,45445,67885,12988,37953,38522,dataminerz,ensemble_v2_shifted
631,39627,11557,20879,58516,77534,9479,dataminerz,ensemble_v2_shifted
632,39590,8172,31496,27921,41652,60646,dataminerz,ensemble_v2_shifted
633,1103,66879,944,747,12144,26166,dataminerz,ensemble_v2_shifted
634,74813,64654,49036,56123,4074,12753,dataminerz,ensemble_v2_shifted
635,39000,44289,39000,32625,43259,20053,dataminerz,ensemble_v2_shifted
636,10434,46671,61216,8726,15238,8436,dataminerz,ensemble_v2_shifted
637,18320,11616,24329,6997,23787,47904,dataminerz,ensemble_v2_shifted
638,47893,57602,57687,20876,63891,13245,dataminerz,ensemble_v2_shifted
639,10426,17479,46488,29722,52447,34168,dataminerz,ensemble_v2_shifted
640,9179,54340,43980,23639,16820,19195,dataminerz,ensemble_v2_shifted
641,58906,70359,16265,59713,30262,58906,dataminerz,ensemble_v2_shifted
642,51702,40194,41372,1853,28318,50240,dataminerz,ensemble_v2_shifted
643,35470,16912,54533,5134,22489,67518,dataminerz,ensemble_v2_shifted
644,30816,77392,12078,32721,37250,42353,dataminerz,ensemble_v2_shifted
645,69589,8976,76891,72544,7413,39302,dataminerz,ensemble_v2_shifted
646,8109,15496,27694,36404,9164,11892,dataminerz,ensemble_v2_shifted
647,62276,62203,46673,2648,8373,18383,dataminerz,ensemble_v2_shifted
648,64534,30233,53489,70782,25763,3159,dataminerz,ensemble_v2_shifted
649,5300,26498,27535,31696,38509,58282,dataminerz,ensemble_v2_shifted
650,54461,63629,5290,16815,17058,26789,dataminerz,ensemble_v2_shifted
651,10326,1511,56096,5518,8245,10423,dataminerz,ensemble_v2_shifted
652,1071,78495,2865,19129,30221,45700,dataminerz,ensemble_v2_shifted
653,20234,57959,19433,40742,59668,77003,dataminerz,ensemble_v2_shifted
654,4525,31971,2571,33556,37565,44757,dataminerz,ensemble_v2_shifted
655,62509,6001,61119,21297,47583,54372,dataminerz,ensemble_v2_shifted
656,39941,29971,35222,39441,13399,22926,dataminerz,ensemble_v2_shifted
657,3583,61625,74659,36970,53500,70196,dataminerz,ensemble_v2_shifted
658,35236,17840,29032,58015,8244,1344,dataminerz,ensemble_v2_shifted
659,42326,19382,20733,27893,9580,43569,dataminerz,ensemble_v2_shifted
660,22868,21528,24465,41421,41593,41371,dataminerz,ensemble_v2_shifted
661,28533,71800,6772,25164,29770,38441,dataminerz,ensemble_v2_shifted
662,61752,42794,15122,23753,38811,47223,dataminerz,ensemble_v2_shifted
663,45955,28440,73072,15527,6624,21248,dataminerz,ensemble_v2_shifted
664,3166,12753,14573,3273,9803,11802,dataminerz,ensemble_v2_shifted
665,1168,26028,7659,20903,70913,17176,dataminerz,ensemble_v2_shifted
666,259,54183,19533,27220,37632,45086,dataminerz,ensemble_v2_shifted
667,60087,22363,32334,53808,63287,72994,dataminerz,ensemble_v2_shifted
668,12311,43897,57074,37454,37772,53376,dataminerz,ensemble_v2_shifted
669,66633,21487,51011,5546,17019,39298,dataminerz,ensemble_v2_shifted
670,65860,46230,64862,78078,21412,23785,dataminerz,ensemble_v2_shifted
671,52748,12648,4596,19073,54714,524,dataminerz,ensemble_v2_shifted
672,35638,24159,809,39284,18868,22688,dataminerz,ensemble_v2_shifted
673,23349,75419,18156,21872,765,22069,dataminerz,ensemble_v2_shifted
674,30313,18081,50437,61293,36686,30112,dataminerz,ensemble_v2_shifted
675,5498,12467,42304,11869,48133,70411,dataminerz,ensemble_v2_shifted
676,45424,5229,54878,16932,53247,17061,dataminerz,ensemble_v2_shifted
677,15472,37456,62084,17004,26747,3231,dataminerz,ensemble_v2_shifted
678,13056,1543,18781,76859,10303,14971,dataminerz,ensemble_v2_shifted
679,14122,25094,45700,38977,3095,17854,dataminerz,ensemble_v2_shifted
680,50582,8546,24044,37240,53166,56121,dataminerz,ensemble_v2_shifted
681,38840,23197,33680,40965,17555,2091,dataminerz,ensemble_v2_shifted
682,63023,18701,2254,48644,58174,71090,dataminerz,ensemble_v2_shifted
683,8516,51052,66898,6828,78188,48700,dataminerz,ensemble_v2_shifted
684,47014,30760,15558,36071,55658,40985,dataminerz,ensemble_v2_shifted
685,49396,11244,53755,27849,36476,43813,dataminerz,ensemble_v2_shifted
686,75774,53390,37736,14247,17289,33042,dataminerz,ensemble_v2_shifted
687,13180,426,30181,65576,70718,12371,dataminerz,ensemble_v2_shifted
688,16340,22424,51810,36970,76044,23791,dataminerz,ensemble_v2_shifted
689,78314,42842,6232,14630,77621,44967,dataminerz,ensemble_v2_shifted
690,1460,51342,32261,73562,20553,55263,dataminerz,ensemble_v2_shifted
691,38005,38996,26267,6906,49714,3826,dataminerz,ensemble_v2_shifted
692,42622,38584,41198,7424,21977,36365,dataminerz,ensemble_v2_shifted
693,38523,44022,55056,66108,34230,43968,dataminerz,ensemble_v2_shifted
694,74041,26086,22666,72111,30520,56749,dataminerz,ensemble_v2_shifted
695,37011,6764,8950,20409,33098,72038,dataminerz,ensemble_v2_shifted
696,6288,60271,61736,52396,24479,78360,dataminerz,ensemble_v2_shifted
697,62728,63867,12738,65901,47456,53253,dataminerz,ensemble_v2_shifted
698,15949,8572,6108,17623,21638,33814,dataminerz,ensemble_v2_shifted
699,15715,34213,47098,34580,38879,42758,dataminerz,ensemble_v2_shifted
700,10097,8099,38328,10097,66337,32120,dataminerz,ensemble_v2_shifted
701,66177,66314,72691,76039,28704,12362,dataminerz,ensemble_v2_shifted
702,16746,10470,16411,1283,1431,3890,dataminerz,ensemble_v2_shifted
703,18879,22432,1048,66075,70912,15276,dataminerz,ensemble_v2_shifted
704,7655,11456,69023,77349,5273,48644,dataminerz,ensemble_v2_shifted
705,53378,65529,51629,24992,3178,28800,dataminerz,ensemble_v2_shifted
706,15167,60070,67938,27790,38751,39628,dataminerz,ensemble_v2_shifted
707,33517,822,66371,69535,11441,12289,dataminerz,ensemble_v2_shifted
708,2975,78754,15321,29150,39788,77108,dataminerz,ensemble_v2_shifted
709,62454,42700,58872,66723,46330,42780,dataminerz,ensemble_v2_shifted
710,51133,2912,28064,56472,37173,45700,dataminerz,ensemble_v2_shifted
711,71805,61912,78353,8044,14445,28062,dataminerz,ensemble_v2_shifted
712,67073,46590,76113,77431,24303,42628,dataminerz,ensemble_v2_shifted
713,77384,54847,13094,13708,29339,13739,dataminerz,ensemble_v2_shifted
714,5844,27152,42796,43318,51767,260,dataminerz,ensemble_v2_shifted
715,52718,38602,24450,28794,19367,36843,dataminerz,ensemble_v2_shifted
716,15767,67740,15980,39747,70183,76769,dataminerz,ensemble_v2_shifted
717,45935,6238,13725,61809,65793,10793,dataminerz,ensemble_v2_shifted
718,2142,42383,17626,25637,30867,36795,dataminerz,ensemble_v2_shifted
719,31637,8029,14161,18081,48550,58284,dataminerz,ensemble_v2_shifted
720,31129,1808,32501,46617,63257,75754,dataminerz,ensemble_v2_shifted
721,76150,2938,6029,19207,49953,20604,dataminerz,ensemble_v2_shifted
722,75867,4041,65665,66225,32881,39537,dataminerz,ensemble_v2_shifted
723,24085,54234,72991,6205,6516,11695,dataminerz,ensemble_v2_shifted
724,13973,62960,8352,2203,78389,43608,dataminerz,ensemble_v2_shifted
725,70180,34436,44798,1416,50848,54623,dataminerz,ensemble_v2_shifted
726,77574,42802,78092,3574,9494,13392,dataminerz,ensemble_v2_shifted
727,62162,35785,28257,49234,15781,28502,dataminerz,ensemble_v2_shifted
728,40017,12365,29971,40017,71996,23258,dataminerz,ensemble_v2_shifted
729,49479,445,21029,31050,66396,78055,dataminerz,ensemble_v2_shifted
730,9036,39348,50899,44493,49452,12365,dataminerz,ensemble_v2_shifted
731,14314,77255,4833,25971,35467,64901,dataminerz,ensemble_v2_shifted
732,54145,31007,62701,1534,18426,33556,dataminerz,ensemble_v2_shifted
733,36939,41797,60407,46264,11821,29298,dataminerz,ensemble_v2_shifted
734,13269,38996,19937,26510,35366,41743,dataminerz,ensemble_v2_shifted
735,24486,52305,67,28079,59500,66046,dataminerz,ensemble_v2_shifted
736,31685,47892,9609,28732,47815,56621,dataminerz,ensemble_v2_shifted
737,55613,38548,16581,23994,61030,36277,dataminerz,ensemble_v2_shifted
738,10307,29373,35061,6035,18756,68179,dataminerz,ensemble_v2_shifted
739,31085,60540,56719,2290,6601,30718,dataminerz,ensemble_v2_shifted
740,12152,71057,12610,13158,21643,24897,dataminerz,ensemble_v2_shifted
741,1399,36404,8065,8678,21703,24018,dataminerz,ensemble_v2_shifted
742,47621,37059,59752,66047,11619,28403,dataminerz,ensemble_v2_shifted
743,77524,3078,43914,44061,23941,40446,dataminerz,ensemble_v2_shifted
744,72017,5906,12748,40589,78728,4111,dataminerz,ensemble_v2_shifted
745,68427,25521,63291,23439,76742,12638,dataminerz,ensemble_v2_shifted
746,45238,22077,66908,10821,55841,62340,dataminerz,ensemble_v2_shifted
747,1777,29097,48031,51899,42858,57644,dataminerz,ensemble_v2_shifted
748,64596,60992,65424,17333,19533,20512,dataminerz,ensemble_v2_shifted
749,53660,24219,17739,69184,60675,69764,dataminerz,ensemble_v2_shifted
750,53793,20199,63382,78553,35498,34773,dataminerz,ensemble_v2_shifted
751,53003,43022,59224,62259,71373,71470,dataminerz,ensemble_v2_shifted
752,30144,20497,4994,22191,41162,43509,dataminerz,ensemble_v2_shifted
753,59985,56492,12051,15650,18080,19067,dataminerz,ensemble_v2_shifted
754,5384,45242,975,19533,22291,45858,dataminerz,ensemble_v2_shifted
755,70911,33105,36970,33062,8593,33826,dataminerz,ensemble_v2_shifted
756,54790,10336,22103,49545,7272,8339,dataminerz,ensemble_v2_shifted
757,66903,22452,48676,31349,60751,15802,dataminerz,ensemble_v2_shifted
758,49099,60531,22716,22603,42721,63643,dataminerz,ensemble_v2_shifted
759,35947,40011,15217,36970,2363,18081,dataminerz,ensemble_v2_shifted
760,18424,54274,10821,27462,31156,37618,dataminerz,ensemble_v2_shifted
761,1177,40078,69494,23624,18178,72292,dataminerz,ensemble_v2_shifted
762,25513,53846,75004,9062,14090,16786,dataminerz,ensemble_v2_shifted
763,56477,74158,47543,1384,41497,56477,dataminerz,ensemble_v2_shifted
764,19649,817,1808,39050,39057,46377,dataminerz,ensemble_v2_shifted
765,28731,7275,12409,22182,46972,52254,dataminerz,ensemble_v2_shifted
766,35048,5995,40894,68733,2473,19660,dataminerz,ensemble_v2_shifted
767,47192,60872,15744,77767,2003,16060,dataminerz,ensemble_v2_shifted
768,56453,29277,64474,34025,3155,24771,dataminerz,ensemble_v2_shifted
769,56939,42755,48021,56831,1359,33932,dataminerz,ensemble_v2_shifted
770,18904,67,6123,12207,13938,26166,dataminerz,ensemble_v2_shifted
771,44025,28239,23031,71614,14901,35442,dataminerz,ensemble_v2_shifted
772,9012,2352,22707,70520,76850,2729,dataminerz,ensemble_v2_shifted
773,5892,62849,25737,6389,15014,3594,dataminerz,ensemble_v2_shifted
774,5119,12051,28016,43574,1422,5306,dataminerz,ensemble_v2_shifted
775,19874,19466,24895,26609,12949,17349,dataminerz,ensemble_v2_shifted
776,41477,13453,18850,22826,56164,69783,dataminerz,ensemble_v2_shifted
777,45068,21002,408,7973,26281,53126,dataminerz,ensemble_v2_shifted
778,61261,78309,44846,25823,23758,28557,dataminerz,ensemble_v2_shifted
779,52685,74564,49266,32759,63467,69485,dataminerz,ensemble_v2_shifted
780,21281,19518,35604,63329,25802,46075,dataminerz,ensemble_v2_shifted
781,61125,51322,20759,57825,7674,11963,dataminerz,ensemble_v2_shifted
782,45116,58692,40258,71006,19808,42939,dataminerz,ensemble_v2_shifted
783,15854,24863,18117,15854,7754,68491,dataminerz,ensemble_v2_shifted
784,46634,2903,24564,27620,36199,37285,dataminerz,ensemble_v2_shifted
785,4272,43829,73646,16305,38599,3753,dataminerz,ensemble_v2_shifted
786,39508,12052,14783,68441,8452,12909,dataminerz,ensemble_v2_shifted
787,13970,18048,7039,75386,1367,18389,dataminerz,ensemble_v2_shifted
788,9626,74195,63695,72111,35011,45078,dataminerz,ensemble_v2_shifted
789,6341,52358,55994,23863,29990,31534,dataminerz,ensemble_v2_shifted
790,26222,22363,42306,7000,25666,42285,dataminerz,ensemble_v2_shifted
791,17998,53092,71537,15559,17998,56419,dataminerz,ensemble_v2_shifted
792,51002,54183,13175,32962,33941,43802,dataminerz,ensemble_v2_shifted
793,70026,25222,10984,47597,48569,76446,dataminerz,ensemble_v2_shifted
794,4089,56171,29971,24514,64644,8817,dataminerz,ensemble_v2_shifted
795,56945,44657,64832,46157,42333,20918,dataminerz,ensemble_v2_shifted
796,56300,27486,1200,5636,24766,30168,dataminerz,ensemble_v2_shifted
797,29536,52037,5827,13379,41282,67440,dataminerz,ensemble_v2_shifted
798,67085,838,20571,32354,38982,45023,dataminerz,ensemble_v2_shifted
799,8318,10438,68765,8340,6920,8318,dataminerz,ensemble_v2_shifted
800,50701,30214,32635,67861,15978,35181,dataminerz,ensemble_v2_shifted
801,39906,74496,19039,51349,60491,49782,dataminerz,ensemble_v2_shifted
802,20388,30390,43751,66651,37852,24507,dataminerz,ensemble_v2_shifted
803,48054,1955,30511,41585,68904,37878,dataminerz,ensemble_v2_shifted
804,28013,27721,764,3735,14792,33613,dataminerz,ensemble_v2_shifted
805,72242,17442,12538,18956,26127,48303,dataminerz,ensemble_v2_shifted
806,69407,73379,45141,23693,37102,47345,dataminerz,ensemble_v2_shifted
807,67382,32732,61786,13907,29520,43399,dataminerz,ensemble_v2_shifted
808,48584,14578,24552,65240,69023,61791,dataminerz,ensemble_v2_shifted
809,38197,34818,2166,60804,78067,70795,dataminerz,ensemble_v2_shifted
810,3696,31029,69096,40104,45260,59837,dataminerz,ensemble_v2_shifted
811,22940,47540,54052,9573,71515,7550,dataminerz,ensemble_v2_shifted
812,66319,75129,12308,63290,69023,21897,dataminerz,ensemble_v2_shifted
813,37531,74294,34528,61335,24245,34480,dataminerz,ensemble_v2_shifted
814,47302,13121,14993,8676,49663,25238,dataminerz,ensemble_v2_shifted
815,64237,52414,44334,73765,8117,8876,dataminerz,ensemble_v2_shifted
816,60983,48620,66099,19968,1049,9943,dataminerz,ensemble_v2_shifted
817,687,35380,44819,56372,18921,54394,dataminerz,ensemble_v2_shifted
818,51599,27005,23649,19131,43364,8639,dataminerz,ensemble_v2_shifted
819,12519,34995,76391,10304,54179,4406,dataminerz,ensemble_v2_shifted
820,8268,76424,7458,31492,9229,15244,dataminerz,ensemble_v2_shifted
821,45732,11907,43845,5921,35014,46624,dataminerz,ensemble_v2_shifted
822,29948,32998,76830,337,30060,35633,dataminerz,ensemble_v2_shifted
823,24087,62109,25263,74022,20436,11738,dataminerz,ensemble_v2_shifted
824,24667,15242,25666,22621,24667,26134,dataminerz,ensemble_v2_shifted
825,9197,77055,52979,63316,15030,49659,dataminerz,ensemble_v2_shifted
826,31571,28236,12063,72962,6335,14289,dataminerz,ensemble_v2_shifted
827,71698,18048,68403,67188,27947,55435,dataminerz,ensemble_v2_shifted
828,43672,48274,29971,4273,12365,12959,dataminerz,ensemble_v2_shifted
829,72088,14459,67861,52305,7607,8199,dataminerz,ensemble_v2_shifted
830,53393,28678,39222,46611,28434,12935,dataminerz,ensemble_v2_shifted
831,38254,72052,71429,5221,11049,30483,dataminerz,ensemble_v2_shifted
832,27491,52385,2412,8155,37642,17390,dataminerz,ensemble_v2_shifted
833,7028,14706,20969,56618,32405,45272,dataminerz,ensemble_v2_shifted
834,56180,1493,15592,17824,33103,33856,dataminerz,ensemble_v2_shifted
835,10324,78555,23639,6974,12144,14925,dataminerz,ensemble_v2_shifted
836,51443,7464,40241,9265,1567,24340,dataminerz,ensemble_v2_shifted
837,65088,19482,17566,15252,28251,42048,dataminerz,ensemble_v2_shifted
838,45487,847,62920,11475,20435,21852,dataminerz,ensemble_v2_shifted
839,7201,19014,34357,39735,52543,74846,dataminerz,ensemble_v2_shifted
840,3031,18334,67544,68014,38577,65158,dataminerz,ensemble_v2_shifted
841,52727,30575,78867,15778,20923,26644,dataminerz,ensemble_v2_shifted
842,66360,32192,71996,856,45855,75373,dataminerz,ensemble_v2_shifted
843,70707,69729,57721,27155,50704,67861,dataminerz,ensemble_v2_shifted
844,60250,17274,18746,22895,74789,15297,dataminerz,ensemble_v2_shifted
845,70223,30645,639,46576,58204,67861,dataminerz,ensemble_v2_shifted
846,12103,22158,20483,30790,48323,34462,dataminerz,ensemble_v2_shifted
847,29580,26409,43822,39543,32261,45779,dataminerz,ensemble_v2_shifted
848,3472,25163,25353,422,6169,25172,dataminerz,ensemble_v2_shifted
849,66315,18471,8497,10775,17077,22938,dataminerz,ensemble_v2_shifted
850,58455,60830,3171,15468,7473,12231,dataminerz,ensemble_v2_shifted
851,9424,3890,7824,11795,26573,33655,dataminerz,ensemble_v2_shifted
852,56705,26783,6141,11795,21255,21309,dataminerz,ensemble_v2_shifted
853,54338,4537,23283,37953,21880,34708,dataminerz,ensemble_v2_shifted
854,70923,46971,25361,5953,12490,17498,dataminerz,ensemble_v2_shifted
855,41422,75194,78354,65793,4529,15093,dataminerz,ensemble_v2_shifted
856,23087,37030,46028,42353,51109,52696,dataminerz,ensemble_v2_shifted
857,60594,6422,3718,1154,53147,76946,dataminerz,ensemble_v2_shifted
858,59102,52702,12483,10931,13452,51022,dataminerz,ensemble_v2_shifted
859,70997,5989,7917,17019,25400,38472,dataminerz,ensemble_v2_shifted
860,15861,7475,40161,76046,76894,811,dataminerz,ensemble_v2_shifted
861,8542,33333,1041,19367,70576,18421,dataminerz,ensemble_v2_shifted
862,38964,73087,10807,11922,18253,35021,dataminerz,ensemble_v2_shifted
863,8208,8989,76865,17322,38891,47713,dataminerz,ensemble_v2_shifted
864,1954,24564,23768,18294,16591,29218,dataminerz,ensemble_v2_shifted
865,4822,41316,20509,61545,40287,18119,dataminerz,ensemble_v2_shifted
866,26113,69788,23135,53740,267,1777,dataminerz,ensemble_v2_shifted
867,12970,66056,8619,72628,12376,18113,dataminerz,ensemble_v2_shifted
868,9891,4106,40485,979,33894,48562,dataminerz,ensemble_v2_shifted
869,65669,13307,47402,53740,57374,65214,dataminerz,ensemble_v2_shifted
870,26379,27903,31123,14908,53029,61382,dataminerz,ensemble_v2_shifted
871,30725,3991,2179,33730,23811,30920,dataminerz,ensemble_v2_shifted
872,55501,17214,73054,22014,15681,9962,dataminerz,ensemble_v2_shifted
873,49738,18872,1670,29417,55334,45318,dataminerz,ensemble_v2_shifted
874,77676,53536,76085,60099,6488,47224,dataminerz,ensemble_v2_shifted
875,16801,27657,47413,50979,5662,20291,dataminerz,ensemble_v2_shifted
876,61475,42960,5913,3417,15675,18481,dataminerz,ensemble_v2_shifted
877,51600,950,73105,36153,15479,60790,dataminerz,ensemble_v2_shifted
878,33303,58821,8017,20483,41480,47690,dataminerz,ensemble_v2_shifted
879,39498,2134,3879,10653,15159,16268,dataminerz,ensemble_v2_shifted
880,46052,60213,5167,74361,78022,19099,dataminerz,ensemble_v2_shifted
881,72969,64300,5823,11717,56030,57699,dataminerz,ensemble_v2_shifted
882,14895,507,59274,48035,18081,53532,dataminerz,ensemble_v2_shifted
883,69233,17138,44353,13183,71708,34954,dataminerz,ensemble_v2_shifted
884,19801,20425,400,78505,14142,39531,dataminerz,ensemble_v2_shifted
885,65557,60140,26134,28064,31696,39631,dataminerz,ensemble_v2_shifted
886,78480,36058,57394,43048,58787,24460,dataminerz,ensemble_v2_shifted
887,20547,54990,14794,24523,26014,22258,dataminerz,ensemble_v2_shifted
888,47002,34617,39876,8689,12387,66703,dataminerz,ensemble_v2_shifted
889,41580,42255,67518,75039,2097,13935,dataminerz,ensemble_v2_shifted
890,23706,33531,27880,23706,29534,39348,dataminerz,ensemble_v2_shifted
891,8498,40536,7320,8498,19446,26764,dataminerz,ensemble_v2_shifted
892,53475,693,4820,21287,13690,57431,dataminerz,ensemble_v2_shifted
893,2074,35429,18839,15778,30124,46028,dataminerz,ensemble_v2_shifted
894,75295,12416,46041,23052,58930,17896,dataminerz,ensemble_v2_shifted
895,39076,37178,70938,816,19550,35497,dataminerz,ensemble_v2_shifted
896,59879,28285,11892,75558,6050,10463,dataminerz,ensemble_v2_shifted
897,51540,3212,30430,27373,41503,52165,dataminerz,ensemble_v2_shifted
898,40362,7472,11714,3232,60964,78678,dataminerz,ensemble_v2_shifted
899,73789,34621,979,12845,38179,40550,dataminerz,ensemble_v2_shifted
900,76368,6024,19703,23414,38418,3760,dataminerz,ensemble_v2_shifted
901,22313,22489,9854,57310,61511,65984,dataminerz,ensemble_v2_shifted
902,11550,41198,67861,5218,15833,15978,dataminerz,ensemble_v2_shifted
903,73200,46924,4429,34837,36124,46157,dataminerz,ensemble_v2_shifted
904,21536,64916,61309,75220,33206,35978,dataminerz,ensemble_v2_shifted
905,56475,47923,78608,56475,63816,73692,dataminerz,ensemble_v2_shifted
906,27237,6506,46756,25126,25200,48197,dataminerz,ensemble_v2_shifted
907,59970,19541,21759,55510,63589,33284,dataminerz,ensemble_v2_shifted
908,66324,16082,2050,4489,9872,10103,dataminerz,ensemble_v2_shifted
909,56170,8654,8354,3114,10167,20477,dataminerz,ensemble_v2_shifted
910,61750,66829,10855,14971,15744,9592,dataminerz,ensemble_v2_shifted
911,78486,40257,69279,12932,54183,39523,dataminerz,ensemble_v2_shifted
912,22231,11719,45690,22847,42697,52947,dataminerz,ensemble_v2_shifted
913,56175,18994,69844,36054,73359,40654,dataminerz,ensemble_v2_shifted
914,36526,21106,60794,14097,30818,34617,dataminerz,ensemble_v2_shifted
915,72777,6901,9870,31587,11245,30112,dataminerz,ensemble_v2_shifted
916,51818,39620,64884,9391,36422,40250,dataminerz,ensemble_v2_shifted
917,78303,11253,57482,381,51215,62657,dataminerz,ensemble_v2_shifted
918,54090,25722,29649,32318,52881,53251,dataminerz,ensemble_v2_shifted
919,58865,57970,25072,59964,63831,61994,dataminerz,ensemble_v2_shifted
920,28493,73000,63157,31083,46457,10130,dataminerz,ensemble_v2_shifted
921,39201,73164,8585,27858,41384,69805,dataminerz,ensemble_v2_shifted
922,3523,12583,3059,11129,21405,54183,dataminerz,ensemble_v2_shifted
923,26764,58675,58083,8498,22627,72066,dataminerz,ensemble_v2_shifted
924,10587,36970,41198,30755,31427,50081,dataminerz,ensemble_v2_shifted
925,27590,6328,61597,67318,21264,24095,dataminerz,ensemble_v2_shifted
926,14640,48463,17513,55875,45663,58035,dataminerz,ensemble_v2_shifted
927,30239,3255,28267,33827,48813,51500,dataminerz,ensemble_v2_shifted
928,25987,18004,52763,54583,23531,40196,dataminerz,ensemble_v2_shifted
929,50899,49452,69803,6340,46761,51212,dataminerz,ensemble_v2_shifted
930,38664,57753,26466,31680,31796,49374,dataminerz,ensemble_v2_shifted
931,64339,36404,34840,47223,15961,4013,dataminerz,ensemble_v2_shifted
932,36157,6370,28489,65212,3083,15177,dataminerz,ensemble_v2_shifted
933,67219,507,760,1581,7063,41021,dataminerz,ensemble_v2_shifted
934,26971,1337,11772,12827,36843,40175,dataminerz,ensemble_v2_shifted
935,59750,9160,51244,10880,18087,36970,dataminerz,ensemble_v2_shifted
936,14318,70898,28263,66555,11319,29536,dataminerz,ensemble_v2_shifted
937,35892,1905,5913,19623,43234,57314,dataminerz,ensemble_v2_shifted
938,23226,61131,40776,61754,7185,4063,dataminerz,ensemble_v2_shifted
939,78680,43509,34056,47261,68542,29866,dataminerz,ensemble_v2_shifted
940,60056,14735,11381,72038,10009,554,dataminerz,ensemble_v2_shifted
941,68759,12262,24603,36970,68759,29675,dataminerz,ensemble_v2_shifted
942,61909,54946,21204,6188,4066,46860,dataminerz,ensemble_v2_shifted
943,62464,26655,78516,20911,43707,16922,dataminerz,ensemble_v2_shifted
944,39864,39315,14449,16383,22953,32428,dataminerz,ensemble_v2_shifted
945,4120,59731,14336,34810,36970,3952,dataminerz,ensemble_v2_shifted
946,71863,20413,34270,1959,4068,7626,dataminerz,ensemble_v2_shifted
947,67953,64958,63087,22270,57796,47039,dataminerz,ensemble_v2_shifted
948,14782,66227,30372,30471,31676,63173,dataminerz,ensemble_v2_shifted
949,55221,25072,70620,64487,40133,74014,dataminerz,ensemble_v2_shifted
950,13755,69135,78544,25352,26575,35374,dataminerz,ensemble_v2_shifted
951,66040,11615,4818,23610,12868,20618,dataminerz,ensemble_v2_shifted
952,22353,6852,64458,26002,17626,75263,dataminerz,ensemble_v2_shifted
953,11485,67230,20987,71261,4038,8354,dataminerz,ensemble_v2_shifted
954,10789,18890,33880,7084,15795,78150,dataminerz,ensemble_v2_shifted
955,63891,48644,23570,26462,49495,52367,dataminerz,ensemble_v2_shifted
956,49179,65885,19146,11563,4763,11376,dataminerz,ensemble_v2_shifted
957,817,3308,62653,9550,15572,16903,dataminerz,ensemble_v2_shifted
958,25157,2523,42398,51577,53452,77349,dataminerz,ensemble_v2_shifted
959,41090,47779,67486,17579,19720,74077,dataminerz,ensemble_v2_shifted
960,77200,16995,3308,9028,71619,1808,dataminerz,ensemble_v2_shifted
961,66568,22297,9410,20911,32700,40250,dataminerz,ensemble_v2_shifted
962,45173,9603,30092,31739,35802,38044,dataminerz,ensemble_v2_shifted
963,20399,30656,29601,17744,46070,52217,dataminerz,ensemble_v2_shifted
964,76916,38098,64526,14020,30218,32990,dataminerz,ensemble_v2_shifted
965,63103,2889,43141,1991,4013,13350,dataminerz,ensemble_v2_shifted
966,64517,2067,29470,8408,72666,28970,dataminerz,ensemble_v2_shifted
967,47988,51671,49376,6471,7539,42792,dataminerz,ensemble_v2_shifted
968,44662,41111,78961,45316,46860,52014,dataminerz,ensemble_v2_shifted
969,76645,7039,74286,26646,64487,76285,dataminerz,ensemble_v2_shifted
970,62115,36080,11044,68591,7741,12827,dataminerz,ensemble_v2_shifted
971,62234,56748,10585,12569,41125,43022,dataminerz,ensemble_v2_shifted
972,36826,34056,33411,47261,11248,6795,dataminerz,ensemble_v2_shifted
973,29916,39913,37459,16539,44013,17862,dataminerz,ensemble_v2_shifted
974,8728,2143,18519,37749,51573,20301,dataminerz,ensemble_v2_shifted
975,30372,78675,43998,6085,20522,34846,dataminerz,ensemble_v2_shifted
976,17138,36827,26656,53070,69262,20176,dataminerz,ensemble_v2_shifted
977,40812,31492,44840,44548,24381,65838,dataminerz,ensemble_v2_shifted
978,28381,6355,73108,41574,59837,61743,dataminerz,ensemble_v2_shifted
979,37563,10908,41205,45766,46678,34630,dataminerz,ensemble_v2_shifted
980,42158,10470,44047,51948,54135,51362,dataminerz,ensemble_v2_shifted
981,36959,12549,56072,53870,5419,6459,dataminerz,ensemble_v2_shifted
982,30622,52970,53018,12325,16686,18081,dataminerz,ensemble_v2_shifted
983,56782,39775,45820,63734,63399,19466,dataminerz,ensemble_v2_shifted
984,44214,63769,17142,23151,25866,30409,dataminerz,ensemble_v2_shifted
985,50648,20408,831,2317,58863,68065,dataminerz,ensemble_v2_shifted
986,37731,19651,65486,64206,31224,32868,dataminerz,ensemble_v2_shifted
987,22963,41660,10249,13312,14321,24842,dataminerz,ensemble_v2_shifted
988,24740,4893,75247,24033,58282,64797,dataminerz,ensemble_v2_shifted
989,2706,5811,17748,36167,6132,32574,dataminerz,ensemble_v2_shifted
990,58358,15554,77530,9803,6095,2728,dataminerz,ensemble_v2_shifted
991,9569,46706,62651,78546,38192,39611,dataminerz,ensemble_v2_shifted
992,50163,52305,2982,4559,30588,36927,dataminerz,ensemble_v2_shifted
993,5357,18262,11193,6177,52979,7490,dataminerz,ensemble_v2_shifted
994,23570,27009,2881,22986,25916,31220,dataminerz,ensemble_v2_shifted
995,78384,43318,12464,26409,8775,11695,dataminerz,ensemble_v2_shifted
996,68157,6253,55547,41558,3381,19503,dataminerz,ensemble_v2_shifted
997,44964,3086,19533,63872,3817,42765,dataminerz,ensemble_v2_shifted
998,12971,35540,32816,67562,49248,15800,dataminerz,ensemble_v2_shifted
999,41078,43828,51490,11023,22238,23733,dataminerz,ensemble_v2_shifted
