book_id,model_id,team_id,recommendation_1,recommendation_2,recommendation_3,recommendation_4,recommendation_5
12,3,mannheimminers,53101,19439,2445,73651,57244
45274,3,mannheimminers,45274,70477,48212,42730,1746
10104,3,mannheimminers,10143,22222,28832,49755,5057
41371,3,mannheimminers,29539,54689,5376,50757,4752
14015,3,mannheimminers,59077,20173,48923,68662,62144
28515,3,mannheimminers,63044,58477,58044,54633,10886
70766,3,mannheimminers,44234,17903,61176,5739,49187
1822,3,mannheimminers,68179,55029,29355,21355,55975
56794,3,mannheimminers,44420,2121,47195,12699,38834
60188,3,mannheimminers,23137,14935,16020,35062,33651
62060,3,mannheimminers,1136,37310,34366,34906,40344
31401,3,mannheimminers,57097,33884,40871,12531,28598
6420,3,mannheimminers,25926,74428,63538,56011,60917
72855,3,mannheimminers,37229,49306,14013,48465,10410
73378,3,mannheimminers,14700,32216,29605,51047,28017
25049,3,mannheimminers,27466,48096,26561,38813,59530
24603,3,mannheimminers,54569,32145,24603,45686,56838
5737,3,mannheimminers,27599,74591,35293,15857,7479
38980,3,mannheimminers,63573,75923,57580,9344,7115
13382,3,mannheimminers,39488,60644,52254,34313,54170
75121,3,mannheimminers,28451,26274,61099,64495,4228
39779,3,mannheimminers,41382,50269,24755,48137,35930
14026,3,mannheimminers,64438,76538,78769,30708,32014
9392,3,mannheimminers,13957,957,66476,78500,43096
77956,3,mannheimminers,70706,48325,32762,43848,32880
70300,3,mannheimminers,29104,45054,12115,437,17638
77134,3,mannheimminers,8101,29977,68886,40741,39848
75340,3,mannheimminers,29763,40248,55774,63631,10399
51066,3,mannheimminers,51066,5036,49507,29571,36535
67776,3,mannheimminers,6740,15287,54725,5558,55410
53929,3,mannheimminers,29849,27817,6618,24285,56232
22342,3,mannheimminers,22342,28979,50389,51684,57562
41116,3,mannheimminers,59430,75020,36664,4425,30105
60331,3,mannheimminers,14666,68713,54255,41808,46264
65307,3,mannheimminers,37515,70040,69769,1510,15371
50039,3,mannheimminers,54037,30706,2885,24036,43931
42184,3,mannheimminers,37567,17745,32386,28478,12617
76163,3,mannheimminers,16142,34524,74913,39257,57311
2319,3,mannheimminers,30023,66049,36606,44711,16123
62494,3,mannheimminers,27493,62433,44066,32132,29028
31015,3,mannheimminers,4846,74006,59816,16608,78928
21497,3,mannheimminers,48669,77708,19761,21680,50618
53008,3,mannheimminers,67796,59779,8614,54465,52217
39308,3,mannheimminers,10158,36430,51509,33619,7780
4690,3,mannheimminers,34119,62681,73855,25364,66756
19777,3,mannheimminers,54827,27295,16447,32990,29947
10078,3,mannheimminers,20749,43513,43270,27943,33392
65353,3,mannheimminers,11062,101,63819,29718,4973
58847,3,mannheimminers,36638,35419,25148,29123,54818
61593,3,mannheimminers,53999,6630,7190,64143,71908
18537,3,mannheimminers,63283,46712,49641,7133,21059
73427,3,mannheimminers,73427,65226,65884,71506,41703
7521,3,mannheimminers,21716,6326,4351,24271,13901
71586,3,mannheimminers,33094,6118,3421,65939,17818
13772,3,mannheimminers,58218,23376,51082,63688,1778
33092,3,mannheimminers,70120,18086,63952,22274,24851
74398,3,mannheimminers,75305,72081,41241,23947,60266
74089,3,mannheimminers,7163,51990,40836,68539,8397
57282,3,mannheimminers,40070,18498,69520,17897,32705
38760,3,mannheimminers,45237,63734,21580,19669,45820
15657,3,mannheimminers,26193,28216,15149,49947,16250
17665,3,mannheimminers,9282,43222,73588,37104,37594
75251,3,mannheimminers,65078,65902,55049,6891,70659
56282,3,mannheimminers,25040,27774,29478,33357,54482
73973,3,mannheimminers,71771,9597,59024,12416,17664
19994,3,mannheimminers,29774,56948,36672,44673,48754
47098,3,mannheimminers,42758,44842,34213,37908,4528
54190,3,mannheimminers,54518,58532,1743,38690,58952
61043,3,mannheimminers,73911,30517,58610,6794,78608
78675,3,mannheimminers,78675,10713,49569,40351,15578
40394,3,mannheimminers,29184,307,14023,37057,12733
43844,3,mannheimminers,6306,66035,26346,16350,38606
27300,3,mannheimminers,17457,69288,28524,15243,60598
22870,3,mannheimminers,3615,64640,5721,39670,59004
61707,3,mannheimminers,15204,13158,41701,27837,63471
17888,3,mannheimminers,67221,47405,57135,14389,63525
48292,3,mannheimminers,30745,13626,54313,52462,30558
2054,3,mannheimminers,8580,61458,23133,48168,60058
6643,3,mannheimminers,2126,73311,10300,24777,22561
3857,3,mannheimminers,12726,54327,5367,65073,78310
64350,3,mannheimminers,16857,46268,46677,36083,34643
10833,3,mannheimminers,49521,37323,78361,29798,65818
33556,3,mannheimminers,71374,31709,73418,13145,23417
23256,3,mannheimminers,87,51151,31874,15124,2964
53880,3,mannheimminers,1904,50561,77425,50733,4200
75694,3,mannheimminers,33409,73056,5131,61520,14427
17770,3,mannheimminers,16427,69743,48701,32778,1970
9365,3,mannheimminers,60882,34476,46375,67825,46373
11177,3,mannheimminers,68293,11421,24392,4943,44485
48659,3,mannheimminers,27477,46886,56860,39259,55334
18169,3,mannheimminers,55524,75439,21320,20691,38913
48490,3,mannheimminers,52670,10060,69119,49871,50671
70627,3,mannheimminers,17296,51160,73314,66937,11353
40000,3,mannheimminers,65452,57747,67170,40703,53538
18665,3,mannheimminers,52938,54007,1265,48351,71640
35574,3,mannheimminers,77348,63846,29326,71655,22660
11732,3,mannheimminers,76383,1530,68773,63828,21691
6798,3,mannheimminers,16780,25674,33862,76226,33342
42415,3,mannheimminers,16573,52011,70659,50792,13497
64236,3,mannheimminers,72627,36070,20761,41936,38018
60644,3,mannheimminers,39488,60644,52254,34313,54170
11595,3,mannheimminers,32763,33416,18566,27796,58397
39957,3,mannheimminers,59002,78754,71266,32599,49609
1519,3,mannheimminers,18362,20237,26166,23232,53466
10075,3,mannheimminers,30879,39367,65528,57268,47327
25209,3,mannheimminers,70388,25699,9482,7262,66649
7108,3,mannheimminers,19484,23706,35703,72235,16750
67848,3,mannheimminers,50583,12063,76247,54691,2301
40424,3,mannheimminers,1555,59553,17170,27981,4549
72523,3,mannheimminers,27374,35941,48573,20615,69783
60588,3,mannheimminers,19399,105,21220,35894,49759
21315,3,mannheimminers,47270,31241,69471,11064,40028
50356,3,mannheimminers,60780,9795,64507,41835,30237
75904,3,mannheimminers,75904,75311,68843,10702,48326
17240,3,mannheimminers,24720,38084,31041,2968,52116
24218,3,mannheimminers,42292,400,49064,40259,17098
21949,3,mannheimminers,49178,78562,403,38460,29552
6478,3,mannheimminers,9417,28026,12175,44920,55616
76242,3,mannheimminers,28111,38364,49169,49464,38827
71112,3,mannheimminers,40180,38251,5518,65579,62635
76437,3,mannheimminers,77911,20691,2879,21506,7811
52656,3,mannheimminers,76998,76806,76692,56431,16779
10304,3,mannheimminers,11938,28743,48716,40716,45115
25399,3,mannheimminers,45942,27705,49165,505,45484
71619,3,mannheimminers,32512,75004,63599,2094,4168
31439,3,mannheimminers,26728,73109,48562,57557,19103
14323,3,mannheimminers,5087,45820,10775,21104,24857
10842,3,mannheimminers,73856,55278,65176,13526,3708
39515,3,mannheimminers,9419,76795,54656,48838,625
59732,3,mannheimminers,71943,75651,31094,39275,2083
56452,3,mannheimminers,35069,6791,46124,42610,49373
53496,3,mannheimminers,60831,53365,78013,43825,65591
27903,3,mannheimminers,14080,53029,28065,57993,33456
53672,3,mannheimminers,22760,59190,62768,40714,2082
29813,3,mannheimminers,29894,70683,77423,21964,18077
67909,3,mannheimminers,56838,45686,40795,24603,64181
36620,3,mannheimminers,17905,54377,60918,50591,12798
44197,3,mannheimminers,24504,34802,1095,69754,37373
68772,3,mannheimminers,54858,32233,499,45288,17126
72058,3,mannheimminers,54246,62104,16895,1151,22262
17921,3,mannheimminers,52813,24998,75321,7621,45773
67832,3,mannheimminers,33928,68184,15609,33157,18146
73203,3,mannheimminers,63036,62409,52146,66793,9383
30873,3,mannheimminers,6557,64684,75432,51143,58914
46059,3,mannheimminers,77948,56059,40423,44415,21610
49615,3,mannheimminers,76535,76310,77442,19822,22760
76629,3,mannheimminers,29052,32320,36312,72003,23777
55488,3,mannheimminers,61837,53582,29054,53086,4686
30713,3,mannheimminers,34741,52830,11812,78426,9942
3527,3,mannheimminers,41927,77268,48566,65464,68098
52884,3,mannheimminers,68515,40607,6406,44260,44336
48270,3,mannheimminers,61323,67302,29735,52539,15655
18224,3,mannheimminers,6651,20973,67340,58741,26479
39309,3,mannheimminers,45902,29309,1424,40635,74173
11265,3,mannheimminers,37553,67184,29513,17817,70796
8288,3,mannheimminers,28729,7620,56405,9162,70901
40312,3,mannheimminers,3700,35291,56098,66730,58428
35418,3,mannheimminers,56930,47201,67381,75739,49115
78181,3,mannheimminers,56858,59544,70842,74541,32594
8859,3,mannheimminers,8859,72401,70715,15978,58832
3875,3,mannheimminers,65369,58436,28966,42241,25437
17348,3,mannheimminers,54372,41811,8113,48763,29801
37321,3,mannheimminers,8612,51311,73155,73662,3166
22277,3,mannheimminers,13836,27060,52932,29480,25254
52705,3,mannheimminers,44332,57968,65572,46820,60860
26856,3,mannheimminers,4355,68285,30674,10959,40517
36095,3,mannheimminers,2792,17093,2979,54550,18438
66497,3,mannheimminers,14617,77712,27595,13507,68156
55326,3,mannheimminers,2608,75683,51280,28072,69700
3959,3,mannheimminers,35563,4836,5022,11737,62887
66928,3,mannheimminers,49188,58203,46164,38790,76181
23159,3,mannheimminers,1766,28475,65708,69228,75270
76762,3,mannheimminers,55155,61178,45889,27713,751
73748,3,mannheimminers,15424,33054,48618,55312,69350
8248,3,mannheimminers,22853,68901,45934,54399,68539
39766,3,mannheimminers,77357,61214,19742,9000,66818
49234,3,mannheimminers,28502,77474,29736,40355,38520
23366,3,mannheimminers,23809,31597,63409,47764,70026
59734,3,mannheimminers,71201,17533,74268,41792,23434
41020,3,mannheimminers,22356,7715,58978,46409,13939
74389,3,mannheimminers,21769,20022,52479,18489,68940
8538,3,mannheimminers,12997,43523,75644,55758,61252
40113,3,mannheimminers,78512,61952,3266,43471,19875
32980,3,mannheimminers,22097,31168,59378,72716,4834
47068,3,mannheimminers,13115,52653,22100,67352,64009
20083,3,mannheimminers,20287,39296,52786,10456,21333
31728,3,mannheimminers,27692,9009,78766,53828,35184
52192,3,mannheimminers,36525,5341,28071,27198,55259
62732,3,mannheimminers,56972,35107,5669,52491,63219
30746,3,mannheimminers,54492,34655,28851,60938,56100
22622,3,mannheimminers,177,62558,44818,53061,36806
54612,3,mannheimminers,4794,62588,5060,52178,28305
59032,3,mannheimminers,43834,63083,70184,50382,9275
26385,3,mannheimminers,75311,61284,11635,12661,54325
65461,3,mannheimminers,371,5857,28726,17903,44214
54835,3,mannheimminers,72155,75815,73277,33202,55611
54737,3,mannheimminers,2653,31260,45467,75990,56766
76905,3,mannheimminers,60579,60577,52269,29268,8700
45093,3,mannheimminers,19349,32545,37146,8456,32366
31273,3,mannheimminers,13785,54369,52696,28981,41873
851,3,mannheimminers,72857,11286,74064,63068,71544
16935,3,mannheimminers,21876,51346,9936,48802,41635
28379,3,mannheimminers,9053,10801,31487,25635,23986
17009,3,mannheimminers,60033,38313,21642,65944,72919
1486,3,mannheimminers,33672,71211,68970,65199,71743
62630,3,mannheimminers,33204,3300,47468,75984,24343
34682,3,mannheimminers,54901,19678,36814,43307,64637
6741,3,mannheimminers,29470,72666,78220,30681,78754
20852,3,mannheimminers,38758,27698,36997,74084,11159
22265,3,mannheimminers,64706,41548,26765,17376,32812
2244,3,mannheimminers,33854,5587,23159,70797,26824
26396,3,mannheimminers,5902,57011,64159,12947,69048
48796,3,mannheimminers,34460,12413,8675,14353,13498
45501,3,mannheimminers,30152,60338,32136,23907,46688
26445,3,mannheimminers,30115,5664,7471,703,77277
457,3,mannheimminers,31136,22034,33308,603,30379
35752,3,mannheimminers,11898,67723,44203,31142,4532
47491,3,mannheimminers,50803,26850,14040,64852,68349
43762,3,mannheimminers,64370,31629,12730,17534,35302
23599,3,mannheimminers,65169,51955,23321,1131,72581
13325,3,mannheimminers,61323,4778,22088,7326,20434
3273,3,mannheimminers,74023,26721,3070,13828,61086
2257,3,mannheimminers,23874,55609,68389,40178,31559
34670,3,mannheimminers,41175,43470,61041,40747,53417
74105,3,mannheimminers,66566,52909,62718,16147,67961
35720,3,mannheimminers,543,54236,41884,45114,17189
71526,3,mannheimminers,11869,70312,50656,12927,28359
21737,3,mannheimminers,21737,39790,10036,33422,64443
7860,3,mannheimminers,23462,17289,38752,45649,15124
41648,3,mannheimminers,18955,37632,28106,63435,28646
1640,3,mannheimminers,25886,22540,15616,46095,77258
33814,3,mannheimminers,45991,31164,43296,17986,7809
19717,3,mannheimminers,37710,65349,43166,78826,58773
78998,3,mannheimminers,19321,38591,40412,30283,18996
23643,3,mannheimminers,5594,64202,36717,12017,55083
68712,3,mannheimminers,68712,57366,68131,29003,13384
63739,3,mannheimminers,10781,53932,62484,41469,9542
42328,3,mannheimminers,44229,60237,74690,41104,69811
23446,3,mannheimminers,41430,63207,23853,17881,17784
21285,3,mannheimminers,8369,37135,23162,53470,54894
72959,3,mannheimminers,69986,52367,69822,9846,58930
8548,3,mannheimminers,39224,34228,40179,13799,42489
21221,3,mannheimminers,60456,8277,19096,56930,63281
12564,3,mannheimminers,18066,50498,64907,74216,873
9577,3,mannheimminers,56841,4705,18458,38636,9001
29381,3,mannheimminers,2338,1335,16525,54118,54183
19688,3,mannheimminers,53671,6994,43509,76898,57195
45195,3,mannheimminers,72691,70010,31546,24830,66481
22775,3,mannheimminers,11067,56838,40710,68163,49060
13131,3,mannheimminers,23150,74719,43349,20560,17204
8861,3,mannheimminers,54253,73224,50588,51566,45777
1680,3,mannheimminers,55324,29786,15287,5558,34616
62200,3,mannheimminers,64037,33532,28306,54309,67795
73868,3,mannheimminers,24473,36551,34500,63967,20288
7666,3,mannheimminers,23738,27124,54719,76874,45881
7084,3,mannheimminers,3239,13537,10789,41915,9032
74586,3,mannheimminers,22369,12130,75881,30023,29718
2335,3,mannheimminers,32043,17310,73288,9847,72244
22877,3,mannheimminers,67979,7039,54424,78557,56141
68509,3,mannheimminers,10281,79065,12246,9747,42171
28737,3,mannheimminers,7160,41468,43366,74194,24668
66339,3,mannheimminers,44167,6266,11275,11590,19877
49803,3,mannheimminers,78980,3399,39030,54276,36588
14189,3,mannheimminers,27762,8113,994,50529,74950
9884,3,mannheimminers,54249,38025,61498,2714,20470
67630,3,mannheimminers,68751,55709,56185,40149,34604
11407,3,mannheimminers,1461,19824,36947,2279,75817
8384,3,mannheimminers,8384,73827,60045,67601,21734
75345,3,mannheimminers,65697,78176,26232,25385,49701
45841,3,mannheimminers,47467,23067,40798,59744,67763
63764,3,mannheimminers,64967,63479,917,38946,73790
70197,3,mannheimminers,34964,70842,52528,41899,19157
32109,3,mannheimminers,41398,44866,21548,59567,45108
30434,3,mannheimminers,37119,36062,32675,69062,31986
45358,3,mannheimminers,20992,28143,68077,20792,54287
52721,3,mannheimminers,44588,54288,17345,67149,76759
58820,3,mannheimminers,23641,65806,51133,16793,18521
70803,3,mannheimminers,6709,20265,33656,26996,26001
50338,3,mannheimminers,34534,15024,62735,77508,6661
66493,3,mannheimminers,39767,21989,31766,72514,8177
52519,3,mannheimminers,60338,60297,50992,18731,15290
37378,3,mannheimminers,13975,12319,47429,39157,24085
49952,3,mannheimminers,6379,30851,70849,3337,51153
75882,3,mannheimminers,414,42117,17808,11363,14460
7445,3,mannheimminers,20893,17215,17303,22307,20292
17850,3,mannheimminers,64423,32014,48465,38212,71389
42566,3,mannheimminers,16326,68940,58647,66341,55308
29708,3,mannheimminers,6749,37955,942,70984,17528
46476,3,mannheimminers,67106,61887,19228,46043,21473
14470,3,mannheimminers,62296,44273,55091,222,43784
43679,3,mannheimminers,65573,2499,29271,30342,54989
40279,3,mannheimminers,33475,69875,25409,60297,67544
24002,3,mannheimminers,54583,77369,67995,53532,73168
68253,3,mannheimminers,46556,6908,54253,33874,51566
15581,3,mannheimminers,45332,20936,12962,64181,9808
73552,3,mannheimminers,35945,24341,16294,44512,29919
38164,3,mannheimminers,59652,37047,39079,73320,36397
58779,3,mannheimminers,59003,27294,57480,6970,57673
57464,3,mannheimminers,57464,4713,3232,37909,11714
56827,3,mannheimminers,65067,47860,29301,13397,41599
76331,3,mannheimminers,52949,30818,58104,16174,54903
12568,3,mannheimminers,34347,6380,46629,36059,29850
63107,3,mannheimminers,43362,30477,6415,40557,60988
39971,3,mannheimminers,35429,22153,35114,60628,64884
24776,3,mannheimminers,1892,78652,68228,34205,43051
65811,3,mannheimminers,66423,2422,31465,12922,41358
77175,3,mannheimminers,65804,42518,34462,53980,53389
53717,3,mannheimminers,17049,40285,55812,42051,48995
50340,3,mannheimminers,47301,43888,2923,15386,13600
77554,3,mannheimminers,19014,62101,59871,64269,25887
63279,3,mannheimminers,15417,6604,6922,43772,63045
59821,3,mannheimminers,17648,12448,44568,77703,31917
12725,3,mannheimminers,75326,25926,42222,77274,59826
1235,3,mannheimminers,22231,74468,35380,3781,60735
34899,3,mannheimminers,36505,6587,39782,43212,2593
37797,3,mannheimminers,20286,74553,19755,49149,55180
29368,3,mannheimminers,54691,74081,9149,4665,70718
11378,3,mannheimminers,50787,35740,13068,7111,58707
59092,3,mannheimminers,55902,23803,17969,34673,60846
5362,3,mannheimminers,33677,20888,24212,15390,25693
47933,3,mannheimminers,53380,10704,62714,42723,34991
68560,3,mannheimminers,37361,31921,60855,37618,46242
57628,3,mannheimminers,75656,66577,65833,9526,23952
11682,3,mannheimminers,28211,8014,77859,12619,53784
18601,3,mannheimminers,56902,219,63256,60511,60498
58566,3,mannheimminers,19714,76261,10460,59209,53415
29217,3,mannheimminers,20931,59008,71841,47274,65590
64901,3,mannheimminers,52355,4833,22764,77255,5739
6359,3,mannheimminers,18600,53376,53600,2932,60398
54801,3,mannheimminers,57763,14950,52460,36875,5214
66017,3,mannheimminers,71444,64579,26881,69254,1264
28302,3,mannheimminers,26728,30104,63723,58208,49453
19235,3,mannheimminers,56012,19029,43483,38595,11307
24078,3,mannheimminers,78528,22719,8988,69115,14797
7924,3,mannheimminers,59912,66481,20852,67616,59285
2993,3,mannheimminers,1389,39751,19031,35339,7106
71202,3,mannheimminers,47228,55411,53525,56200,22155
38543,3,mannheimminers,15736,50767,61995,11353,48259
9943,3,mannheimminers,31875,34774,32940,15362,19454
24706,3,mannheimminers,75324,66347,21878,50755,26524
17298,3,mannheimminers,1523,17095,52530,20898,78248
49279,3,mannheimminers,38780,20671,38622,21540,13702
7129,3,mannheimminers,72852,36606,77428,17147,67165
54586,3,mannheimminers,68411,67469,65717,15873,57275
55270,3,mannheimminers,77119,53675,13483,51607,74765
16937,3,mannheimminers,65681,38509,24570,43144,23872
44508,3,mannheimminers,51673,55274,28583,1383,43041
28976,3,mannheimminers,41759,36316,4847,20104,20824
9612,3,mannheimminers,32912,24474,65305,36805,26144
43313,3,mannheimminers,56597,45560,45202,28157,18693
46237,3,mannheimminers,55679,60055,47456,14862,65937
14883,3,mannheimminers,63986,65735,49700,67923,12080
71036,3,mannheimminers,77658,27714,1758,22970,27887
71886,3,mannheimminers,39029,21297,58463,45208,73963
70372,3,mannheimminers,49549,50074,3085,22890,2699
14750,3,mannheimminers,4593,75966,50470,38434,46172
52053,3,mannheimminers,8147,50137,5268,10528,27254
51638,3,mannheimminers,38327,10863,49755,57206,19120
61875,3,mannheimminers,4173,18516,4033,30355,53094
42039,3,mannheimminers,26599,49720,33531,11827,59488
25598,3,mannheimminers,35381,51107,33060,40815,67547
23417,3,mannheimminers,73418,33556,71374,12889,12444
30446,3,mannheimminers,255,32832,50382,1048,43834
27104,3,mannheimminers,31865,69014,67389,36735,27403
61715,3,mannheimminers,56858,18130,25338,33938,9779
72826,3,mannheimminers,61690,4550,13817,72476,63060
7415,3,mannheimminers,60599,21829,20441,66888,17066
11688,3,mannheimminers,39976,27105,21025,39234,24644
12209,3,mannheimminers,31533,63839,27772,62666,8137
79016,3,mannheimminers,77768,22802,53240,26847,46681
6019,3,mannheimminers,18784,70356,70725,6889,64136
14436,3,mannheimminers,12330,40731,30058,45171,44764
75422,3,mannheimminers,75422,47440,35664,68550,31416
10482,3,mannheimminers,10482,77620,76714,35748,45285
24686,3,mannheimminers,6865,27951,16213,54351,34676
50313,3,mannheimminers,58022,36180,63148,10304,36375
58067,3,mannheimminers,35503,22599,50825,63759,1931
37854,3,mannheimminers,44868,74582,36238,42073,36301
24118,3,mannheimminers,30091,8070,74313,55677,17523
66750,3,mannheimminers,2216,66743,67429,70585,31724
8116,3,mannheimminers,56795,50917,56326,55794,56454
62540,3,mannheimminers,68089,306,61454,23136,16581
25663,3,mannheimminers,29485,58262,41582,782,50027
16585,3,mannheimminers,9472,74899,71870,5308,58269
28466,3,mannheimminers,23233,33031,50064,10859,51741
42531,3,mannheimminers,3734,27632,7020,55324,77750
39680,3,mannheimminers,2697,21732,10597,24623,12836
51560,3,mannheimminers,4379,60506,1001,3774,64090
13374,3,mannheimminers,64256,59105,35342,72348,16155
18441,3,mannheimminers,5684,44068,43784,1994,46485
13880,3,mannheimminers,70363,36858,52492,14621,10113
17383,3,mannheimminers,59541,74313,61642,59025,41905
13014,3,mannheimminers,10382,38357,54855,3728,32565
57674,3,mannheimminers,52079,11908,58996,40298,1373
18756,3,mannheimminers,52566,49018,78228,6035,64844
51964,3,mannheimminers,60800,76283,13845,47718,34291
27403,3,mannheimminers,55067,61333,67389,31865,48767
10871,3,mannheimminers,25111,41135,13511,17388,49680
35456,3,mannheimminers,20548,35451,11372,33745,50913
74872,3,mannheimminers,12901,72135,28120,27418,60955
63796,3,mannheimminers,51007,43775,53752,6510,46781
63457,3,mannheimminers,13328,14014,73354,42109,68426
55057,3,mannheimminers,50368,62247,14401,26363,12416
47336,3,mannheimminers,29484,22180,31046,50249,13244
43032,3,mannheimminers,55843,78852,77878,77058,17477
63855,3,mannheimminers,54274,43729,72183,1226,40083
72231,3,mannheimminers,55571,63653,33015,61568,19859
11527,3,mannheimminers,32160,78963,64075,67721,51903
31548,3,mannheimminers,28336,65993,35873,31150,16532
62812,3,mannheimminers,62812,53739,8259,64101,74896
20266,3,mannheimminers,47493,14265,34283,32231,77291
59605,3,mannheimminers,40229,58668,60847,59858,39951
57163,3,mannheimminers,47876,78609,70037,36857,74870
34307,3,mannheimminers,64035,54932,65931,60275,75164
65903,3,mannheimminers,14273,34892,16391,63064,1701
28580,3,mannheimminers,65177,5188,29166,44358,18039
5197,3,mannheimminers,39697,1069,23145,876,37257
34939,3,mannheimminers,62226,33650,76233,52834,38963
59859,3,mannheimminers,11365,43567,50638,58968,55366
12077,3,mannheimminers,65995,42416,1332,73263,4438
75539,3,mannheimminers,13169,70744,38701,12196,35674
24979,3,mannheimminers,47905,53461,49504,67369,17446
47684,3,mannheimminers,17877,73844,21727,22025,14385
37711,3,mannheimminers,61284,20110,44555,64444,40430
14162,3,mannheimminers,14162,34170,55442,29268,2713
30806,3,mannheimminers,55964,63127,21000,78568,46599
65785,3,mannheimminers,7721,49244,14199,2698,38690
2723,3,mannheimminers,8595,26859,34713,46491,61519
52874,3,mannheimminers,77966,25949,11487,30168,43063
2612,3,mannheimminers,37789,52542,42532,20129,1032
63908,3,mannheimminers,56988,58254,61550,66396,78055
12075,3,mannheimminers,20914,9062,78785,45775,38118
78080,3,mannheimminers,44749,60245,5581,37052,75806
39083,3,mannheimminers,3342,55116,20089,63550,32029
64333,3,mannheimminers,18017,1819,76835,48338,72334
12640,3,mannheimminers,74072,6583,68115,76433,59697
41002,3,mannheimminers,44742,21999,46629,31320,29867
27038,3,mannheimminers,23033,59151,7056,59126,29786
38637,3,mannheimminers,21892,3535,9555,17492,17329
44894,3,mannheimminers,15265,24085,48442,61017,48483
35904,3,mannheimminers,78440,71874,29605,39983,59685
38819,3,mannheimminers,68483,66569,23484,14576,59789
30628,3,mannheimminers,58938,73361,27333,7238,64328
6790,3,mannheimminers,44808,28732,15832,55633,38364
38368,3,mannheimminers,35835,63593,38146,75124,24212
27726,3,mannheimminers,56814,76288,24353,50585,13821
4890,3,mannheimminers,61267,11324,49185,10863,27021
37429,3,mannheimminers,42372,17903,73818,28726,16580
57598,3,mannheimminers,27563,29529,66809,33509,64916
44452,3,mannheimminers,32879,51865,71384,3839,5881
77629,3,mannheimminers,53253,55974,63633,52819,21203
44327,3,mannheimminers,42864,14719,19192,13111,4974
21276,3,mannheimminers,21276,29441,23755,52414,55596
46655,3,mannheimminers,20065,40925,27880,44933,58694
35579,3,mannheimminers,58814,30297,47204,43189,74807
56629,3,mannheimminers,19713,18062,70930,35309,27389
47549,3,mannheimminers,18614,37372,15068,28602,62723
31827,3,mannheimminers,18828,38601,60711,58084,46812
41447,3,mannheimminers,68794,34752,73522,72667,60054
57018,3,mannheimminers,67833,15466,46045,45891,30604
69755,3,mannheimminers,69755,78826,42821,72745,31855
16190,3,mannheimminers,71756,21535,21327,36381,26852
48231,3,mannheimminers,3245,26599,8432,52445,75167
58737,3,mannheimminers,68923,28832,65239,69137,14774
9001,3,mannheimminers,71179,30830,10498,28037,20776
19462,3,mannheimminers,3110,61922,70199,50915,44899
15267,3,mannheimminers,2846,9973,60479,72808,72748
68076,3,mannheimminers,67621,32746,62593,54877,46249
17617,3,mannheimminers,55120,36167,68344,22197,1136
43701,3,mannheimminers,4586,30745,66542,58476,41974
66224,3,mannheimminers,21362,73206,53142,68955,14843
23132,3,mannheimminers,20790,11422,42580,15064,46369
23535,3,mannheimminers,48215,58871,27149,41845,443
18479,3,mannheimminers,39260,42812,6753,35091,58422
63017,3,mannheimminers,73556,2276,5979,70594,48395
61316,3,mannheimminers,61316,5370,25780,70456,52293
56775,3,mannheimminers,43002,15885,78749,1931,55816
66954,3,mannheimminers,36846,56424,65177,14396,53704
32532,3,mannheimminers,70849,48716,23012,7879,78608
53813,3,mannheimminers,37052,23182,9089,1015,14677
43877,3,mannheimminers,26781,67368,35033,1064,53889
34078,3,mannheimminers,10328,73239,48743,59553,73744
58561,3,mannheimminers,7386,6075,57625,34117,25732
77952,3,mannheimminers,55804,158,11710,57906,4024
34978,3,mannheimminers,18741,25700,47594,2493,15103
337,3,mannheimminers,53732,62933,13561,36640,35667
25367,3,mannheimminers,3324,36278,2703,29078,56048
35094,3,mannheimminers,28907,26953,60807,57744,7212
24459,3,mannheimminers,33124,73432,76622,12870,65429
10745,3,mannheimminers,75552,5998,67161,39275,57554
59769,3,mannheimminers,17233,18327,54851,75609,50633
54929,3,mannheimminers,16789,31091,56410,4297,3815
78279,3,mannheimminers,59177,32247,68583,31488,30821
62535,3,mannheimminers,3191,61268,1827,48545,21967
3268,3,mannheimminers,74644,78700,40236,9032,19740
663,3,mannheimminers,78565,67694,27246,23470,20450
32451,3,mannheimminers,4528,62241,3862,62362,56028
21607,3,mannheimminers,21607,38946,10817,60143,29686
46904,3,mannheimminers,76062,12432,40355,49234,22599
58236,3,mannheimminers,17252,7072,17771,35545,3386
25488,3,mannheimminers,7411,23098,9911,34598,54368
58262,3,mannheimminers,29485,25663,782,41582,54697
38083,3,mannheimminers,18394,17084,7674,51322,61125
3059,3,mannheimminers,3059,39582,34265,31748,64855
49587,3,mannheimminers,69509,39592,39699,21629,7920
32126,3,mannheimminers,41396,66240,64530,64174,43895
48127,3,mannheimminers,62275,67067,41863,43227,75908
59649,3,mannheimminers,12177,3164,59612,37014,36602
17465,3,mannheimminers,57773,11247,69596,74138,78158
53838,3,mannheimminers,51215,34737,5961,55096,68125
37146,3,mannheimminers,8017,19349,42272,70116,60731
40692,3,mannheimminers,57012,62381,64970,49792,14575
53134,3,mannheimminers,26634,69611,55519,57481,47567
10841,3,mannheimminers,33485,28775,59307,30830,50909
11169,3,mannheimminers,63783,60713,72067,32913,32557
68764,3,mannheimminers,71730,71884,24016,65102,52615
57342,3,mannheimminers,19789,4214,16848,72800,56731
11603,3,mannheimminers,59713,66585,20519,15874,61364
69838,3,mannheimminers,50083,26348,75587,34661,27187
37998,3,mannheimminers,29118,40576,45933,29330,77852
35898,3,mannheimminers,30763,67852,71069,77435,50883
51042,3,mannheimminers,15248,7144,70993,76706,40610
44118,3,mannheimminers,4471,65829,74109,67920,37248
67506,3,mannheimminers,56101,70419,39427,60619,38002
636,3,mannheimminers,17283,11483,54581,53469,57430
2579,3,mannheimminers,31948,6784,20804,14422,61143
45286,3,mannheimminers,51127,47553,63692,44276,9937
18427,3,mannheimminers,16400,76963,71453,23120,39843
28844,3,mannheimminers,2544,37116,10402,26304,8956
65714,3,mannheimminers,68048,35843,25332,8896,30199
24554,3,mannheimminers,24554,4797,67828,73973,4381
36175,3,mannheimminers,16306,20979,26462,52251,8229
72138,3,mannheimminers,34546,60142,62346,19925,46555
45594,3,mannheimminers,71244,39840,31372,22265,77033
24747,3,mannheimminers,41741,76039,67514,47795,60407
26662,3,mannheimminers,52824,26974,39958,46397,44496
33525,3,mannheimminers,18780,4949,41253,50781,65615
8296,3,mannheimminers,71315,67551,45867,51736,27796
56597,3,mannheimminers,33562,30415,12833,63571,33941
61794,3,mannheimminers,34679,12416,53953,35083,1111
27261,3,mannheimminers,23050,49441,19828,32671,59822
468,3,mannheimminers,21025,468,2727,39976,37443
29448,3,mannheimminers,50449,33456,28065,57993,53029
726,3,mannheimminers,62110,70423,54103,35935,17443
55154,3,mannheimminers,68393,14214,69338,7636,34318
7977,3,mannheimminers,17840,53176,58848,25251,37208
53078,3,mannheimminers,46595,11955,66731,15279,46944
34125,3,mannheimminers,50645,10805,55119,31609,28880
71063,3,mannheimminers,43924,71063,52237,71312,21311
67063,3,mannheimminers,31150,52398,50043,41469,41084
47597,3,mannheimminers,47597,32045,3301,17186,9120
52305,3,mannheimminers,12264,59094,68165,19497,13379
65833,3,mannheimminers,57628,9526,53806,75656,72605
5733,3,mannheimminers,74115,49763,58371,16932,69956
33494,3,mannheimminers,50569,25024,61974,62481,59658
10881,3,mannheimminers,74953,57117,9936,37992,21610
74196,3,mannheimminers,35795,27869,73807,61804,21445
22160,3,mannheimminers,10032,60471,20238,13409,54948
70190,3,mannheimminers,47966,2022,14551,9523,68952
16191,3,mannheimminers,60169,25908,74400,64611,73116
6363,3,mannheimminers,67751,36444,54894,64814,48840
51060,3,mannheimminers,24757,37215,52568,73646,30323
41219,3,mannheimminers,70254,60427,71922,40378,55294
53100,3,mannheimminers,47909,63940,1961,4827,30382
45871,3,mannheimminers,69457,30569,19185,18328,16721
29083,3,mannheimminers,59973,44849,6886,54842,2718
61636,3,mannheimminers,39171,6771,34990,75730,52099
42715,3,mannheimminers,41318,36339,43347,62594,6923
32754,3,mannheimminers,14043,73929,47018,49255,14535
72607,3,mannheimminers,44728,32809,34751,71954,64058
6955,3,mannheimminers,6999,19957,78248,12579,29968
2399,3,mannheimminers,39128,52294,14755,34184,72653
60216,3,mannheimminers,15254,34146,58449,9499,33413
26438,3,mannheimminers,39744,36539,33612,63333,52821
57977,3,mannheimminers,11812,78426,60573,37235,38397
47675,3,mannheimminers,72760,9935,53943,75718,65067
51832,3,mannheimminers,40702,12399,60073,54865,59846
29972,3,mannheimminers,70838,856,23603,72335,58905
33790,3,mannheimminers,334,69562,78325,46568,74138
45390,3,mannheimminers,45390,77469,52940,61514,59341
11609,3,mannheimminers,60849,78353,2344,18693,75287
73256,3,mannheimminers,58890,49509,27283,15204,40331
20740,3,mannheimminers,41267,12383,53634,59803,58132
24746,3,mannheimminers,24368,12231,28360,5208,53532
33956,3,mannheimminers,42529,5078,56864,61068,22882
11253,3,mannheimminers,48418,39031,72311,47509,50095
5255,3,mannheimminers,14498,29779,76154,45766,60658
24675,3,mannheimminers,23021,17391,40076,18322,57362
58404,3,mannheimminers,64442,53795,48914,69638,51493
47464,3,mannheimminers,47464,25146,49836,21386,54261
39665,3,mannheimminers,54740,48181,20409,63797,6764
18622,3,mannheimminers,42347,38376,39486,15832,59346
54066,3,mannheimminers,58197,12452,39451,35242,67336
30229,3,mannheimminers,5773,50977,15440,70879,17500
71353,3,mannheimminers,71353,63077,38146,16831,23978
14037,3,mannheimminers,34548,69852,68485,49018,2653
71784,3,mannheimminers,8252,22818,70131,61323,3996
46951,3,mannheimminers,39263,36337,71415,54855,40994
61514,3,mannheimminers,32587,77177,39120,57206,21768
27259,3,mannheimminers,960,43988,3162,9656,32461
45613,3,mannheimminers,54645,43067,75946,43711,2318
22972,3,mannheimminers,14504,2702,75498,47391,51224
45435,3,mannheimminers,45540,76286,65819,42987,59438
62993,3,mannheimminers,31660,23546,78204,66122,10970
64509,3,mannheimminers,6236,77238,8551,73921,45487
46931,3,mannheimminers,59843,74020,76028,62009,54753
65465,3,mannheimminers,38903,6800,59267,57751,62581
60384,3,mannheimminers,5063,10132,62267,55497,62118
31881,3,mannheimminers,60730,17289,47456,54640,17289
67229,3,mannheimminers,37756,65708,54309,47639,5300
58605,3,mannheimminers,66316,3189,38567,55451,33615
6530,3,mannheimminers,17848,7123,7209,28094,21999
43304,3,mannheimminers,48613,25530,35157,27805,65653
21179,3,mannheimminers,54433,72327,12228,18740,56304
28853,3,mannheimminers,21629,4744,39592,25939,7920
47632,3,mannheimminers,40699,56908,4884,73405,53798
15039,3,mannheimminers,16723,6486,49455,7227,72414
72722,3,mannheimminers,49304,466,53387,68365,24243
45270,3,mannheimminers,10895,15763,72160,54876,30391
61339,3,mannheimminers,27714,71036,61077,72281,36024
48791,3,mannheimminers,2003,13292,61750,44518,37302
32110,3,mannheimminers,12493,23820,35971,61901,31731
33558,3,mannheimminers,36987,49505,18942,54609,2046
21639,3,mannheimminers,17908,24448,20798,68957,2316
47838,3,mannheimminers,31975,14876,18625,78634,9353
78241,3,mannheimminers,47754,53312,14265,32231,34283
6413,3,mannheimminers,67788,53745,55219,66996,20141
27334,3,mannheimminers,71391,43624,31788,47213,75558
3425,3,mannheimminers,60370,15832,66516,25918,62386
29779,3,mannheimminers,37306,76575,59207,43892,21310
45827,3,mannheimminers,15293,18198,20889,60047,41616
39627,3,mannheimminers,39627,19702,77534,68931,36531
39590,3,mannheimminers,69939,68356,60849,8172,48273
1103,3,mannheimminers,29929,8284,10632,944,10347
74813,3,mannheimminers,4074,7707,30257,37461,54580
39000,3,mannheimminers,35881,20053,20749,15554,36552
10434,3,mannheimminers,15238,4655,51597,38696,46671
18320,3,mannheimminers,48722,24329,15091,11616,38667
47893,3,mannheimminers,14090,57602,13245,58019,57687
10426,3,mannheimminers,29722,56404,22641,53759,22761
9179,3,mannheimminers,17770,35723,51553,20151,16066
58906,3,mannheimminers,70359,73926,16265,66145,35641
51702,3,mannheimminers,28318,14044,57258,1853,24496
35470,3,mannheimminers,20479,61031,21215,12626,55667
30816,3,mannheimminers,37250,54954,12078,51050,40855
69589,3,mannheimminers,37513,29557,15847,65368,76891
8109,3,mannheimminers,25638,15036,6909,21136,38319
62276,3,mannheimminers,34803,67554,70163,20430,41827
64534,3,mannheimminers,30233,25763,53489,32954,18590
5300,3,mannheimminers,48197,68527,21470,50382,43052
54461,3,mannheimminers,47611,65710,68182,35410,16292
10326,3,mannheimminers,56484,38916,55554,64662,65653
1071,3,mannheimminers,11466,28598,55019,2855,78495
20234,3,mannheimminers,14620,68364,73243,57959,29251
4525,3,mannheimminers,53931,1739,20017,74489,9101
62509,3,mannheimminers,9325,64660,38737,32508,68218
39941,3,mannheimminers,9967,11256,39597,44279,16736
3583,3,mannheimminers,3583,9118,5788,41174,62822
35236,3,mannheimminers,14253,49252,37219,17535,12428
42326,3,mannheimminers,9580,47269,19991,20733,35959
22868,3,mannheimminers,57552,63422,24465,4634,26119
28533,3,mannheimminers,18019,28662,18068,58212,42743
61752,3,mannheimminers,56473,59351,10793,49825,11730
45955,3,mannheimminers,51436,49018,76933,35912,62925
3166,3,mannheimminers,14573,8202,13626,26937,5817
1168,3,mannheimminers,17176,37813,26028,35280,17643
259,3,mannheimminers,35824,55319,58375,70400,48753
60087,3,mannheimminers,19839,22625,77607,9515,55070
12311,3,mannheimminers,57074,30775,35557,60398,2932
66633,3,mannheimminers,51011,5546,35023,21487,52326
65860,3,mannheimminers,7244,22410,44569,19566,44257
52748,3,mannheimminers,64365,56390,19245,54714,15912
35638,3,mannheimminers,53412,18868,809,3671,41013
23349,3,mannheimminers,5811,54849,29327,39001,31375
30313,3,mannheimminers,30313,36686,40001,9829,62213
5498,3,mannheimminers,5498,65049,76852,11869,40960
45424,3,mannheimminers,31453,25230,7238,64328,66915
15472,3,mannheimminers,75693,29071,74790,76212,78515
13056,3,mannheimminers,24066,2822,18781,42101,39185
14122,3,mannheimminers,23904,195,38977,55627,6775
50582,3,mannheimminers,56121,43824,68138,47905,18852
38840,3,mannheimminers,45527,78550,75102,4164,52552
63023,3,mannheimminers,72569,28531,71090,2254,58605
8516,3,mannheimminers,51052,67478,6828,48700,78188
47014,3,mannheimminers,55658,68899,59616,13484,55847
49396,3,mannheimminers,42083,73546,38826,77376,3130
75774,3,mannheimminers,75774,72618,2045,16188,53017
13180,3,mannheimminers,31462,55246,3433,61401,23935
16340,3,mannheimminers,19533,23791,6432,21773,26186
78314,3,mannheimminers,10863,27021,68032,38506,57206
1460,3,mannheimminers,9211,58976,20553,23273,14343
38005,3,mannheimminers,26267,78376,40730,37157,66535
42622,3,mannheimminers,39798,68077,40112,10229,49933
38523,3,mannheimminers,76264,44022,54817,27934,2068
74041,3,mannheimminers,24264,50570,1216,60888,45393
37011,3,mannheimminers,8950,7709,45317,23389,35093
6288,3,mannheimminers,971,24501,78360,55327,28843
62728,3,mannheimminers,64906,1777,67867,50149,3503
15949,3,mannheimminers,78764,51494,33358,35128,70226
15715,3,mannheimminers,15715,44666,42758,34213,37908
10097,3,mannheimminers,52753,73486,22700,38328,19202
66177,3,mannheimminers,28704,72691,17647,26019,30540
16746,3,mannheimminers,16411,43590,2558,40418,57208
18879,3,mannheimminers,62380,24213,48783,51358,27055
7655,3,mannheimminers,29278,63277,34166,5647,22104
53378,3,mannheimminers,28524,1063,75179,76039,14920
15167,3,mannheimminers,37667,53146,67090,34791,69971
33517,3,mannheimminers,10977,55828,9333,16578,11512
2975,3,mannheimminers,26650,49609,39957,40367,78754
62454,3,mannheimminers,46130,58122,65915,32421,14382
51133,3,mannheimminers,23641,65806,58820,18521,16793
71805,3,mannheimminers,34777,3642,14950,66507,59701
67073,3,mannheimminers,24303,2326,37017,74142,22737
77384,3,mannheimminers,13708,54847,29339,13094,12525
5844,3,mannheimminers,311,28819,50010,77480,71149
52718,3,mannheimminers,24450,28794,6974,38602,24830
15767,3,mannheimminers,76769,67740,39747,29396,7674
45935,3,mannheimminers,20110,47358,9306,5151,42028
2142,3,mannheimminers,60323,42383,36795,20784,58050
31637,3,mannheimminers,49742,36289,34182,52501,41288
31129,3,mannheimminers,52703,26180,32501,12715,4584
76150,3,mannheimminers,19207,58676,39189,32703,17220
75867,3,mannheimminers,63212,47029,65064,77457,31820
24085,3,mannheimminers,24085,70940,71828,15265,61464
13973,3,mannheimminers,62960,2203,43608,78389,72199
70180,3,mannheimminers,54623,34436,1416,41142,66896
77574,3,mannheimminers,36262,45124,32630,60849,18693
62162,3,mannheimminers,21327,36509,49218,22918,47512
40017,3,mannheimminers,50390,2398,16397,51944,6103
49479,3,mannheimminers,14977,78055,58254,21029,66396
9036,3,mannheimminers,32932,30851,8853,69550,32488
14314,3,mannheimminers,77255,4833,25971,64901,52355
54145,3,mannheimminers,44047,62701,13633,58209,38988
36939,3,mannheimminers,46264,60331,56638,23196,14666
13269,3,mannheimminers,32246,69704,35366,66232,26267
24486,3,mannheimminers,35190,7959,30564,59399,41526
31685,3,mannheimminers,41587,50165,40399,12523,61614
55613,3,mannheimminers,14681,50803,37023,24883,23943
10307,3,mannheimminers,49018,19165,55862,64844,43954
31085,3,mannheimminers,32061,75101,56719,42374,60540
12152,3,mannheimminers,22823,48982,11168,12610,21643
1399,3,mannheimminers,42396,35021,66807,64523,77113
47621,3,mannheimminers,42330,38264,43690,71501,9714
77524,3,mannheimminers,55200,62652,43914,40446,11883
72017,3,mannheimminers,18392,60109,63559,36606,69851
68427,3,mannheimminers,63291,56118,3986,21033,76742
45238,3,mannheimminers,60874,78719,71766,66908,70547
1777,3,mannheimminers,40742,62728,28229,78179,71077
64596,3,mannheimminers,18826,43231,74891,60992,29909
53660,3,mannheimminers,70147,16253,36039,55183,35943
53793,3,mannheimminers,78553,63382,67311,28629,16299
53003,3,mannheimminers,43532,53535,30364,39888,64877
30144,3,mannheimminers,41162,22191,68169,15719,41581
59985,3,mannheimminers,56492,18080,22222,62622,9284
5384,3,mannheimminers,14545,64399,47285,25582,59772
70911,3,mannheimminers,8593,6251,39129,33105,33826
54790,3,mannheimminers,70981,30553,43345,12906,18268
66903,3,mannheimminers,66903,53012,8201,31853,28633
49099,3,mannheimminers,49099,66629,38934,57521,39960
35947,3,mannheimminers,56297,49567,40896,68301,38663
18424,3,mannheimminers,65851,3386,10821,71960,54274
1177,3,mannheimminers,37646,60845,10722,6421,36165
25513,3,mannheimminers,45872,75004,53473,46674,32512
56477,3,mannheimminers,18490,37271,53344,33323,26341
19649,3,mannheimminers,72189,62777,18555,36498,45872
28731,3,mannheimminers,47511,42291,750,30306,4446
35048,3,mannheimminers,61779,36306,66363,1159,2473
47192,3,mannheimminers,64592,13290,6561,77342,21836
56453,3,mannheimminers,56453,57889,41265,68469,38465
56939,3,mannheimminers,29065,42755,47502,11183,76608
18904,3,mannheimminers,47541,33379,40010,46657,36598
44025,3,mannheimminers,75472,71614,38423,23031,51237
9012,3,mannheimminers,76850,22694,7190,71908,15772
5892,3,mannheimminers,17358,3594,7635,78542,15014
5119,3,mannheimminers,62865,77402,23538,62580,6922
19874,3,mannheimminers,54771,52958,36703,77026,60893
41477,3,mannheimminers,33505,56164,18864,52915,64765
45068,3,mannheimminers,45068,6425,53094,13047,22616
61261,3,mannheimminers,36075,48572,19990,24465,56509
52685,3,mannheimminers,13909,28996,78799,49266,22699
21281,3,mannheimminers,25802,35604,46075,75875,32524
61125,3,mannheimminers,38083,20759,11963,7674,17084
45116,3,mannheimminers,37491,43720,3062,58692,60381
15854,3,mannheimminers,7754,9985,66216,72577,71858
46634,3,mannheimminers,35844,72086,4277,27620,43735
4272,3,mannheimminers,55324,9499,27762,62433,45564
39508,3,mannheimminers,71727,48804,40800,15674,23111
13970,3,mannheimminers,38609,18835,12931,57780,29717
9626,3,mannheimminers,63695,9927,32183,50015,60479
6341,3,mannheimminers,46880,72900,43244,23863,67779
26222,3,mannheimminers,2026,66067,68578,58422,32653
17998,3,mannheimminers,2708,18523,15559,52920,59287
51002,3,mannheimminers,62097,4744,8731,57763,7969
70026,3,mannheimminers,23366,38911,23809,16247,14108
4089,3,mannheimminers,549,10143,73051,41483,8631
56945,3,mannheimminers,5839,45630,66688,71922,30524
56300,3,mannheimminers,31200,48335,5070,52874,49571
29536,3,mannheimminers,9789,28263,42645,71817,24231
67085,3,mannheimminers,23709,18478,66874,45023,65530
8318,3,mannheimminers,68765,6920,17194,56935,10438
50701,3,mannheimminers,46819,72511,4124,75926,20672
39906,3,mannheimminers,72151,61509,12846,404,63120
20388,3,mannheimminers,50030,37852,31656,40958,24507
48054,3,mannheimminers,68904,61082,76929,43488,49257
28013,3,mannheimminers,77283,40611,31752,53506,33613
72242,3,mannheimminers,5117,58266,8921,37702,77173
69407,3,mannheimminers,23693,46429,47345,37102,51726
67382,3,mannheimminers,61786,55331,30504,55241,29520
48584,3,mannheimminers,14578,71181,31729,19472,26426
38197,3,mannheimminers,70795,78067,60804,73435,18255
3696,3,mannheimminers,4042,353,50794,1595,8625
22940,3,mannheimminers,7550,70737,44272,3360,58548
66319,3,mannheimminers,42764,35091,24140,2166,9825
37531,3,mannheimminers,34528,74294,34480,65242,76857
47302,3,mannheimminers,25238,75014,8676,13121,14993
64237,3,mannheimminers,12096,44334,62091,29441,52414
60983,3,mannheimminers,52250,19968,35110,30200,77231
687,3,mannheimminers,32089,27420,34800,24396,54641
51599,3,mannheimminers,8639,43364,50533,24724,7745
12519,3,mannheimminers,42495,42495,75579,50791,10911
8268,3,mannheimminers,8559,26171,77893,17424,11940
45732,3,mannheimminers,28066,3141,25146,17834,43845
29948,3,mannheimminers,73106,11850,71077,7207,53083
24087,3,mannheimminers,43982,39226,34092,5426,29473
24667,3,mannheimminers,24667,70631,30308,39165,36888
9197,3,mannheimminers,26143,16349,68341,55567,26574
31571,3,mannheimminers,12063,72962,3819,25262,75081
71698,3,mannheimminers,23075,56680,25783,33666,23383
43672,3,mannheimminers,49877,46908,17935,54487,42431
72088,3,mannheimminers,29344,24663,7607,74430,35345
53393,3,mannheimminers,40276,14875,22178,13497,17724
38254,3,mannheimminers,78725,47310,40552,35785,11049
27491,3,mannheimminers,37642,26333,4784,11747,52385
7028,3,mannheimminers,68285,30674,40517,66952,35949
56180,3,mannheimminers,15592,35101,33147,30467,20851
10324,3,mannheimminers,48087,69701,19138,49400,78650
51443,3,mannheimminers,7545,12911,36549,68263,40241
65088,3,mannheimminers,193,77701,14579,4545,75482
45487,3,mannheimminers,6236,64509,73921,5217,12367
7201,3,mannheimminers,52888,36671,33849,75482,77701
3031,3,mannheimminers,38577,18334,51945,7031,31403
52727,3,mannheimminers,30575,39074,31094,20035,78714
66360,3,mannheimminers,48317,29249,65465,66787,44944
70707,3,mannheimminers,50595,13767,23377,50704,77425
60250,3,mannheimminers,60250,16738,18650,58179,21019
70223,3,mannheimminers,639,56296,646,64750,15466
12103,3,mannheimminers,25337,58868,23443,37882,29915
29580,3,mannheimminers,50962,50299,4467,20548,33008
3472,3,mannheimminers,48985,43529,7269,49459,35232
66315,3,mannheimminers,24857,21104,10775,9023,38527
58455,3,mannheimminers,45355,33047,41529,28998,68699
9424,3,mannheimminers,65527,11795,16670,43589,63164
56705,3,mannheimminers,62132,32658,7811,53978,27056
54338,3,mannheimminers,56445,52269,31395,24588,10620
70923,3,mannheimminers,25361,22026,45754,12490,70413
41422,3,mannheimminers,46826,78565,67698,30521,15406
23087,3,mannheimminers,58216,48402,7438,31048,63928
60594,3,mannheimminers,73898,76179,5011,21123,69121
59102,3,mannheimminers,71199,75033,60674,73665,294
70997,3,mannheimminers,11227,4897,41182,4664,67221
15861,3,mannheimminers,27108,76154,15934,31559,13150
8542,3,mannheimminers,34721,1041,33333,23048,60947
38964,3,mannheimminers,10807,38073,77616,58396,49280
8208,3,mannheimminers,45958,70631,74377,78291,31349
1954,3,mannheimminers,32450,8524,54245,48092,35927
4822,3,mannheimminers,5082,61545,18119,41316,5024
26113,3,mannheimminers,78581,44334,474,26553,51677
12970,3,mannheimminers,14806,68301,37462,36928,12912
9891,3,mannheimminers,2559,4106,40485,19802,48562
65669,3,mannheimminers,77025,14058,22995,57834,52944
26379,3,mannheimminers,50743,14908,57540,17588,44073
30725,3,mannheimminers,30725,30920,2179,7244,49282
55501,3,mannheimminers,67879,22014,73175,62410,17214
49738,3,mannheimminers,49738,47636,70096,64056,41817
77676,3,mannheimminers,67045,46165,32150,35991,74494
16801,3,mannheimminers,40782,27657,78705,41803,40056
61475,3,mannheimminers,42960,38444,28248,5062,30740
51600,3,mannheimminers,15479,66146,35317,75567,55260
33303,3,mannheimminers,18246,40459,22066,32503,70127
39498,3,mannheimminers,2088,42118,71915,17074,13390
46052,3,mannheimminers,51770,29598,39958,58206,60213
72969,3,mannheimminers,41000,57699,58248,16021,72798
14895,3,mannheimminers,4284,4076,45595,71040,29764
69233,3,mannheimminers,26656,39691,21297,17138,75787
19801,3,mannheimminers,14142,71110,4775,20425,32164
65557,3,mannheimminers,50641,76274,58283,27692,36441
78480,3,mannheimminers,15666,5090,13769,42092,20617
20547,3,mannheimminers,6908,21592,63770,16016,64547
47002,3,mannheimminers,5770,70242,22071,53390,15903
41580,3,mannheimminers,26930,55474,26407,19363,67469
23706,3,mannheimminers,16750,22410,49517,20642,51436
8498,3,mannheimminers,72066,22627,26764,58083,40536
53475,3,mannheimminers,65446,61813,55348,61407,40875
2074,3,mannheimminers,12492,39673,53479,7752,53024
75295,3,mannheimminers,774,34059,17896,58930,49793
39076,3,mannheimminers,47567,39468,36997,75808,23066
59879,3,mannheimminers,72172,72355,7838,62354,67340
51540,3,mannheimminers,72864,75344,15681,29124,69019
40362,3,mannheimminers,57464,4713,3232,37909,11714
73789,3,mannheimminers,72785,62178,17543,31098,12990
76368,3,mannheimminers,16149,6024,47510,10047,23346
22313,3,mannheimminers,44537,19849,48826,6309,7814
11550,3,mannheimminers,45267,4446,56149,12902,56940
73200,3,mannheimminers,66153,34837,75723,37013,13858
21536,3,mannheimminers,61805,7480,58353,6698,17157
56475,3,mannheimminers,62079,21574,50223,67009,15170
27237,3,mannheimminers,77213,6506,17446,5120,57774
59970,3,mannheimminers,63589,21759,57779,13486,48294
66324,3,mannheimminers,42461,63258,66953,71180,39257
56170,3,mannheimminers,75668,4210,78425,1014,35670
61750,3,mannheimminers,76902,13292,2003,46766,5196
78486,3,mannheimminers,15717,50123,33177,11818,61966
22231,3,mannheimminers,22847,74468,18119,16484,52947
56175,3,mannheimminers,56175,69844,10928,50648,66580
36526,3,mannheimminers,13070,21106,34617,15451,16386
72777,3,mannheimminers,74741,9870,46795,61319,40932
51818,3,mannheimminers,36364,45034,58792,6622,50639
78303,3,mannheimminers,48082,381,66110,57482,61837
54090,3,mannheimminers,65248,24766,1323,64818,29110
58865,3,mannheimminers,58865,33047,28998,56227,36370
28493,3,mannheimminers,10130,15971,63766,28594,49943
39201,3,mannheimminers,42443,23095,41384,11577,8585
3523,3,mannheimminers,16566,9017,60177,12583,28953
26764,3,mannheimminers,45277,49874,56012,8498,58083
10587,3,mannheimminers,10244,12324,46383,2386,70850
27590,3,mannheimminers,21878,43156,42726,64923,51238
14640,3,mannheimminers,17506,32268,41748,61036,32483
30239,3,mannheimminers,56860,30046,26521,19569,23235
25987,3,mannheimminers,60238,71367,74899,73730,58269
50899,3,mannheimminers,25368,74029,49452,12463,16623
38664,3,mannheimminers,44553,12767,58648,45602,18775
64339,3,mannheimminers,62259,61201,19505,14388,61063
36157,3,mannheimminers,14573,3166,8202,5934,6370
67219,3,mannheimminers,61230,9244,26148,21453,11241
26971,3,mannheimminers,1337,78229,42299,50826,30744
59750,3,mannheimminers,59750,26146,51244,9160,62240
14318,3,mannheimminers,26121,44782,24690,55835,28736
35892,3,mannheimminers,7115,23018,21635,56110,72647
23226,3,mannheimminers,8339,63986,21152,61131,65297
78680,3,mannheimminers,29866,68542,72280,21380,12093
60056,3,mannheimminers,17162,14735,10009,2516,41693
68759,3,mannheimminers,11715,45926,7460,29675,23486
61909,3,mannheimminers,58416,58015,54946,10702,6188
62464,3,mannheimminers,78725,10340,13183,48023,5669
39864,3,mannheimminers,39864,47553,39315,63692,77165
4120,3,mannheimminers,70113,76388,59731,66104,28880
71863,3,mannheimminers,55647,58922,3773,75752,66649
67953,3,mannheimminers,73835,28881,40198,47039,54130
14782,3,mannheimminers,66227,1859,17243,62753,1068
55221,3,mannheimminers,74014,77484,67117,479,66595
13755,3,mannheimminers,7642,43763,47204,37506,45480
66040,3,mannheimminers,11615,23952,54949,71981,17613
22353,3,mannheimminers,22353,33822,6852,63118,65840
11485,3,mannheimminers,15340,2536,30256,78793,26743
10789,3,mannheimminers,66598,9032,3239,35796,733
63891,3,mannheimminers,8985,27638,57640,45272,18765
49179,3,mannheimminers,11563,46187,31789,32530,5390
817,3,mannheimminers,65804,71732,40176,64219,5467
25157,3,mannheimminers,2523,18064,16280,62920,42398
41090,3,mannheimminers,67883,19720,47779,14371,13433
77200,3,mannheimminers,54489,3927,16995,9528,46341
66568,3,mannheimminers,22297,4991,42066,10982,69600
45173,3,mannheimminers,51436,36449,75484,20642,20517
20399,3,mannheimminers,30656,77653,37157,40730,78376
76916,3,mannheimminers,62664,34148,54460,65971,2430
63103,3,mannheimminers,46162,61215,3855,67428,43917
64517,3,mannheimminers,8408,63115,29470,54206,2067
47988,3,mannheimminers,49376,39955,57645,33539,36386
44662,3,mannheimminers,67268,57625,25732,2757,36743
76645,3,mannheimminers,47597,17186,32045,3301,9120
62115,3,mannheimminers,70104,49106,73725,49589,47880
62234,3,mannheimminers,62409,4737,47106,67329,46432
36826,3,mannheimminers,36536,47552,44315,59391,25376
29916,3,mannheimminers,57901,39913,5732,37459,16539
8728,3,mannheimminers,25577,37749,51573,45054,10061
30372,3,mannheimminers,25119,67316,51685,19067,37758
17138,3,mannheimminers,20176,73024,78876,64180,18969
40812,3,mannheimminers,48371,60439,65838,24046,24381
28381,3,mannheimminers,60262,41785,55005,5641,20554
37563,3,mannheimminers,53419,34630,45766,49775,62598
42158,3,mannheimminers,54135,22752,51362,63960,45286
36959,3,mannheimminers,68289,51303,43744,5419,54419
30622,3,mannheimminers,27281,73713,53830,46324,28017
56782,3,mannheimminers,19466,21104,10775,24857,38527
44214,3,mannheimminers,6791,5858,20370,12706,68987
50648,3,mannheimminers,68065,3745,30525,54325,9723
37731,3,mannheimminers,73435,56094,30433,65486,55002
22963,3,mannheimminers,65739,163,18854,65379,14139
24740,3,mannheimminers,16133,45829,65861,21419,2899
2706,3,mannheimminers,33595,10924,53992,27519,9062
58358,3,mannheimminers,6095,30745,48292,27198,19765
9569,3,mannheimminers,68358,39611,46706,38192,44124
50163,3,mannheimminers,69603,56383,42515,33406,75446
5357,3,mannheimminers,64942,63525,8608,17200,29935
23570,3,mannheimminers,15202,27009,56429,37554,63316
78384,3,mannheimminers,56354,23771,27441,17920,51119
68157,3,mannheimminers,68157,47886,5314,44244,78754
44964,3,mannheimminers,34589,7051,69275,60107,51215
12971,3,mannheimminers,56107,59130,49248,15800,35540
41078,3,mannheimminers,23733,27389,74400,19142,22179
