,book_id,model_id,team_id,recommendation_1,recommendation_2,recommendation_3,recommendation_4,recommendation_5
0,25488,first,dataminerz,39340,1374,61627,7411,16540
1,58262,first,dataminerz,25663,29485,41582,782,54697
2,38083,first,dataminerz,18394,51322,1660,32252,29396
3,3059,first,dataminerz,10980,39582,18812,66050,55781
4,49587,first,dataminerz,26405,67680,38557,77828,49833
5,32126,first,dataminerz,66240,64530,6417,65507,34172
6,48127,first,dataminerz,76148,67067,39016,3942,78670
7,59649,first,dataminerz,36602,37014,59612,3164,19492
8,17465,first,dataminerz,6690,73436,39827,35172,668
9,53838,first,dataminerz,73809,8615,42085,5961,33186
10,37146,first,dataminerz,8017,2876,32681,6290,20074
11,40692,first,dataminerz,65851,77228,58019,63166,30134
12,53134,first,dataminerz,39610,16244,26939,27648,26634
13,10841,first,dataminerz,28775,30757,54407,67253,59307
14,11169,first,dataminerz,55065,55998,50145,72959,11057
15,68764,first,dataminerz,65102,71730,24480,71884,24016
16,57342,first,dataminerz,19789,4214,72800,56731,59420
17,11603,first,dataminerz,20519,59713,66585,17686,74788
18,69838,first,dataminerz,55131,24756,73499,70708,21489
19,37998,first,dataminerz,9832,65895,29118,40576,45511
20,35898,first,dataminerz,23051,27429,30763,77435,17231
21,51042,first,dataminerz,24207,32210,68492,66855,73287
22,44118,first,dataminerz,4471,27188,52118,74109,37940
23,67506,first,dataminerz,70419,39427,56101,60619,11235
24,636,first,dataminerz,54581,43852,76463,53469,28068
25,2579,first,dataminerz,61143,40237,3288,1636,64454
26,45286,first,dataminerz,22856,39274,34197,19943,58485
27,18427,first,dataminerz,71453,16400,76963,63352,10405
28,28844,first,dataminerz,47103,17284,41974,76459,23466
29,65714,first,dataminerz,35843,25332,36952,55196,32946
30,24554,first,dataminerz,68311,26452,6683,4797,21944
31,36175,first,dataminerz,70597,19563,47952,26137,46137
32,72138,first,dataminerz,8055,74421,61231,30155,22423
33,45594,first,dataminerz,57494,43625,49674,34848,7688
34,24747,first,dataminerz,69007,50081,25551,67124,23798
35,26662,first,dataminerz,52824,58019,26974,39958,36856
36,33525,first,dataminerz,4949,43774,65832,54028,44921
37,8296,first,dataminerz,71315,44611,7672,38636,66599
38,56597,first,dataminerz,33562,36365,68074,78462,9596
39,61794,first,dataminerz,34679,12416,66020,48987,5341
40,27261,first,dataminerz,3943,6973,10077,20304,31116
41,468,first,dataminerz,63552,6732,22520,26020,60843
42,29448,first,dataminerz,50449,43504,68465,58181,34444
43,726,first,dataminerz,62110,70423,54103,23456,17443
44,55154,first,dataminerz,68953,24929,3977,69338,74220
45,7977,first,dataminerz,18287,61757,60460,73826,16045
46,53078,first,dataminerz,20152,40224,46595,50663,15279
47,34125,first,dataminerz,25349,77552,74191,34170,10095
48,71063,first,dataminerz,52237,72764,27307,19954,27477
49,67063,first,dataminerz,16532,52398,44829,41084,50043
50,47597,first,dataminerz,76697,9120,23559,50029,74286
51,52305,first,dataminerz,63081,72145,24486,29332,28079
52,65833,first,dataminerz,8374,78606,40864,41559,46944
53,5733,first,dataminerz,19200,57880,19606,69844,53069
54,33494,first,dataminerz,16476,25024,50569,61974,62481
55,10881,first,dataminerz,57117,74953,69436,68846,26473
56,74196,first,dataminerz,59176,654,50957,32076,3420
57,22160,first,dataminerz,76624,32618,63153,18003,50682
58,70190,first,dataminerz,9523,22848,2022,47966,34321
59,16191,first,dataminerz,60169,25908,69518,39139,45174
60,6363,first,dataminerz,67751,28431,38356,63399,36284
61,51060,first,dataminerz,62751,24757,37885,31960,63759
62,41219,first,dataminerz,52699,31840,40679,13980,46966
63,53100,first,dataminerz,47909,63940,30382,51359,45380
64,45871,first,dataminerz,33589,44330,14970,42323,28026
65,29083,first,dataminerz,31834,29416,70141,43531,22759
66,61636,first,dataminerz,75730,52099,39171,34990,6771
67,42715,first,dataminerz,43347,36339,41318,62594,77228
68,32754,first,dataminerz,5412,10568,76624,38404,58452
69,72607,first,dataminerz,35816,43158,48120,47201,581
70,6955,first,dataminerz,42742,55477,66037,62272,68374
71,2399,first,dataminerz,14755,39128,52294,4543,46341
72,60216,first,dataminerz,15254,16207,61342,14686,490
73,26438,first,dataminerz,39744,77816,22130,11213,43420
74,57977,first,dataminerz,12719,8186,38673,41505,20901
75,47675,first,dataminerz,47191,72760,40190,9935,78631
76,51832,first,dataminerz,57516,11060,11363,76701,36032
77,29972,first,dataminerz,41867,77713,70692,2294,19232
78,33790,first,dataminerz,6971,61539,43166,13291,2881
79,45390,first,dataminerz,77469,75762,32389,37213,53702
80,11609,first,dataminerz,18477,45989,50382,6880,16019
81,73256,first,dataminerz,49509,63303,15204,58890,40331
82,20740,first,dataminerz,47895,28141,41267,6503,53634
83,24746,first,dataminerz,67549,26797,36511,60499,56661
84,33956,first,dataminerz,6816,24147,20774,28619,20859
85,11253,first,dataminerz,632,39031,48418,57482,50095
86,5255,first,dataminerz,26110,60965,67053,78877,66940
87,24675,first,dataminerz,60759,65145,21216,53069,5569
88,58404,first,dataminerz,19246,27913,44379,40230,55955
89,47464,first,dataminerz,26466,41755,25231,34735,54549
90,39665,first,dataminerz,48181,54740,28030,54691,77758
91,18622,first,dataminerz,42347,26337,44237,71759,49136
92,54066,first,dataminerz,55605,58197,12452,19008,31953
93,30229,first,dataminerz,56573,34260,35231,8231,35040
94,71353,first,dataminerz,16831,23978,20233,27069,38146
95,14037,first,dataminerz,3542,22927,8161,48488,74569
96,71784,first,dataminerz,8252,70131,16903,66559,62653
97,46951,first,dataminerz,68672,20857,64954,16028,70057
98,61514,first,dataminerz,53435,7731,12469,59341,43122
99,27259,first,dataminerz,43988,42243,74803,3056,53460
100,45613,first,dataminerz,39020,46317,44311,67902,6959
101,22972,first,dataminerz,14504,64129,29756,10301,74523
102,45435,first,dataminerz,7636,59438,10227,44230,28326
103,62993,first,dataminerz,31660,1359,23546,78204,66122
104,64509,first,dataminerz,1855,43024,19122,78567,74204
105,46931,first,dataminerz,59843,76028,74020,23273,66024
106,65465,first,dataminerz,38903,6800,27266,9739,41973
107,60384,first,dataminerz,62267,5063,10132,44322,39410
108,31881,first,dataminerz,17289,53921,16626,25750,21681
109,67229,first,dataminerz,37756,12785,63238,70836,57495
110,58605,first,dataminerz,3189,69718,38567,8537,50607
111,6530,first,dataminerz,7209,28094,45505,45957,13260
112,43304,first,dataminerz,36110,46459,70614,48613,63236
113,21179,first,dataminerz,930,76480,51746,32598,70655
114,28853,first,dataminerz,29382,39156,77218,55408,8681
115,47632,first,dataminerz,40699,49208,71148,29687,44795
116,15039,first,dataminerz,67347,22176,31710,25474,17741
117,72722,first,dataminerz,49304,41196,466,18661,41555
118,45270,first,dataminerz,10895,30391,47180,1328,54876
119,61339,first,dataminerz,72613,71036,60861,68010,10542
120,48791,first,dataminerz,27303,54358,48356,68216,32269
121,32110,first,dataminerz,39211,52870,75712,45753,54801
122,33558,first,dataminerz,39067,15993,35233,20483,70441
123,21639,first,dataminerz,17908,10810,71975,13439,37165
124,47838,first,dataminerz,43939,7073,74358,13192,10581
125,78241,first,dataminerz,53312,64251,14265,32231,20266
126,6413,first,dataminerz,55219,67788,53745,51848,70434
127,27334,first,dataminerz,43624,71391,31788,47213,16542
128,3425,first,dataminerz,60370,21715,62386,35582,53159
129,29779,first,dataminerz,9946,64468,20096,2750,25916
130,45827,first,dataminerz,41217,58902,45445,46015,12988
131,39627,first,dataminerz,58516,36531,40382,68931,77534
132,39590,first,dataminerz,42616,51123,75597,24202,36174
133,1103,first,dataminerz,29929,49935,70855,56779,747
134,74813,first,dataminerz,4074,51787,33622,51620,29809
135,39000,first,dataminerz,18908,20053,58236,44289,4861
136,10434,first,dataminerz,15238,4655,51597,38696,20539
137,18320,first,dataminerz,48722,24329,7168,53156,11616
138,47893,first,dataminerz,13245,57602,14090,57687,58019
139,10426,first,dataminerz,46113,68993,60567,46488,52447
140,9179,first,dataminerz,54340,58744,17217,57697,25384
141,58906,first,dataminerz,16265,66145,73926,70359,42556
142,51702,first,dataminerz,41372,28318,57258,24121,1853
143,35470,first,dataminerz,20479,61031,63530,14119,12626
144,30816,first,dataminerz,21845,37250,40855,54954,68075
145,69589,first,dataminerz,15847,22445,37513,72544,37991
146,8109,first,dataminerz,45586,25638,15496,19269,68228
147,62276,first,dataminerz,70518,34803,8373,20354,12590
148,64534,first,dataminerz,53489,25763,3159,46503,70782
149,5300,first,dataminerz,51338,39430,26498,29206,27535
150,54461,first,dataminerz,63629,74358,16815,70616,49411
151,10326,first,dataminerz,74199,56021,21223,14290,56484
152,1071,first,dataminerz,63799,15032,11466,78495,18679
153,20234,first,dataminerz,58077,5918,48850,25183,22798
154,4525,first,dataminerz,9101,53931,64232,63954,37644
155,62509,first,dataminerz,61119,6001,2800,38399,49108
156,39941,first,dataminerz,9967,55502,72818,11256,23138
157,3583,first,dataminerz,9118,61625,74659,24699,70196
158,35236,first,dataminerz,67059,47676,63281,44103,34466
159,42326,first,dataminerz,66589,33982,14610,222,48531
160,22868,first,dataminerz,57552,4634,24465,39946,33763
161,28533,first,dataminerz,71800,18019,34742,64342,55598
162,61752,first,dataminerz,13754,70981,8680,208,54187
163,45955,first,dataminerz,28762,21248,17955,53285,15527
164,3166,first,dataminerz,14573,36157,12162,38405,78837
165,1168,first,dataminerz,17176,26028,58587,17643,7659
166,259,first,dataminerz,10325,9602,45086,49742,13400
167,60087,first,dataminerz,22625,3682,11614,60502,57430
168,12311,first,dataminerz,53376,71005,57074,50256,2932
169,66633,first,dataminerz,51011,5546,15015,44912,42235
170,65860,first,dataminerz,76570,59720,78960,43623,7522
171,52748,first,dataminerz,54714,4596,26727,30554,33551
172,35638,first,dataminerz,41013,45773,3013,12369,15581
173,23349,first,dataminerz,39090,10703,31525,72624,22188
174,30313,first,dataminerz,36686,61293,44768,41152,50142
175,5498,first,dataminerz,60125,45816,74480,12467,54815
176,45424,first,dataminerz,5229,54448,33323,17061,53247
177,15472,first,dataminerz,10053,35253,62084,63288,1433
178,13056,first,dataminerz,754,24641,67576,17865,31727
179,14122,first,dataminerz,23904,195,55627,40202,71160
180,50582,first,dataminerz,25475,8546,21112,24170,71487
181,38840,first,dataminerz,54245,13033,40965,47033,62917
182,63023,first,dataminerz,43549,18701,46726,36964,59136
183,8516,first,dataminerz,6828,63559,51052,78188,5629
184,47014,first,dataminerz,62857,59151,53190,28271,30760
185,49396,first,dataminerz,8153,25312,46651,43105,58167
186,75774,first,dataminerz,45582,3572,17340,27754,43314
187,13180,first,dataminerz,78526,56039,346,42560,426
188,16340,first,dataminerz,12431,76044,51810,19533,6432
189,78314,first,dataminerz,47553,76718,6232,44276,27235
190,1460,first,dataminerz,34358,43537,63532,20476,65648
191,38005,first,dataminerz,19937,38996,26267,70602,3826
192,42622,first,dataminerz,25320,23403,15965,41810,57850
193,38523,first,dataminerz,65972,43968,9096,56583,32660
194,74041,first,dataminerz,22666,63530,52169,56749,5686
195,37011,first,dataminerz,37952,62828,33163,11977,35568
196,6288,first,dataminerz,60079,55327,43971,65385,78360
197,62728,first,dataminerz,12738,67867,65901,3503,64553
198,15949,first,dataminerz,51494,70226,19158,53858,33289
199,15715,first,dataminerz,33017,42261,41928,37908,34580
200,10097,first,dataminerz,32120,67495,52753,38328,22700
201,66177,first,dataminerz,17647,16153,28704,66314,1906
202,16746,first,dataminerz,62142,52183,54334,74144,38126
203,18879,first,dataminerz,62380,15276,48783,24213,62522
204,7655,first,dataminerz,78423,71090,74078,70568,22735
205,53378,first,dataminerz,51629,34237,30465,24992,3178
206,15167,first,dataminerz,10452,25990,37966,21623,47902
207,33517,first,dataminerz,8836,62831,53614,58877,63315
208,2975,first,dataminerz,26650,75490,51943,62548,2498
209,62454,first,dataminerz,46130,13913,48413,34780,13097
210,51133,first,dataminerz,18521,23641,65806,15602,53167
211,71805,first,dataminerz,2491,26166,60944,11725,45273
212,67073,first,dataminerz,69570,24303,23253,49253,9726
213,77384,first,dataminerz,54847,13708,64396,9902,29339
214,5844,first,dataminerz,29642,12101,38206,47324,30294
215,52718,first,dataminerz,24450,28794,38602,6974,56195
216,15767,first,dataminerz,67740,76769,39747,29396,70183
217,45935,first,dataminerz,9291,10793,76151,36070,9267
218,2142,first,dataminerz,23496,23634,31546,54875,62728
219,31637,first,dataminerz,49742,73131,59941,14161,28990
220,31129,first,dataminerz,12715,63257,23645,52087,4778
221,76150,first,dataminerz,19207,71068,27209,22598,44953
222,75867,first,dataminerz,79036,32099,24107,44807,66541
223,24085,first,dataminerz,46805,61017,6516,16892,72991
224,13973,first,dataminerz,2203,43608,72199,54819,47044
225,70180,first,dataminerz,54623,41142,1416,34436,10907
226,77574,first,dataminerz,36262,73284,32022,67481,76494
227,62162,first,dataminerz,28502,17632,59502,49234,77966
228,40017,first,dataminerz,38183,53169,20105,13459,33216
229,49479,first,dataminerz,14977,21029,56988,961,58254
230,9036,first,dataminerz,28523,49452,74029,50899,25368
231,14314,first,dataminerz,4833,64901,78258,22764,77255
232,54145,first,dataminerz,24975,18997,62701,31007,35982
233,36939,first,dataminerz,46264,60407,24230,61025,45516
234,13269,first,dataminerz,32246,51692,19937,20417,41113
235,24486,first,dataminerz,63081,72145,66046,28079,29332
236,31685,first,dataminerz,44033,35130,42064,47892,16275
237,55613,first,dataminerz,50803,37023,36277,13971,61030
238,10307,first,dataminerz,7747,14475,63548,15346,63158
239,31085,first,dataminerz,75101,77759,60540,32061,65212
240,12152,first,dataminerz,57514,36848,39917,37874,17770
241,1399,first,dataminerz,47737,35021,12697,24018,74906
242,47621,first,dataminerz,30374,43380,18645,66047,31261
243,77524,first,dataminerz,3078,77191,57920,11883,40446
244,72017,first,dataminerz,77428,52899,65008,36606,74313
245,68427,first,dataminerz,63291,25521,64371,17001,76742
246,45238,first,dataminerz,66908,71766,70547,41196,60874
247,1777,first,dataminerz,78179,78147,16274,15758,10997
248,64596,first,dataminerz,4773,60992,17333,12418,52590
249,53660,first,dataminerz,17739,13181,72689,24219,35610
250,53793,first,dataminerz,28629,35498,39204,44738,3986
251,53003,first,dataminerz,43532,52807,71373,8566,62259
252,30144,first,dataminerz,27592,41162,22191,45072,16693
253,59985,first,dataminerz,29379,20048,78224,15243,75179
254,5384,first,dataminerz,5859,68099,58555,74240,58271
255,70911,first,dataminerz,33826,28311,33062,37162,9256
256,54790,first,dataminerz,63170,76099,61135,26530,22103
257,66903,first,dataminerz,48676,15802,46200,22452,37401
258,49099,first,dataminerz,45006,55966,33366,27658,68637
259,35947,first,dataminerz,7176,17016,15217,51473,41357
260,18424,first,dataminerz,39067,184,17577,27462,8184
261,1177,first,dataminerz,34801,55796,54550,10722,55816
262,25513,first,dataminerz,45872,32512,46674,73807,14090
263,56477,first,dataminerz,58097,63235,825,39124,74131
264,19649,first,dataminerz,49340,33125,2226,71168,817
265,28731,first,dataminerz,20985,66279,31515,40704,65428
266,35048,first,dataminerz,29625,40894,36306,66363,50094
267,47192,first,dataminerz,60872,49967,18302,11949,28738
268,56453,first,dataminerz,34025,42310,24771,10987,46456
269,56939,first,dataminerz,29065,10966,33932,16827,64021
270,18904,first,dataminerz,74044,51246,53580,50921,12207
271,44025,first,dataminerz,71614,75226,27148,30482,69651
272,9012,first,dataminerz,76850,77637,37791,71908,60424
273,5892,first,dataminerz,25737,78542,7635,62849,56048
274,5119,first,dataminerz,42299,34103,22415,10062,30821
275,19874,first,dataminerz,5454,15047,66036,8785,5531
276,41477,first,dataminerz,32375,53695,69783,66813,38040
277,45068,first,dataminerz,1383,13047,59129,59047,1437
278,61261,first,dataminerz,48572,56509,24465,19990,44846
279,52685,first,dataminerz,74564,50658,69485,49266,65976
280,21281,first,dataminerz,35604,25802,46075,75875,29659
281,61125,first,dataminerz,20759,1660,38083,32252,27176
282,45116,first,dataminerz,75058,37491,43720,24888,66433
283,15854,first,dataminerz,20406,24863,68491,66216,69505
284,46634,first,dataminerz,33850,66067,68137,75579,71914
285,4272,first,dataminerz,27989,38599,43829,3260,30892
286,39508,first,dataminerz,71727,71389,66248,56658,29930
287,13970,first,dataminerz,18435,75386,14903,16790,7039
288,9626,first,dataminerz,63695,32183,9927,73932,75634
289,6341,first,dataminerz,21426,43244,55903,33545,10623
290,26222,first,dataminerz,72505,16219,46531,33450,60063
291,17998,first,dataminerz,53092,18523,52920,2708,58977
292,51002,first,dataminerz,17573,78753,27370,52590,27653
293,70026,first,dataminerz,48569,23366,23809,25222,72193
294,4089,first,dataminerz,41483,10282,67572,15770,61402
295,56945,first,dataminerz,20918,46157,42333,61683,73516
296,56300,first,dataminerz,35542,36505,23148,51140,1434
297,29536,first,dataminerz,28263,9789,55252,42645,45893
298,67085,first,dataminerz,45023,65530,42836,27200,27399
299,8318,first,dataminerz,56935,17194,68765,6920,10438
300,50701,first,dataminerz,11426,35181,75796,37830,32635
301,39906,first,dataminerz,65651,43687,15200,64121,15064
302,20388,first,dataminerz,50030,37852,74632,30390,17818
303,48054,first,dataminerz,61082,68904,51373,2845,53486
304,28013,first,dataminerz,60851,14749,28323,49404,70133
305,72242,first,dataminerz,69891,11675,63441,65483,78639
306,69407,first,dataminerz,23693,53341,46429,73379,47345
307,67382,first,dataminerz,15770,70822,43399,61786,17091
308,48584,first,dataminerz,14578,70907,68109,19472,26426
309,38197,first,dataminerz,78067,70795,60804,77876,34818
310,3696,first,dataminerz,71695,61526,20043,63020,49996
311,22940,first,dataminerz,555,3360,47540,48366,72069
312,66319,first,dataminerz,36618,76494,54963,67481,21897
313,37531,first,dataminerz,34480,74294,65242,24245,34528
314,47302,first,dataminerz,25238,4217,8676,31651,49663
315,64237,first,dataminerz,37425,52414,44334,54619,24774
316,60983,first,dataminerz,50235,10843,43301,65514,38779
317,687,first,dataminerz,55904,65988,35380,9943,55771
318,51599,first,dataminerz,43364,8639,7745,27005,19131
319,12519,first,dataminerz,54179,6195,4407,22880,10304
320,8268,first,dataminerz,7458,17424,18317,1027,74935
321,45732,first,dataminerz,46325,72074,43845,8893,25146
322,29948,first,dataminerz,58005,53622,34130,50593,44249
323,24087,first,dataminerz,43982,37827,28368,37854,20436
324,24667,first,dataminerz,21913,31765,34343,1614,31796
325,9197,first,dataminerz,13514,52656,67278,66495,50232
326,31571,first,dataminerz,26907,28236,16927,9563,78087
327,71698,first,dataminerz,57175,79018,73159,18026,43127
328,43672,first,dataminerz,5509,35165,60745,36646,23967
329,72088,first,dataminerz,29857,54673,33172,15,37136
330,53393,first,dataminerz,52675,1842,28434,20310,39343
331,38254,first,dataminerz,78725,13984,15751,5221,30483
332,27491,first,dataminerz,4784,11747,74380,63512,52385
333,7028,first,dataminerz,62297,18267,72248,42524,58807
334,56180,first,dataminerz,44554,13235,71244,31063,70529
335,10324,first,dataminerz,48087,40637,63312,7049,78500
336,51443,first,dataminerz,7464,9265,18231,40241,23951
337,65088,first,dataminerz,75482,17566,19482,15252,14579
338,45487,first,dataminerz,6639,40097,52315,10963,34423
339,7201,first,dataminerz,18280,60191,65164,69883,52888
340,3031,first,dataminerz,18334,38577,56665,454,5408
341,52727,first,dataminerz,56193,20923,53801,78629,20035
342,66360,first,dataminerz,67351,49809,45600,47645,62737
343,70707,first,dataminerz,23377,50561,77425,50595,13767
344,60250,first,dataminerz,15297,15044,38851,2348,27344
345,70223,first,dataminerz,56296,639,30645,61144,56887
346,12103,first,dataminerz,283,22158,24782,48323,27767
347,29580,first,dataminerz,39543,50962,50299,54706,49405
348,3472,first,dataminerz,23503,25353,7269,40804,75161
349,66315,first,dataminerz,71559,1713,19324,67157,41531
350,58455,first,dataminerz,54152,47225,9465,18576,3171
351,9424,first,dataminerz,69989,19226,33655,46391,25244
352,56705,first,dataminerz,22495,45052,61326,21255,21309
353,54338,first,dataminerz,47816,34890,67919,49770,42474
354,70923,first,dataminerz,22026,25361,12490,55014,62737
355,41422,first,dataminerz,75760,18861,48632,9998,3036
356,23087,first,dataminerz,37030,323,15320,68728,61424
357,60594,first,dataminerz,53147,21123,39596,73898,1154
358,59102,first,dataminerz,192,22198,2003,72135,22436
359,70997,first,dataminerz,26125,35705,62144,14749,60851
360,15861,first,dataminerz,76894,811,24188,18637,9460
361,8542,first,dataminerz,1041,34721,18421,33333,22133
362,38964,first,dataminerz,58396,26638,28680,42158,63551
363,8208,first,dataminerz,76865,78291,70631,23356,78440
364,1954,first,dataminerz,65096,23768,64597,48092,16646
365,4822,first,dataminerz,61545,41316,18119,5082,53523
366,26113,first,dataminerz,47637,9415,58611,14865,1845
367,12970,first,dataminerz,72628,9968,8619,43837,41485
368,9891,first,dataminerz,2559,40485,41477,18295,73022
369,65669,first,dataminerz,25036,58723,6585,52989,65214
370,26379,first,dataminerz,61382,57382,33218,44073,24206
371,30725,first,dataminerz,30920,7244,3991,2179,49878
372,55501,first,dataminerz,73054,6722,9962,17214,67879
373,49738,first,dataminerz,62685,68997,37891,66406,65826
374,77676,first,dataminerz,51398,17173,6488,52539,26684
375,16801,first,dataminerz,40782,27657,40056,69176,64149
376,61475,first,dataminerz,5062,42960,30740,38444,14584
377,51600,first,dataminerz,15479,73105,950,74251,6046
378,33303,first,dataminerz,40459,15554,36552,18246,60475
379,39498,first,dataminerz,825,20571,73941,43450,54901
380,46052,first,dataminerz,51770,60213,29598,19099,38123
381,72969,first,dataminerz,1550,67281,64300,73100,30578
382,14895,first,dataminerz,65694,23178,53081,9504,7727
383,69233,first,dataminerz,39691,58918,54324,18471,26598
384,19801,first,dataminerz,39531,78505,4775,32164,20425
385,65557,first,dataminerz,50641,57232,29990,331,60291
386,78480,first,dataminerz,77648,12910,57394,54809,58787
387,20547,first,dataminerz,54990,9136,24523,26014,21592
388,47002,first,dataminerz,5864,16482,78479,46031,8689
389,41580,first,dataminerz,3784,64977,26930,71947,17057
390,23706,first,dataminerz,43772,29534,48899,65094,8637
391,8498,first,dataminerz,58083,26764,22627,72066,40536
392,53475,first,dataminerz,47407,21287,13690,40688,693
393,2074,first,dataminerz,31409,51674,11488,52200,51757
394,75295,first,dataminerz,774,43091,49973,65714,28081
395,39076,first,dataminerz,13507,26032,55991,35284,42604
396,59879,first,dataminerz,5225,77568,5990,16284,52036
397,51540,first,dataminerz,75344,29124,15681,37675,2541
398,40362,first,dataminerz,20145,78678,11714,4713,25395
399,73789,first,dataminerz,34621,16226,3604,67414,2201
400,76368,first,dataminerz,6024,3229,16149,7031,57853
401,22313,first,dataminerz,44537,69145,73612,41335,12312
402,11550,first,dataminerz,58506,61392,1379,23527,1554
403,73200,first,dataminerz,2857,53082,53155,25762,29572
404,21536,first,dataminerz,75220,56820,47051,10229,61805
405,56475,first,dataminerz,62079,63816,78608,18396,36612
406,27237,first,dataminerz,25126,17446,25200,77213,6506
407,59970,first,dataminerz,2580,26526,38663,45502,64851
408,66324,first,dataminerz,49354,50134,4489,63397,69129
409,56170,first,dataminerz,52405,45114,8354,74962,49399
410,61750,first,dataminerz,50939,66829,28675,57995,9134
411,78486,first,dataminerz,59500,15717,69279,61744,39523
412,22231,first,dataminerz,22847,10290,20078,13724,7312
413,56175,first,dataminerz,69844,41198,48420,73870,18994
414,36526,first,dataminerz,38737,78049,41499,25493,24546
415,72777,first,dataminerz,46795,6901,11245,31587,11023
416,51818,first,dataminerz,24932,14002,50801,73257,36364
417,78303,first,dataminerz,11197,11387,19326,57484,381
418,54090,first,dataminerz,65248,11175,53877,2136,58019
419,58865,first,dataminerz,3995,67971,52763,21740,61994
420,28493,first,dataminerz,10130,56719,32061,67942,11087
421,39201,first,dataminerz,11577,23095,26865,8585,69805
422,3523,first,dataminerz,9995,75254,33131,38094,76137
423,26764,first,dataminerz,58083,22627,72066,40536,8498
424,10587,first,dataminerz,53604,26193,75223,28216,2120
425,27590,first,dataminerz,67318,43604,60094,34163,24095
426,14640,first,dataminerz,17506,41748,32268,61036,32483
427,30239,first,dataminerz,49052,8491,28267,53174,48903
428,25987,first,dataminerz,34764,58210,11984,14158,28526
429,50899,first,dataminerz,49452,74029,10603,25368,46761
430,38664,first,dataminerz,44553,12767,71154,13046,78155
431,64339,first,dataminerz,72620,48750,63256,15489,49759
432,36157,first,dataminerz,6370,14573,3166,3083,5934
433,67219,first,dataminerz,70023,760,46436,15101,65507
434,26971,first,dataminerz,1337,1757,46170,56791,11772
435,59750,first,dataminerz,51244,26146,41434,57277,71539
436,14318,first,dataminerz,28263,9789,26121,29536,11319
437,35892,first,dataminerz,25843,43512,14958,50624,63743
438,23226,first,dataminerz,73107,8339,21152,61131,65297
439,78680,first,dataminerz,29866,68542,72280,21380,12093
440,60056,first,dataminerz,17162,10009,2516,14735,66177
441,68759,first,dataminerz,59822,2587,29675,31371,30837
442,61909,first,dataminerz,10702,21204,4066,27152,54946
443,62464,first,dataminerz,13183,4175,75703,49703,63265
444,39864,first,dataminerz,39315,56741,63246,25670,46324
445,4120,first,dataminerz,28880,59731,57056,27305,61354
446,71863,first,dataminerz,4068,16156,16348,26056,65890
447,67953,first,dataminerz,73835,40198,57796,22270,28881
448,14782,first,dataminerz,23879,26448,24901,62753,54561
449,55221,first,dataminerz,73760,62284,50050,9841,25268
450,13755,first,dataminerz,68487,37024,28511,7963,50154
451,66040,first,dataminerz,11615,9544,5404,15573,50945
452,22353,first,dataminerz,26002,47900,20513,40322,17626
453,11485,first,dataminerz,30435,71752,22926,33576,77502
454,10789,first,dataminerz,22702,47273,64583,10202,14937
455,63891,first,dataminerz,66877,42927,70454,18614,46381
456,49179,first,dataminerz,11563,65885,40970,51791,57231
457,817,first,dataminerz,64219,27848,33883,45981,78316
458,25157,first,dataminerz,62920,2523,16280,18064,45318
459,41090,first,dataminerz,3275,709,68891,24144,20330
460,77200,first,dataminerz,54489,20689,31129,1689,16995
461,66568,first,dataminerz,22297,4991,73958,42066,32294
462,45173,first,dataminerz,77294,26578,26797,67508,68370
463,20399,first,dataminerz,30656,25233,33107,23008,36322
464,76916,first,dataminerz,62664,26530,30218,78817,57662
465,63103,first,dataminerz,54198,69658,45429,1991,23505
466,64517,first,dataminerz,79027,73022,1511,70804,9891
467,47988,first,dataminerz,77121,78546,35254,12002,18122
468,44662,first,dataminerz,5862,60503,38139,78961,41111
469,76645,first,dataminerz,76697,9120,23559,50029,74286
470,62115,first,dataminerz,68591,55860,11044,7744,41517
471,62234,first,dataminerz,13500,74308,60456,5369,26712
472,36826,first,dataminerz,77060,6795,33411,66888,61953
473,29916,first,dataminerz,57901,17578,39913,5732,37459
474,8728,first,dataminerz,18519,37749,72712,48404,51210
475,30372,first,dataminerz,36233,69457,38873,73251,29969
476,17138,first,dataminerz,73024,78876,20176,36827,71295
477,40812,first,dataminerz,60439,48371,24381,44840,65838
478,28381,first,dataminerz,31166,73108,41785,6355,59837
479,37563,first,dataminerz,34630,36983,49775,53419,10908
480,42158,first,dataminerz,54135,29356,21447,63020,78354
481,36959,first,dataminerz,51303,5419,68289,43744,56072
482,30622,first,dataminerz,74134,48354,57398,52970,31071
483,56782,first,dataminerz,19466,68079,9461,34963,34898
484,44214,first,dataminerz,47970,13100,52169,37799,17142
485,50648,first,dataminerz,68065,35630,50707,61440,25190
486,37731,first,dataminerz,73435,15002,43105,19651,31224
487,22963,first,dataminerz,12048,24791,19835,62655,41982
488,24740,first,dataminerz,40423,48543,37992,54793,10881
489,2706,first,dataminerz,12784,66796,28020,6950,57266
490,58358,first,dataminerz,6095,38405,9803,78939,70765
491,9569,first,dataminerz,44124,62651,46706,38192,68358
492,50163,first,dataminerz,8248,17101,52354,8846,36927
493,5357,first,dataminerz,53267,18262,60672,23071,42213
494,23570,first,dataminerz,42743,69088,22986,71904,27009
495,78384,first,dataminerz,30762,69585,56354,12430,77448
496,68157,first,dataminerz,66167,19503,55547,21470,54322
497,44964,first,dataminerz,26648,3086,63872,34589,69275
498,12971,first,dataminerz,32816,56107,49248,15800,21904
499,41078,first,dataminerz,23733,11950,22179,36214,43828
500,12,first,dataminerz,16316,38085,56892,6452,72766
501,45274,first,dataminerz,6210,27432,51530,7262,1746
502,10104,first,dataminerz,43316,10143,21586,27392,43580
503,41371,first,dataminerz,42352,57619,38401,51290,57356
504,14015,first,dataminerz,47952,19563,35707,54587,33524
505,28515,first,dataminerz,17416,49301,4187,24623,68338
506,70766,first,dataminerz,76812,53740,6933,8922,21554
507,1822,first,dataminerz,43069,29355,55029,45798,32004
508,56794,first,dataminerz,2121,44420,10305,46738,78393
509,60188,first,dataminerz,23137,14935,74107,74857,20242
510,62060,first,dataminerz,28229,39658,71213,67002,59564
511,31401,first,dataminerz,6392,71914,59839,8230,64048
512,6420,first,dataminerz,31940,27977,10431,26023,1570
513,72855,first,dataminerz,61965,30898,6649,18241,19526
514,73378,first,dataminerz,14700,29605,32216,28017,66162
515,25049,first,dataminerz,48441,35133,22645,38046,39575
516,24603,first,dataminerz,32145,77891,54569,29782,76655
517,5737,first,dataminerz,76996,45353,35293,27599,74591
518,38980,first,dataminerz,75457,7283,19836,76264,43275
519,13382,first,dataminerz,78733,4787,76182,41883,1965
520,75121,first,dataminerz,28451,39425,26274,61099,64495
521,39779,first,dataminerz,52383,34147,58170,56227,45355
522,14026,first,dataminerz,76538,68755,78341,9543,4036
523,9392,first,dataminerz,11953,51279,73450,52910,71666
524,77956,first,dataminerz,70706,32762,48325,32880,49001
525,70300,first,dataminerz,67246,20957,27956,22528,12115
526,77134,first,dataminerz,8101,40741,23029,71296,25980
527,75340,first,dataminerz,27419,41400,25773,15480,1956
528,51066,first,dataminerz,5036,58220,8490,33916,58716
529,67776,first,dataminerz,6740,11661,45634,37004,10139
530,53929,first,dataminerz,50912,21356,25792,51299,26878
531,22342,first,dataminerz,77514,67841,591,66667,25308
532,41116,first,dataminerz,34152,19782,50808,67107,36538
533,60331,first,dataminerz,66086,15046,28813,45810,50036
534,65307,first,dataminerz,58860,74521,30642,65002,40209
535,50039,first,dataminerz,38862,18595,13777,54037,24036
536,42184,first,dataminerz,12617,52655,43783,60299,23743
537,76163,first,dataminerz,56427,11347,47126,63258,40370
538,2319,first,dataminerz,8183,61622,56579,62342,68951
539,62494,first,dataminerz,60442,78614,61726,40263,551
540,31015,first,dataminerz,74006,32411,18474,6960,66973
541,21497,first,dataminerz,21680,19761,48669,77708,6011
542,53008,first,dataminerz,59779,74184,72947,49132,54465
543,39308,first,dataminerz,10158,70722,33619,5430,73398
544,4690,first,dataminerz,54504,50435,65615,4307,39658
545,19777,first,dataminerz,54827,27295,50722,69585,46778
546,10078,first,dataminerz,17592,43270,49580,40417,34347
547,65353,first,dataminerz,29555,67554,66120,10563,11030
548,58847,first,dataminerz,28563,4555,60327,48781,35419
549,61593,first,dataminerz,44798,38673,76961,30356,56991
550,18537,first,dataminerz,42018,72913,22662,52260,40552
551,73427,first,dataminerz,65226,65884,6954,71506,57399
552,7521,first,dataminerz,48492,36507,20013,49274,19828
553,71586,first,dataminerz,33094,40865,3421,6118,57954
554,13772,first,dataminerz,58218,55284,19320,52393,36980
555,33092,first,dataminerz,16426,56217,18086,52159,50147
556,74398,first,dataminerz,72081,29064,45870,46055,22263
557,74089,first,dataminerz,70853,7268,50806,7163,41890
558,57282,first,dataminerz,40070,18498,69520,64457,70657
559,38760,first,dataminerz,3299,33896,14148,34220,45820
560,15657,first,dataminerz,15149,32046,10049,72909,12635
561,17665,first,dataminerz,9282,23195,37794,37594,65959
562,75251,first,dataminerz,10372,42394,50520,50824,13516
563,56282,first,dataminerz,33357,27774,29478,54482,26297
564,73973,first,dataminerz,58077,138,5918,48850,77735
565,19994,first,dataminerz,38845,59685,30105,18413,59026
566,47098,first,dataminerz,33017,64128,49051,4035,78484
567,54190,first,dataminerz,54518,1099,26966,7520,36227
568,61043,first,dataminerz,44026,20400,76528,21757,21401
569,78675,first,dataminerz,22205,46591,17761,22704,6856
570,40394,first,dataminerz,60925,35869,76279,19278,76529
571,43844,first,dataminerz,6306,28198,57665,11987,30655
572,27300,first,dataminerz,4046,4235,56155,76663,6376
573,22870,first,dataminerz,36442,43419,3615,39670,64640
574,61707,first,dataminerz,41110,77711,17245,52325,69998
575,17888,first,dataminerz,66871,14389,11679,58727,38629
576,48292,first,dataminerz,76912,49249,43558,19192,48126
577,2054,first,dataminerz,9415,23518,39123,7359,36787
578,6643,first,dataminerz,61661,2126,6347,60850,22561
579,3857,first,dataminerz,4409,78643,36017,61271,7561
580,64350,first,dataminerz,49206,67358,29133,55324,19306
581,10833,first,dataminerz,78361,49521,2680,52231,46709
582,33556,first,dataminerz,31709,71374,23417,73418,62943
583,23256,first,dataminerz,14050,2964,12867,31874,55675
584,53880,first,dataminerz,1904,16961,37389,33802,3180
585,75694,first,dataminerz,73056,44606,26606,55163,61520
586,17770,first,dataminerz,37874,9754,21304,78863,49354
587,9365,first,dataminerz,56869,60882,36162,20173,31690
588,11177,first,dataminerz,49648,32234,10286,59986,34667
589,48659,first,dataminerz,66958,73563,22291,73672,65316
590,18169,first,dataminerz,55524,39242,61166,38913,34921
591,48490,first,dataminerz,52670,73408,53598,47698,23685
592,70627,first,dataminerz,51160,73314,56265,4124,4882
593,40000,first,dataminerz,17937,21046,57229,60450,72804
594,18665,first,dataminerz,75094,71787,50382,43787,64862
595,35574,first,dataminerz,40617,31975,77348,50222,45420
596,11732,first,dataminerz,1530,76383,40459,27355,59169
597,6798,first,dataminerz,33862,16780,25674,33342,76226
598,42415,first,dataminerz,62627,16573,13609,5873,49226
599,64236,first,dataminerz,54847,29339,27549,889,1329
600,60644,first,dataminerz,69525,8193,61532,20674,59410
601,11595,first,dataminerz,72941,13755,9802,65827,35863
602,39957,first,dataminerz,12947,64742,58244,19124,63989
603,1519,first,dataminerz,24623,72202,75335,20363,11519
604,10075,first,dataminerz,53821,1829,56351,41334,25458
605,25209,first,dataminerz,59808,9983,62687,52590,33905
606,7108,first,dataminerz,47378,53652,30882,41279,63199
607,67848,first,dataminerz,39653,76520,53005,39196,11975
608,40424,first,dataminerz,17170,33014,54543,51422,1555
609,72523,first,dataminerz,72682,58230,50442,17946,26594
610,60588,first,dataminerz,71264,45480,34342,61766,38105
611,21315,first,dataminerz,57859,10581,6910,25880,53315
612,50356,first,dataminerz,60780,64507,39253,30237,9795
613,75904,first,dataminerz,68843,34312,22449,71201,66397
614,17240,first,dataminerz,38084,52116,51990,24720,2968
615,24218,first,dataminerz,48815,43469,50165,61879,54935
616,21949,first,dataminerz,50293,49178,75010,28090,71418
617,6478,first,dataminerz,62660,63612,64525,37201,31483
618,76242,first,dataminerz,19798,44877,28300,67576,15258
619,71112,first,dataminerz,72962,1359,35674,73371,47872
620,76437,first,dataminerz,6950,48621,70296,11846,38055
621,52656,first,dataminerz,9197,67278,24441,9676,55852
622,10304,first,dataminerz,58578,4832,2706,33661,52925
623,25399,first,dataminerz,38930,51239,27705,68457,170
624,71619,first,dataminerz,52087,74608,19587,15813,48440
625,31439,first,dataminerz,54686,32556,48562,68632,48924
626,14323,first,dataminerz,45820,5087,19669,21580,33896
627,10842,first,dataminerz,22537,31115,22268,68216,66458
628,39515,first,dataminerz,28653,34378,54656,625,40055
629,59732,first,dataminerz,25524,71169,68005,1841,22208
630,56452,first,dataminerz,35069,10717,35475,73617,46124
631,53496,first,dataminerz,53365,77694,26374,61040,5922
632,27903,first,dataminerz,14080,57993,53029,33456,71344
633,53672,first,dataminerz,17258,37904,70145,24517,40968
634,29813,first,dataminerz,52169,40797,27245,77724,43047
635,67909,first,dataminerz,36080,6757,47291,15208,76993
636,36620,first,dataminerz,37016,40178,39810,19382,68719
637,44197,first,dataminerz,21105,67480,55474,17100,77590
638,68772,first,dataminerz,66031,9223,33128,51698,16226
639,72058,first,dataminerz,1151,16895,4018,5519,2171
640,17921,first,dataminerz,23427,43708,38290,6037,8528
641,67832,first,dataminerz,18146,53715,27908,59003,57594
642,73203,first,dataminerz,11421,52531,73222,4332,76589
643,30873,first,dataminerz,44506,28506,1379,6557,50520
644,46059,first,dataminerz,77948,46002,44415,77440,56059
645,49615,first,dataminerz,60207,54192,13964,72491,35311
646,76629,first,dataminerz,28348,37548,4388,60777,76171
647,55488,first,dataminerz,61837,20498,63666,4762,11510
648,30713,first,dataminerz,38952,18359,44460,20914,65610
649,3527,first,dataminerz,48566,68326,36038,77268,41927
650,52884,first,dataminerz,9703,20744,50318,18589,2903
651,48270,first,dataminerz,19628,14060,41551,8358,45990
652,18224,first,dataminerz,18685,20152,6651,26479,62007
653,39309,first,dataminerz,29309,19434,54447,7756,77545
654,11265,first,dataminerz,49899,77342,10623,3746,43244
655,8288,first,dataminerz,72728,16620,19438,75006,27061
656,40312,first,dataminerz,17091,28453,46393,54471,3107
657,35418,first,dataminerz,1757,26181,65344,26123,75129
658,78181,first,dataminerz,26525,24119,3234,7030,10737
659,8859,first,dataminerz,26113,2046,46189,9710,11946
660,3875,first,dataminerz,65369,78867,67236,75245,12945
661,17348,first,dataminerz,48763,41811,35841,10940,4195
662,37321,first,dataminerz,58944,75004,60563,42985,43298
663,22277,first,dataminerz,3901,38971,72554,51344,75002
664,52705,first,dataminerz,24815,43749,21757,76528,22274
665,26856,first,dataminerz,64119,29830,20978,19493,69310
666,36095,first,dataminerz,54550,48387,2979,36228,73124
667,66497,first,dataminerz,14617,61673,49887,73571,4632
668,55326,first,dataminerz,1438,61426,61109,38182,33454
669,3959,first,dataminerz,35563,11737,1040,5022,4836
670,66928,first,dataminerz,64953,38790,58583,17957,54087
671,23159,first,dataminerz,28475,31791,65708,40144,46377
672,76762,first,dataminerz,66650,12978,68294,35938,54665
673,73748,first,dataminerz,6271,64606,19193,71026,75837
674,8248,first,dataminerz,61051,2025,64894,50163,12700
675,39766,first,dataminerz,22976,12746,47896,76664,22674
676,49234,first,dataminerz,28502,36421,43753,13927,19327
677,23366,first,dataminerz,70026,48569,24380,23809,76446
678,59734,first,dataminerz,704,6062,55894,52042,59695
679,41020,first,dataminerz,52908,34004,17820,29204,5815
680,74389,first,dataminerz,20439,48549,12737,16422,35415
681,8538,first,dataminerz,61252,60657,27667,69279,69072
682,40113,first,dataminerz,78512,3266,78768,61589,6074
683,32980,first,dataminerz,26618,7667,23661,52251,47413
684,47068,first,dataminerz,73774,51786,49953,61485,71426
685,20083,first,dataminerz,20287,39296,52786,41369,18928
686,31728,first,dataminerz,17113,9009,39631,53828,76427
687,52192,first,dataminerz,74326,54877,23406,33053,33033
688,62732,first,dataminerz,53255,4983,40935,19430,18087
689,30746,first,dataminerz,54492,34655,28851,72944,23352
690,22622,first,dataminerz,177,1141,50711,41579,2051
691,54612,first,dataminerz,32484,56749,35035,47196,57171
692,59032,first,dataminerz,41847,59614,13647,74310,2773
693,26385,first,dataminerz,71511,54516,13462,39052,37495
694,65461,first,dataminerz,74747,1232,77850,40842,74828
695,54835,first,dataminerz,75815,72155,55611,33202,73277
696,54737,first,dataminerz,31260,2653,75990,56766,21614
697,76905,first,dataminerz,60579,9851,15891,51376,29220
698,45093,first,dataminerz,16480,64379,15449,25091,8632
699,31273,first,dataminerz,13785,42237,50260,73881,10495
700,851,first,dataminerz,72857,63068,74064,11286,39338
701,16935,first,dataminerz,22123,12050,44464,4857,10696
702,28379,first,dataminerz,70109,58589,9284,5092,37105
703,17009,first,dataminerz,41054,38851,56587,62933,4232
704,1486,first,dataminerz,33672,71558,25888,46071,17847
705,62630,first,dataminerz,55338,46876,50751,28477,47648
706,34682,first,dataminerz,43307,54901,19678,38947,53479
707,6741,first,dataminerz,72666,2067,29470,78220,8408
708,20852,first,dataminerz,1336,29675,22120,15338,18903
709,22265,first,dataminerz,34676,4838,4234,33533,44903
710,2244,first,dataminerz,51846,37486,50233,62980,62556
711,26396,first,dataminerz,1972,63634,6125,35404,33913
712,48796,first,dataminerz,34460,12413,14064,52309,32372
713,45501,first,dataminerz,64654,45644,50699,11530,77
714,26445,first,dataminerz,36135,50514,52058,25392,73301
715,457,first,dataminerz,3410,64524,20477,31026,68783
716,35752,first,dataminerz,11898,1960,47561,44203,15710
717,47491,first,dataminerz,44457,60211,8638,46288,65400
718,43762,first,dataminerz,76611,27775,31629,52854,12730
719,23599,first,dataminerz,62340,61930,31474,66202,28575
720,13325,first,dataminerz,1410,26645,13119,34356,10576
721,3273,first,dataminerz,3070,74023,48287,15745,30799
722,2257,first,dataminerz,23874,59873,69549,31559,36295
723,34670,first,dataminerz,73860,21383,25626,72900,74200
724,74105,first,dataminerz,26325,55455,70981,44444,29739
725,35720,first,dataminerz,8019,23954,9490,26613,543
726,71526,first,dataminerz,50656,3730,25569,12467,76471
727,21737,first,dataminerz,10036,52062,78524,40615,6393
728,7860,first,dataminerz,8768,12337,31990,69978,11483
729,41648,first,dataminerz,63435,18955,67667,76507,37632
730,1640,first,dataminerz,29963,40414,20134,33078,43683
731,33814,first,dataminerz,45991,31164,670,76780,68683
732,19717,first,dataminerz,37710,39555,40270,34297,38610
733,78998,first,dataminerz,40412,19321,46065,38591,30283
734,23643,first,dataminerz,5024,68187,4800,59417,38402
735,68712,first,dataminerz,57366,29003,40862,78915,70165
736,63739,first,dataminerz,18951,16103,43234,31548,10781
737,42328,first,dataminerz,75937,40202,71728,5242,11624
738,23446,first,dataminerz,63207,9556,23853,17784,64681
739,21285,first,dataminerz,8369,53470,37135,8965,8159
740,72959,first,dataminerz,42872,29943,66331,40648,33962
741,8548,first,dataminerz,39224,63080,40179,42489,13799
742,21221,first,dataminerz,74497,43692,22980,19830,77383
743,12564,first,dataminerz,9024,50498,64907,18066,21222
744,9577,first,dataminerz,71386,9183,35373,47430,4752
745,29381,first,dataminerz,1335,17801,76513,76314,26712
746,19688,first,dataminerz,53671,76898,78750,43509,6994
747,45195,first,dataminerz,70010,46729,5893,6304,35432
748,22775,first,dataminerz,6335,59129,10303,7134,42807
749,13131,first,dataminerz,67566,69011,78370,28354,14738
750,8861,first,dataminerz,6908,45647,45777,63770,75808
751,1680,first,dataminerz,73122,15566,48148,55216,28699
752,62200,first,dataminerz,9970,54613,684,19104,38614
753,73868,first,dataminerz,66522,41706,50953,66626,67631
754,7666,first,dataminerz,23738,27124,76874,45881,54719
755,7084,first,dataminerz,70465,71653,23233,49713,40056
756,74586,first,dataminerz,36124,8756,34123,14726,69803
757,2335,first,dataminerz,31897,24405,33116,58759,72829
758,22877,first,dataminerz,12027,9464,44672,56048,40142
759,68509,first,dataminerz,52446,77436,66229,74472,18513
760,28737,first,dataminerz,7160,41468,43366,74194,28112
761,66339,first,dataminerz,62609,32360,27750,36317,3199
762,49803,first,dataminerz,58807,19525,63554,33824,72749
763,14189,first,dataminerz,3200,42531,36071,73646,45599
764,9884,first,dataminerz,38025,19898,3995,78714,34820
765,67630,first,dataminerz,56185,68751,55709,6202,37132
766,11407,first,dataminerz,50497,44860,74722,15751,25303
767,8384,first,dataminerz,73827,32592,65360,68425,60109
768,75345,first,dataminerz,13754,37936,31187,56222,24275
769,45841,first,dataminerz,40799,535,31079,10669,21587
770,63764,first,dataminerz,10865,64431,917,11128,77063
771,70197,first,dataminerz,34964,70842,19157,13442,5348
772,32109,first,dataminerz,20239,44866,41398,45246,41040
773,30434,first,dataminerz,32675,69062,31986,6799,37119
774,45358,first,dataminerz,11071,12587,23132,9470,52113
775,52721,first,dataminerz,44588,18815,7817,46659,20749
776,58820,first,dataminerz,23641,65806,18521,51133,52221
777,70803,first,dataminerz,26001,6709,20265,33656,39880
778,50338,first,dataminerz,37367,71174,53024,41741,48148
779,66493,first,dataminerz,39767,19088,59967,77667,36073
780,52519,first,dataminerz,60297,25470,3354,65305,34658
781,37378,first,dataminerz,13975,21763,54210,54312,65602
782,49952,first,dataminerz,6379,8249,48407,38391,35576
783,75882,first,dataminerz,5234,414,28640,37242,7183
784,7445,first,dataminerz,20893,16987,55548,19086,58007
785,17850,first,dataminerz,64423,48465,38212,51041,27595
786,42566,first,dataminerz,19824,75615,24888,21436,21350
787,29708,first,dataminerz,42054,37955,70984,64207,13102
788,46476,first,dataminerz,17877,39127,72435,41965,47684
789,14470,first,dataminerz,78548,7342,2025,37991,77404
790,43679,first,dataminerz,65573,2499,27613,1758,30342
791,40279,first,dataminerz,70876,33113,31066,44605,39770
792,24002,first,dataminerz,54583,67995,4467,68803,41916
793,68253,first,dataminerz,29051,74414,31931,64547,8195
794,15581,first,dataminerz,20936,10522,20454,2873,12962
795,73552,first,dataminerz,48336,77749,27751,30500,16294
796,38164,first,dataminerz,26111,37047,36397,70440,66641
797,58779,first,dataminerz,36145,59003,6970,57594,27294
798,57464,first,dataminerz,11714,4713,20145,58273,78678
799,56827,first,dataminerz,17471,39600,14181,62058,20315
800,76331,first,dataminerz,46046,68983,50822,39393,78994
801,12568,first,dataminerz,50287,44880,50027,68770,9995
802,63107,first,dataminerz,52986,54135,58286,767,70995
803,39971,first,dataminerz,49482,9331,59134,72884,54140
804,24776,first,dataminerz,71203,32566,13075,74995,3359
805,65811,first,dataminerz,66423,41358,43208,17838,52279
806,77175,first,dataminerz,11366,33550,35563,25536,51995
807,53717,first,dataminerz,17049,77872,60823,25190,19095
808,50340,first,dataminerz,36957,17164,9214,53546,7127
809,77554,first,dataminerz,17554,32429,10189,8484,15168
810,63279,first,dataminerz,45539,65945,65460,7297,58529
811,59821,first,dataminerz,11461,12805,35132,43852,1424
812,12725,first,dataminerz,48909,42222,75326,56379,77274
813,1235,first,dataminerz,62743,11570,75155,30924,27334
814,34899,first,dataminerz,64177,11273,5354,19181,52989
815,37797,first,dataminerz,49149,7332,19755,28230,55180
816,29368,first,dataminerz,43020,39908,74277,15500,76293
817,11378,first,dataminerz,64574,39990,8549,32111,39104
818,59092,first,dataminerz,34673,55902,17969,23803,60846
819,5362,first,dataminerz,30620,3539,8916,50969,50975
820,47933,first,dataminerz,53380,62714,19827,10704,42723
821,68560,first,dataminerz,31921,48392,69864,55015,44500
822,57628,first,dataminerz,56260,75025,7749,14282,846
823,11682,first,dataminerz,23723,77859,53784,17428,70239
824,18601,first,dataminerz,5894,67482,13463,23906,70058
825,58566,first,dataminerz,76261,19714,10460,42000,50632
826,29217,first,dataminerz,35553,13278,31849,66344,17577
827,64901,first,dataminerz,4833,78258,77255,52355,5739
828,6359,first,dataminerz,63252,37454,71005,53600,49428
829,54801,first,dataminerz,39211,16101,49908,61394,10354
830,66017,first,dataminerz,71444,26881,64579,18870,46816
831,28302,first,dataminerz,25474,21350,610,44359,59946
832,19235,first,dataminerz,19029,35613,43483,22820,11307
833,24078,first,dataminerz,58800,62091,15443,55562,34140
834,7924,first,dataminerz,31411,60927,66999,30248,15484
835,2993,first,dataminerz,62357,50738,66076,28690,13354
836,71202,first,dataminerz,53525,32242,55411,77355,18691
837,38543,first,dataminerz,73433,27598,55178,35447,57938
838,9943,first,dataminerz,278,26189,31962,5907,65988
839,24706,first,dataminerz,66347,59540,50407,54611,18610
840,17298,first,dataminerz,26878,61890,63059,46796,30130
841,49279,first,dataminerz,31297,44852,3205,14231,38622
842,7129,first,dataminerz,32065,50644,72852,28647,35054
843,54586,first,dataminerz,19864,44125,67469,65717,73660
844,55270,first,dataminerz,16096,69313,60724,27997,6287
845,16937,first,dataminerz,65681,38509,43144,24570,3085
846,44508,first,dataminerz,387,78552,38860,73159,33139
847,28976,first,dataminerz,60981,28839,41759,33089,79013
848,9612,first,dataminerz,46634,50447,15285,60363,69541
849,43313,first,dataminerz,21406,38287,59431,64709,28559
850,46237,first,dataminerz,55679,15023,77992,41501,63140
851,14883,first,dataminerz,7185,55522,36792,21438,13487
852,71036,first,dataminerz,7339,62327,35449,18220,52518
853,71886,first,dataminerz,57996,38469,62578,63694,40401
854,70372,first,dataminerz,72588,6934,18968,63138,23678
855,14750,first,dataminerz,75966,50470,38434,4593,9613
856,52053,first,dataminerz,8147,50137,5268,57380,33230
857,51638,first,dataminerz,67976,78384,45488,62571,61918
858,61875,first,dataminerz,27299,48421,4173,14635,52051
859,42039,first,dataminerz,34268,8897,15190,40657,48641
860,25598,first,dataminerz,57927,36610,5815,52984,47672
861,23417,first,dataminerz,71374,31709,73418,33556,77766
862,30446,first,dataminerz,17511,1048,21325,255,32832
863,27104,first,dataminerz,67389,31865,69014,44757,72656
864,61715,first,dataminerz,56858,9779,25338,33938,18130
865,72826,first,dataminerz,4550,33503,61690,21682,35687
866,7415,first,dataminerz,52047,66888,60599,21829,20441
867,11688,first,dataminerz,57621,11163,50730,68732,27105
868,12209,first,dataminerz,31533,8137,63839,62666,12147
869,79016,first,dataminerz,53240,64452,22802,48308,6624
870,6019,first,dataminerz,32786,22084,70356,30091,28107
871,14436,first,dataminerz,77236,77263,50625,19437,62028
872,75422,first,dataminerz,31416,2239,60269,77547,1122
873,10482,first,dataminerz,4369,30714,45285,73995,63135
874,24686,first,dataminerz,43187,30655,35371,12926,67846
875,50313,first,dataminerz,78924,5759,55647,40054,38224
876,58067,first,dataminerz,35503,50825,22599,39528,26311
877,37854,first,dataminerz,42073,74582,44868,69897,57598
878,24118,first,dataminerz,8985,2419,65115,49433,31344
879,66750,first,dataminerz,21220,32890,42872,52107,11512
880,8116,first,dataminerz,54465,878,34172,57832,688
881,62540,first,dataminerz,61454,306,997,3981,52063
882,25663,first,dataminerz,29485,41582,58262,782,54697
883,16585,first,dataminerz,67156,61244,19116,50745,43975
884,28466,first,dataminerz,75017,29533,23233,33730,56289
885,42531,first,dataminerz,3734,36071,41390,44533,1142
886,39680,first,dataminerz,14876,50567,14661,25203,15393
887,51560,first,dataminerz,13189,2604,66875,75727,77236
888,13374,first,dataminerz,64256,72348,35342,59105,1212
889,18441,first,dataminerz,20224,16156,14644,53108,76456
890,13880,first,dataminerz,24618,59189,18388,76641,77161
891,17383,first,dataminerz,31509,11672,74313,34155,58211
892,13014,first,dataminerz,10382,32261,32565,61616,4865
893,57674,first,dataminerz,28420,11704,11908,51184,41743
894,18756,first,dataminerz,67678,28663,16090,17418,77076
895,51964,first,dataminerz,16240,67377,19180,53381,51068
896,27403,first,dataminerz,61333,9339,55067,33169,25483
897,10871,first,dataminerz,25111,42574,9777,11985,70166
898,35456,first,dataminerz,45867,64819,28861,48056,26380
899,74872,first,dataminerz,19300,64693,37870,49953,47962
900,63796,first,dataminerz,51007,52007,46998,7419,19379
901,63457,first,dataminerz,13328,77482,29324,20111,23281
902,55057,first,dataminerz,62326,59272,41218,68501,30675
903,47336,first,dataminerz,72970,22180,31046,13244,16793
904,43032,first,dataminerz,58354,52228,74021,77878,62661
905,63855,first,dataminerz,54274,43729,1226,57671,56465
906,72231,first,dataminerz,74689,42259,13335,65158,53264
907,11527,first,dataminerz,67721,48222,78963,73197,64075
908,31548,first,dataminerz,65993,32945,41469,16532,32779
909,62812,first,dataminerz,67270,18938,39963,3163,64130
910,20266,first,dataminerz,14265,4944,53312,48605,64251
911,59605,first,dataminerz,16640,24835,18935,12964,11601
912,57163,first,dataminerz,23155,47876,14244,70037,31253
913,34307,first,dataminerz,20652,15223,62620,59584,20103
914,65903,first,dataminerz,66536,62211,45567,24164,47415
915,28580,first,dataminerz,13810,44749,70440,59697,16962
916,5197,first,dataminerz,39697,876,23145,69855,1069
917,34939,first,dataminerz,51849,38047,72208,13174,73440
918,59859,first,dataminerz,11365,43567,58302,27038,22330
919,12077,first,dataminerz,65995,46367,3683,32321,27420
920,75539,first,dataminerz,6787,58161,49031,63543,21646
921,24979,first,dataminerz,24993,70947,51046,78914,14712
922,47684,first,dataminerz,73844,17877,39127,72435,46476
923,37711,first,dataminerz,11376,40430,11045,42639,16391
924,14162,first,dataminerz,22895,31234,78387,34170,38310
925,30806,first,dataminerz,55964,6537,63127,59465,76246
926,65785,first,dataminerz,14199,2698,49244,7721,38690
927,2723,first,dataminerz,68509,52446,44399,12733,9668
928,52874,first,dataminerz,22715,36505,38737,44985,15084
929,2612,first,dataminerz,52864,7656,74850,3738,58644
930,63908,first,dataminerz,61550,5553,45658,18938,58254
931,12075,first,dataminerz,20914,9062,16191,14713,30713
932,78080,first,dataminerz,6084,69589,12637,75077,21223
933,39083,first,dataminerz,65113,29263,69119,59057,10607
934,64333,first,dataminerz,48338,1819,6984,65787,18017
935,12640,first,dataminerz,51040,2530,6583,37262,65690
936,41002,first,dataminerz,20600,45564,6907,29867,57389
937,27038,first,dataminerz,43567,11365,59859,58302,62709
938,38637,first,dataminerz,21892,856,41242,73245,19686
939,44894,first,dataminerz,42630,10676,72448,35248,38239
940,35904,first,dataminerz,16224,25478,39435,51182,29973
941,38819,first,dataminerz,23484,66569,51977,45065,8251
942,30628,first,dataminerz,68533,27333,58938,25966,13050
943,6790,first,dataminerz,73176,3130,34302,74805,38826
944,38368,first,dataminerz,35835,35886,63593,67971,49435
945,27726,first,dataminerz,56814,27042,9034,2890,65895
946,4890,first,dataminerz,49185,27021,27381,11324,13463
947,37429,first,dataminerz,45440,10679,49745,29547,19061
948,57598,first,dataminerz,13919,28357,11423,9597,23660
949,44452,first,dataminerz,4808,69905,36254,29067,77872
950,77629,first,dataminerz,53253,55974,51129,7742,42418
951,44327,first,dataminerz,26347,55685,19849,78887,77390
952,21276,first,dataminerz,77241,50620,54935,67504,5695
953,46655,first,dataminerz,8694,21995,62484,16103,23496
954,35579,first,dataminerz,1941,55251,66673,32263,19248
955,56629,first,dataminerz,22179,23733,43828,69536,41078
956,47549,first,dataminerz,2270,66877,42927,62723,61235
957,31827,first,dataminerz,27275,49889,1871,39181,1811
958,41447,first,dataminerz,16521,12858,64332,9473,60393
959,57018,first,dataminerz,60741,30645,58204,59179,36535
960,69755,first,dataminerz,42821,78826,37506,54237,11747
961,16190,first,dataminerz,71756,3895,36381,69784,44500
962,48231,first,dataminerz,3245,8037,26599,76493,8432
963,58737,first,dataminerz,68923,61522,36362,15422,17949
964,9001,first,dataminerz,4705,2429,27004,23866,49143
965,19462,first,dataminerz,33294,69359,44899,3110,61922
966,15267,first,dataminerz,62378,60479,2846,9973,55872
967,68076,first,dataminerz,67621,32746,34630,8093,21937
968,17617,first,dataminerz,55120,68840,24493,5462,46899
969,43701,first,dataminerz,66542,35712,15084,65012,73034
970,66224,first,dataminerz,78793,64025,19616,20422,29924
971,23132,first,dataminerz,11071,17101,15843,41905,42507
972,23535,first,dataminerz,25268,73760,62284,10715,70730
973,18479,first,dataminerz,32601,72837,60823,38071,31315
974,63017,first,dataminerz,66284,55935,13987,53472,3434
975,61316,first,dataminerz,4739,60722,34123,32544,25472
976,56775,first,dataminerz,43002,21210,59698,31950,19907
977,66954,first,dataminerz,56424,36846,53704,14396,27400
978,32532,first,dataminerz,59467,46873,46276,2194,70965
979,53813,first,dataminerz,15302,69126,27117,2016,38338
980,43877,first,dataminerz,8019,13203,57339,65163,61962
981,34078,first,dataminerz,8226,55197,40646,49701,32052
982,58561,first,dataminerz,5098,46911,58094,8615,35883
983,77952,first,dataminerz,33260,4647,4024,34801,55940
984,34978,first,dataminerz,59566,8486,34540,26381,68010
985,337,first,dataminerz,18583,36640,19174,34425,5668
986,25367,first,dataminerz,7414,29078,29645,36776,57545
987,35094,first,dataminerz,38767,12068,57765,73087,77828
988,24459,first,dataminerz,29142,68465,26130,7460,64890
989,10745,first,dataminerz,36546,28938,23959,50724,73881
990,59769,first,dataminerz,17233,34137,230,63277,67369
991,54929,first,dataminerz,26355,59797,20094,36338,6646
992,78279,first,dataminerz,31488,10740,68583,35402,76375
993,62535,first,dataminerz,3191,76104,50843,44654,77650
994,3268,first,dataminerz,5571,58521,51926,18282,75680
995,663,first,dataminerz,48017,69456,24713,61064,52869
996,32451,first,dataminerz,41477,31809,30287,75464,37217
997,21607,first,dataminerz,30906,57142,56320,38946,38557
998,46904,first,dataminerz,6848,70118,28502,40355,9607
999,58236,first,dataminerz,17252,18908,20749,15554,36552
