,book_id,recommendation_1,recommendation_2,recommendation_3,recommendation_4,recommendation_5,team_id,model_id
0,12,42308,56689,65244,71831,54360,dataminerz,rule_based
1,45274,63413,9285,41144,8352,7205,dataminerz,rule_based
2,10104,10143,32833,10317,58103,37075,dataminerz,rule_based
3,14015,59077,21070,33138,20173,70214,dataminerz,rule_based
4,28515,17416,40942,50312,49301,4064,dataminerz,rule_based
5,1822,51821,5118,45798,51963,1586,dataminerz,rule_based
6,60188,23137,14935,70998,60623,22231,dataminerz,rule_based
7,31401,48994,68192,14170,66960,60501,dataminerz,rule_based
8,6420,16617,65574,77216,5657,25382,dataminerz,rule_based
9,72855,59286,55326,16063,36449,24420,dataminerz,rule_based
10,73378,14700,32216,29605,50477,44832,dataminerz,rule_based
11,24603,32145,54569,77891,72743,4428,dataminerz,rule_based
12,5737,20686,27599,35293,45353,76996,dataminerz,rule_based
13,39779,40206,39426,26133,36431,2060,dataminerz,rule_based
14,14026,13955,53548,65054,71671,3890,dataminerz,rule_based
15,9392,11953,45663,51279,68600,49389,dataminerz,rule_based
16,77134,8101,21566,53005,10011,40741,dataminerz,rule_based
17,75340,40248,65401,5179,41418,67995,dataminerz,rule_based
18,65307,32023,9598,65002,30563,5509,dataminerz,rule_based
19,50039,13777,2885,50735,54037,24036,dataminerz,rule_based
20,76163,16142,34524,74913,53389,47986,dataminerz,rule_based
21,31015,54254,52411,41507,17280,45775,dataminerz,rule_based
22,19777,69585,46778,71522,29947,36087,dataminerz,rule_based
23,58847,2240,75060,69578,22766,66358,dataminerz,rule_based
24,71586,33094,40865,6118,3421,67910,dataminerz,rule_based
25,33092,63952,22740,56217,16426,50147,dataminerz,rule_based
26,74089,11312,18748,340,25836,1562,dataminerz,rule_based
27,57282,40070,18498,69520,8714,65114,dataminerz,rule_based
28,75251,29905,16698,75777,11303,19685,dataminerz,rule_based
29,73973,59989,3853,52801,70226,21477,dataminerz,rule_based
30,19994,14903,8630,55921,64137,47227,dataminerz,rule_based
31,47098,34213,33017,44842,37908,54712,dataminerz,rule_based
32,61043,30601,77978,15132,64077,32865,dataminerz,rule_based
33,78675,33512,48989,47360,69201,57468,dataminerz,rule_based
34,43844,47291,46931,38240,74047,71740,dataminerz,rule_based
35,22870,24222,78536,10189,58409,36490,dataminerz,rule_based
36,61707,69112,22728,52479,38817,14857,dataminerz,rule_based
37,17888,76310,71571,40222,16125,29940,dataminerz,rule_based
38,48292,43558,69325,49675,45387,62260,dataminerz,rule_based
39,6643,71832,33602,7623,15131,19712,dataminerz,rule_based
40,10833,49515,45420,49521,78361,29798,dataminerz,rule_based
41,23256,87,77645,49621,46425,38111,dataminerz,rule_based
42,17770,16427,26214,68285,65508,45439,dataminerz,rule_based
43,9365,60882,56869,56388,38064,29489,dataminerz,rule_based
44,11177,76897,52095,14558,28638,3897,dataminerz,rule_based
45,18169,55524,8239,1148,30866,67917,dataminerz,rule_based
46,48490,38294,29659,9830,66031,14950,dataminerz,rule_based
47,70627,24521,59190,58589,75071,53674,dataminerz,rule_based
48,40000,21046,36352,17937,74140,9012,dataminerz,rule_based
49,35574,77348,60125,50648,32806,54698,dataminerz,rule_based
50,42415,1687,23592,63418,17462,45573,dataminerz,rule_based
51,64236,68287,69225,1516,32004,63136,dataminerz,rule_based
52,11595,32763,34261,57333,73215,25750,dataminerz,rule_based
53,1519,62480,62866,53466,64216,17734,dataminerz,rule_based
54,10075,50654,63779,73621,1704,24732,dataminerz,rule_based
55,25209,59808,73134,38371,48182,41137,dataminerz,rule_based
56,7108,12274,1840,33462,28385,77401,dataminerz,rule_based
57,67848,32547,2301,30389,50583,25863,dataminerz,rule_based
58,40424,54543,6298,11523,33905,37875,dataminerz,rule_based
59,60588,19399,34944,24247,39662,32081,dataminerz,rule_based
60,21315,7648,26574,7423,77181,48861,dataminerz,rule_based
61,75904,12143,74459,68843,34312,24827,dataminerz,rule_based
62,17240,21058,15242,60368,40399,77998,dataminerz,rule_based
63,24218,57718,50165,68152,17375,40339,dataminerz,rule_based
64,21949,51892,78562,13852,71235,52327,dataminerz,rule_based
65,76242,15258,44749,7713,5563,8474,dataminerz,rule_based
66,71112,59551,380,17822,64935,28151,dataminerz,rule_based
67,52656,25943,34321,16779,10349,28888,dataminerz,rule_based
68,31439,3494,4804,46390,48395,55822,dataminerz,rule_based
69,39515,54656,9419,16782,48838,76795,dataminerz,rule_based
70,53672,48259,55294,37059,69661,1240,dataminerz,rule_based
71,67909,56838,42631,22621,40795,44127,dataminerz,rule_based
72,44197,61431,52074,5292,65401,56945,dataminerz,rule_based
73,68772,44920,23188,47762,73693,2082,dataminerz,rule_based
74,73203,47481,758,72820,37098,43150,dataminerz,rule_based
75,30873,25201,67931,70578,47760,42635,dataminerz,rule_based
76,76629,61747,69213,47012,72561,14070,dataminerz,rule_based
77,3527,77268,41927,68098,22192,68326,dataminerz,rule_based
78,52884,24466,6406,4806,77066,2577,dataminerz,rule_based
79,18224,45797,63664,2206,51905,17567,dataminerz,rule_based
80,39309,29309,45902,1424,74173,19246,dataminerz,rule_based
81,8288,28729,46223,3210,69726,40492,dataminerz,rule_based
82,40312,26166,8823,21021,66730,24512,dataminerz,rule_based
83,35418,67381,49487,52178,13443,77911,dataminerz,rule_based
84,52705,62837,62146,54377,38389,23715,dataminerz,rule_based
85,26856,37435,63827,42473,78288,54353,dataminerz,rule_based
86,66497,61673,14617,49887,34594,13498,dataminerz,rule_based
87,55326,28487,1868,1598,66188,49260,dataminerz,rule_based
88,66928,23615,43983,9589,61756,30857,dataminerz,rule_based
89,76762,64261,55794,59147,47364,42020,dataminerz,rule_based
90,39766,49115,37199,44283,1981,33327,dataminerz,rule_based
91,23366,70026,48569,24380,23809,76446,dataminerz,rule_based
92,59734,35006,167,37404,49043,3739,dataminerz,rule_based
93,41020,1654,27963,72294,40839,38681,dataminerz,rule_based
94,74389,72749,49526,33344,43430,71233,dataminerz,rule_based
95,40113,3266,78512,72621,22368,22102,dataminerz,rule_based
96,32980,59378,27520,38811,22097,31168,dataminerz,rule_based
97,47068,44168,38171,75473,57845,32717,dataminerz,rule_based
98,52192,24358,4421,61016,37399,5341,dataminerz,rule_based
99,22622,177,30331,45146,44818,32057,dataminerz,rule_based
100,54835,72155,33202,75815,73277,55611,dataminerz,rule_based
101,851,72857,39338,63068,74064,71544,dataminerz,rule_based
102,28379,26211,38907,23043,11168,29905,dataminerz,rule_based
103,17009,31329,54944,69079,72963,21665,dataminerz,rule_based
104,1486,33743,38464,32147,46903,41684,dataminerz,rule_based
105,62630,42345,78315,69936,15979,23660,dataminerz,rule_based
106,6741,77774,40463,15523,57397,69090,dataminerz,rule_based
107,22265,66112,46041,63274,4142,73395,dataminerz,rule_based
108,48796,12413,34460,58137,30924,74317,dataminerz,rule_based
109,26445,33154,50514,64673,66190,15526,dataminerz,rule_based
110,457,10096,24408,9111,18647,23980,dataminerz,rule_based
111,35752,11898,61832,30688,63037,66311,dataminerz,rule_based
112,47491,66384,51507,41254,14690,27671,dataminerz,rule_based
113,43762,12730,52422,64370,76611,47677,dataminerz,rule_based
114,23599,72790,71192,33244,63932,53285,dataminerz,rule_based
115,2257,76551,38460,57959,42265,68114,dataminerz,rule_based
116,34670,2249,40155,63613,34743,69413,dataminerz,rule_based
117,74105,39868,51559,43437,19483,21447,dataminerz,rule_based
118,35720,41884,543,45114,8354,26539,dataminerz,rule_based
119,71526,50656,43090,60823,65856,46031,dataminerz,rule_based
120,21737,76533,16923,36431,38579,16596,dataminerz,rule_based
121,1640,77004,49605,51073,64851,38813,dataminerz,rule_based
122,33814,7509,69910,22448,35278,29313,dataminerz,rule_based
123,78998,46065,40412,19321,30283,18996,dataminerz,rule_based
124,42328,45513,58589,72685,9284,50232,dataminerz,rule_based
125,23446,9556,41430,17784,63207,55332,dataminerz,rule_based
126,72959,6189,49431,75806,74605,35996,dataminerz,rule_based
127,21221,56001,74246,899,75052,34350,dataminerz,rule_based
128,12564,37220,20058,41175,53981,13148,dataminerz,rule_based
129,29381,8678,40728,4653,25381,60085,dataminerz,rule_based
130,22775,45386,6710,53101,65151,65101,dataminerz,rule_based
131,13131,78370,28457,66083,37199,52052,dataminerz,rule_based
132,8861,21592,23004,58030,22226,67444,dataminerz,rule_based
133,73868,54282,52052,42784,21290,30226,dataminerz,rule_based
134,7084,13537,21914,40284,5567,39648,dataminerz,rule_based
135,22877,22368,50547,56141,9796,7039,dataminerz,rule_based
136,66339,7356,41938,31271,48063,53429,dataminerz,rule_based
137,49803,8105,67389,47188,70217,34688,dataminerz,rule_based
138,9884,46761,68517,51476,44672,36026,dataminerz,rule_based
139,75345,55772,34137,45624,51740,40957,dataminerz,rule_based
140,45841,73808,8861,23004,31674,64486,dataminerz,rule_based
141,63764,64971,37835,74274,52008,54486,dataminerz,rule_based
142,30434,55637,8678,50324,71421,31798,dataminerz,rule_based
143,52519,66973,38857,79054,59107,36424,dataminerz,rule_based
144,37378,13975,21763,23583,18109,64966,dataminerz,rule_based
145,49952,51476,36026,44672,46761,68517,dataminerz,rule_based
146,7445,55548,16987,20893,22307,63472,dataminerz,rule_based
147,17850,64423,4786,36614,30906,73438,dataminerz,rule_based
148,42566,68293,28773,35789,71486,64881,dataminerz,rule_based
149,43679,65573,2499,430,8314,31770,dataminerz,rule_based
150,24002,58939,22823,43764,59370,77369,dataminerz,rule_based
151,68253,74414,46556,29051,5566,64547,dataminerz,rule_based
152,73552,9820,48336,16294,39741,78564,dataminerz,rule_based
153,38164,64960,59896,13718,7794,28539,dataminerz,rule_based
154,57464,40362,20145,37909,11714,78678,dataminerz,rule_based
155,76331,25035,28432,34278,36326,19156,dataminerz,rule_based
156,12568,46488,37551,32257,38897,49241,dataminerz,rule_based
157,63107,43497,19338,56592,4048,73025,dataminerz,rule_based
158,39971,49482,19862,54140,37025,18098,dataminerz,rule_based
159,24776,7323,71203,3359,68228,13075,dataminerz,rule_based
160,53717,17049,9817,46372,9299,35142,dataminerz,rule_based
161,77554,63610,19014,62101,60037,23946,dataminerz,rule_based
162,59821,12805,19434,56930,78208,277,dataminerz,rule_based
163,12725,29076,72941,21973,32742,52165,dataminerz,rule_based
164,1235,34218,53003,77263,39562,3441,dataminerz,rule_based
165,37797,7332,28230,49149,20286,49319,dataminerz,rule_based
166,29368,54691,70718,48051,69433,30920,dataminerz,rule_based
167,11378,72900,4692,78252,5016,41602,dataminerz,rule_based
168,47933,53380,19827,42723,62714,10704,dataminerz,rule_based
169,57628,72296,55345,666,11840,9951,dataminerz,rule_based
170,11682,28211,13920,15082,33928,33668,dataminerz,rule_based
171,28302,20168,18666,2659,630,3137,dataminerz,rule_based
172,24078,8988,10148,15636,73226,53273,dataminerz,rule_based
173,7924,4395,25600,42384,40309,61368,dataminerz,rule_based
174,71202,38371,73134,58574,61720,77344,dataminerz,rule_based
175,38543,8896,62295,52527,58055,20978,dataminerz,rule_based
176,54586,66443,67009,40129,72660,28300,dataminerz,rule_based
177,9612,29361,51908,35796,7410,41251,dataminerz,rule_based
178,43313,1075,24940,48001,24828,19586,dataminerz,rule_based
179,14750,50470,75966,4593,11591,9613,dataminerz,rule_based
180,52053,10528,8147,50137,52188,29231,dataminerz,rule_based
181,51638,26403,58512,29499,55416,23927,dataminerz,rule_based
182,61875,4173,55198,27299,58606,13434,dataminerz,rule_based
183,42039,73674,34767,7778,22238,76780,dataminerz,rule_based
184,27104,78177,31716,27403,52863,37820,dataminerz,rule_based
185,12209,1179,29505,30629,61362,78844,dataminerz,rule_based
186,79016,59121,26847,16151,77768,22802,dataminerz,rule_based
187,14436,30058,22057,45543,55439,71700,dataminerz,rule_based
188,75422,47440,21802,31416,68550,42553,dataminerz,rule_based
189,10482,61611,77620,57808,63135,39060,dataminerz,rule_based
190,24686,31209,17701,63303,17470,49509,dataminerz,rule_based
191,50313,42807,15118,72569,44868,12049,dataminerz,rule_based
192,37854,71256,68099,25124,45683,33149,dataminerz,rule_based
193,66750,12857,28879,49709,31773,344,dataminerz,rule_based
194,16585,58049,59752,46258,35336,47621,dataminerz,rule_based
195,28466,51741,55727,39462,64284,51508,dataminerz,rule_based
196,51560,9953,75727,17354,62109,66875,dataminerz,rule_based
197,13374,64256,33708,41192,42,7840,dataminerz,rule_based
198,13014,51898,12920,31141,2334,47544,dataminerz,rule_based
199,57674,68156,9523,36420,18773,43118,dataminerz,rule_based
200,18756,35061,29373,15370,10307,68179,dataminerz,rule_based
201,51964,60800,2394,41192,33708,13010,dataminerz,rule_based
202,27403,27104,78177,31716,37820,52863,dataminerz,rule_based
203,10871,43194,20249,33730,74300,19873,dataminerz,rule_based
204,35456,71944,55380,40389,18102,56225,dataminerz,rule_based
205,74872,32162,19300,36931,27186,75976,dataminerz,rule_based
206,63457,13745,42994,70533,49853,29411,dataminerz,rule_based
207,55057,71333,33194,62837,18881,10356,dataminerz,rule_based
208,43032,55843,58354,69767,52228,63110,dataminerz,rule_based
209,72231,28603,49288,25619,71858,67017,dataminerz,rule_based
210,59605,22792,43862,22308,41112,23233,dataminerz,rule_based
211,65903,979,28335,27564,50079,53645,dataminerz,rule_based
212,28580,78388,67076,60902,26626,36235,dataminerz,rule_based
213,5197,39697,69855,876,23145,1069,dataminerz,rule_based
214,34939,16239,67360,7752,17726,63832,dataminerz,rule_based
215,12077,42416,59447,25275,8471,74067,dataminerz,rule_based
216,24979,17446,58750,18900,13320,64504,dataminerz,rule_based
217,37711,13816,38002,24803,65528,74719,dataminerz,rule_based
218,14162,34395,38310,15335,3254,22895,dataminerz,rule_based
219,30806,6537,64071,76562,44499,71505,dataminerz,rule_based
220,2612,53553,37789,64792,55147,14613,dataminerz,rule_based
221,12640,27034,74956,78271,32909,76415,dataminerz,rule_based
222,38637,63589,15496,17213,48710,60549,dataminerz,rule_based
223,44894,13324,42630,61510,39243,46316,dataminerz,rule_based
224,35904,60062,55654,8687,70213,17958,dataminerz,rule_based
225,6790,63565,58217,70465,68818,56268,dataminerz,rule_based
226,38368,35835,75779,31910,14273,20691,dataminerz,rule_based
227,27726,4481,43510,59068,54287,8137,dataminerz,rule_based
228,4890,11324,10863,27021,52843,76995,dataminerz,rule_based
229,57598,26284,11561,22591,43331,68099,dataminerz,rule_based
230,44452,40006,62846,54319,22651,71640,dataminerz,rule_based
231,44327,27059,35738,16623,27691,52333,dataminerz,rule_based
232,21276,61525,75189,74083,69661,6261,dataminerz,rule_based
233,35579,13616,62097,172,35009,55459,dataminerz,rule_based
234,56629,77405,72652,23154,77148,66452,dataminerz,rule_based
235,48231,3245,76493,8037,75167,26599,dataminerz,rule_based
236,58737,43997,30781,72990,48726,15062,dataminerz,rule_based
237,9001,49328,71179,46718,64158,7184,dataminerz,rule_based
238,19462,70199,73146,32817,74760,64714,dataminerz,rule_based
239,68076,67621,6158,32746,23755,13589,dataminerz,rule_based
240,66224,65826,45138,67928,34399,12634,dataminerz,rule_based
241,18479,59333,17068,6404,57571,55962,dataminerz,rule_based
242,32532,10741,63311,54509,40138,13765,dataminerz,rule_based
243,53813,15302,73660,52131,72887,42481,dataminerz,rule_based
244,43877,70378,53889,46954,46557,39878,dataminerz,rule_based
245,34078,74296,78477,1692,45386,6710,dataminerz,rule_based
246,337,25446,18583,25910,53848,41206,dataminerz,rule_based
247,35094,60807,63923,28907,26953,17770,dataminerz,rule_based
248,59769,17233,71547,28676,14913,5704,dataminerz,rule_based
249,78279,13385,16276,14170,20532,54923,dataminerz,rule_based
250,62535,3191,41658,50471,72402,75669,dataminerz,rule_based
251,3268,44739,8721,15016,76735,27449,dataminerz,rule_based
252,663,48017,24713,69456,6730,38237,dataminerz,rule_based
253,21607,47262,71426,62850,21498,57142,dataminerz,rule_based
254,38083,58807,21643,65414,60807,16755,dataminerz,rule_based
255,49587,23783,41100,67298,45795,53682,dataminerz,rule_based
256,48127,67816,69998,44045,12640,38746,dataminerz,rule_based
257,17465,6761,7431,15905,22550,58593,dataminerz,rule_based
258,53838,10063,67488,67876,68605,67504,dataminerz,rule_based
259,53134,46406,50092,25408,30559,28885,dataminerz,rule_based
260,10841,33485,67253,28775,30757,5812,dataminerz,rule_based
261,11169,39352,13407,2415,3693,20240,dataminerz,rule_based
262,68764,24480,24016,65102,71884,10042,dataminerz,rule_based
263,37998,9832,29118,65895,40576,42695,dataminerz,rule_based
264,51042,57806,67416,19785,38804,32001,dataminerz,rule_based
265,67506,70419,56101,60619,39427,59419,dataminerz,rule_based
266,636,17283,54581,57430,43852,38247,dataminerz,rule_based
267,45286,70651,15275,12696,11697,76718,dataminerz,rule_based
268,18427,8289,42765,42838,43816,2166,dataminerz,rule_based
269,24554,37499,4797,55567,49179,33761,dataminerz,rule_based
270,36175,69162,15194,5372,56727,36162,dataminerz,rule_based
271,72138,36747,36685,55402,38348,36417,dataminerz,rule_based
272,45594,76787,62353,54617,26295,57494,dataminerz,rule_based
273,33525,10676,3991,33379,38065,61510,dataminerz,rule_based
274,8296,71315,67551,44611,7672,66599,dataminerz,rule_based
275,56597,33562,31166,21547,26976,36368,dataminerz,rule_based
276,61794,8117,5458,39771,9196,7126,dataminerz,rule_based
277,55154,23414,77156,73792,4692,59281,dataminerz,rule_based
278,7977,37208,22641,44351,67550,38166,dataminerz,rule_based
279,53078,22450,27985,49230,72842,78173,dataminerz,rule_based
280,34125,31609,13347,28880,54360,34212,dataminerz,rule_based
281,47597,6006,12392,76645,66916,3301,dataminerz,rule_based
282,65833,75319,14857,32304,66190,5404,dataminerz,rule_based
283,5733,45328,71268,22168,75636,68814,dataminerz,rule_based
284,22160,77507,55777,30283,61265,48562,dataminerz,rule_based
285,70190,22848,2022,47966,34321,9523,dataminerz,rule_based
286,41219,27648,45268,59982,3153,71806,dataminerz,rule_based
287,53100,65772,7592,31659,4827,49941,dataminerz,rule_based
288,45871,45680,17508,44786,13450,38983,dataminerz,rule_based
289,61636,41443,25946,37812,1159,35535,dataminerz,rule_based
290,32754,76703,41403,2289,21671,35397,dataminerz,rule_based
291,72607,32809,34751,77315,1406,54281,dataminerz,rule_based
292,60216,15254,24281,30193,58454,72727,dataminerz,rule_based
293,26438,39744,40811,47615,2444,72614,dataminerz,rule_based
294,29972,66369,62992,58343,1639,39297,dataminerz,rule_based
295,73256,72342,19920,60511,68952,22951,dataminerz,rule_based
296,20740,77278,20475,57500,49255,72883,dataminerz,rule_based
297,24675,7783,3904,9797,16782,22288,dataminerz,rule_based
298,58404,77597,45173,64023,53842,61289,dataminerz,rule_based
299,47464,64456,74743,7955,78637,21231,dataminerz,rule_based
300,39665,48181,54740,20409,28169,6764,dataminerz,rule_based
301,18622,26337,8876,67917,36318,46412,dataminerz,rule_based
302,30229,64288,6266,67161,37461,8296,dataminerz,rule_based
303,71353,72445,43651,38146,23978,28673,dataminerz,rule_based
304,61514,52940,53978,25182,22045,32402,dataminerz,rule_based
305,27259,68539,19309,49717,10474,15323,dataminerz,rule_based
306,45613,35100,54645,75946,43067,43733,dataminerz,rule_based
307,22972,14796,51731,69067,70515,23923,dataminerz,rule_based
308,45435,28326,69153,31801,26587,15343,dataminerz,rule_based
309,62993,24812,32559,11845,31660,78204,dataminerz,rule_based
310,46931,32576,38240,11078,43844,33185,dataminerz,rule_based
311,65465,9846,32022,31078,24528,50477,dataminerz,rule_based
312,60384,62267,10132,5063,64922,56401,dataminerz,rule_based
313,31881,17289,57556,33315,53921,16626,dataminerz,rule_based
314,6530,3319,17848,45505,7209,28094,dataminerz,rule_based
315,21179,40731,76695,8640,71237,29422,dataminerz,rule_based
316,28853,68269,57568,21629,2722,53682,dataminerz,rule_based
317,15039,52163,42154,51168,28963,30376,dataminerz,rule_based
318,47838,74965,5958,2221,76128,22542,dataminerz,rule_based
319,27334,43624,71391,47213,31788,23229,dataminerz,rule_based
320,3425,35582,25918,15832,60370,62386,dataminerz,rule_based
321,29779,56968,5341,54088,8163,66449,dataminerz,rule_based
322,1103,3398,47290,24786,74643,37024,dataminerz,rule_based
323,10426,29722,47742,68094,9417,16072,dataminerz,rule_based
324,9179,14088,23639,16820,43980,58507,dataminerz,rule_based
325,8109,45586,25638,21229,9164,74696,dataminerz,rule_based
326,54461,67917,54032,46506,6608,74358,dataminerz,rule_based
327,1071,43821,25379,33439,15032,30646,dataminerz,rule_based
328,20234,2229,43257,77639,23229,48549,dataminerz,rule_based
329,4525,9101,53931,20944,2571,74489,dataminerz,rule_based
330,35236,66384,6391,3912,73519,20754,dataminerz,rule_based
331,61752,70981,10138,43551,30762,5841,dataminerz,rule_based
332,45955,28762,30900,45994,53285,34997,dataminerz,rule_based
333,259,35918,17338,35824,66988,13400,dataminerz,rule_based
334,60087,19839,31557,53808,56364,31203,dataminerz,rule_based
335,65860,54713,76570,11707,51883,20849,dataminerz,rule_based
336,5498,66622,53585,65049,74480,48133,dataminerz,rule_based
337,15472,72208,12491,3231,78574,20887,dataminerz,rule_based
338,13056,76661,34427,56551,10303,18781,dataminerz,rule_based
339,14122,38977,6440,65423,42251,25094,dataminerz,rule_based
340,38840,35980,24833,33680,57960,31835,dataminerz,rule_based
341,49396,25312,46651,43105,45472,1710,dataminerz,rule_based
342,13180,426,16178,56978,40615,43337,dataminerz,rule_based
343,16340,51810,12431,19533,76044,22424,dataminerz,rule_based
344,78314,59058,26133,49349,17359,54134,dataminerz,rule_based
345,1460,12168,38835,14343,51913,38606,dataminerz,rule_based
346,42622,26558,53078,70038,75335,2670,dataminerz,rule_based
347,6288,55327,2787,4859,40353,77720,dataminerz,rule_based
348,15949,8572,43712,53310,23873,37976,dataminerz,rule_based
349,15715,36574,13010,60800,51964,30136,dataminerz,rule_based
350,16746,44489,4076,8004,26437,65420,dataminerz,rule_based
351,33517,10606,11441,9802,25847,41399,dataminerz,rule_based
352,2975,1463,33219,32568,9106,39904,dataminerz,rule_based
353,62454,69234,32812,38378,41589,49538,dataminerz,rule_based
354,71805,51153,54338,36747,31776,10378,dataminerz,rule_based
355,67073,63314,49516,2326,74142,77431,dataminerz,rule_based
356,77384,13094,64396,54847,13708,29339,dataminerz,rule_based
357,5844,71149,21275,260,43015,54204,dataminerz,rule_based
358,15767,67740,39747,76769,29396,18380,dataminerz,rule_based
359,45935,76151,31275,76849,63496,50773,dataminerz,rule_based
360,31637,73131,1282,50146,20342,9463,dataminerz,rule_based
361,76150,33321,22598,39283,63378,54755,dataminerz,rule_based
362,75867,26403,31611,78754,29499,43017,dataminerz,rule_based
363,24085,31237,16892,61017,70940,46805,dataminerz,rule_based
364,13973,2203,47044,43608,78389,72199,dataminerz,rule_based
365,77574,36262,68920,65836,3574,38347,dataminerz,rule_based
366,40017,50390,51763,6747,31425,62373,dataminerz,rule_based
367,9036,41100,30981,71400,74935,71531,dataminerz,rule_based
368,54145,13633,9694,38988,28804,22355,dataminerz,rule_based
369,31685,31275,50773,9267,45935,76151,dataminerz,rule_based
370,55613,14681,51102,78601,78280,7587,dataminerz,rule_based
371,10307,35061,15370,29373,18756,68179,dataminerz,rule_based
372,12152,62269,13158,60905,57514,20366,dataminerz,rule_based
373,47621,28762,35336,46258,59752,48779,dataminerz,rule_based
374,68427,63291,64371,76742,12638,50648,dataminerz,rule_based
375,64596,33442,53349,66301,63658,72702,dataminerz,rule_based
376,53003,39562,30364,23984,34218,34560,dataminerz,rule_based
377,59985,6552,62065,19586,40332,30981,dataminerz,rule_based
378,5384,48948,29674,48282,44649,57888,dataminerz,rule_based
379,66903,12133,70472,48137,32252,11963,dataminerz,rule_based
380,49099,22716,70465,60531,52310,67655,dataminerz,rule_based
381,35947,53364,74067,50286,15217,74842,dataminerz,rule_based
382,35048,49415,5995,24798,36306,40894,dataminerz,rule_based
383,56453,42839,64810,76984,43361,17264,dataminerz,rule_based
384,56939,29065,39524,1359,35033,33895,dataminerz,rule_based
385,18904,18539,45366,26454,6123,7782,dataminerz,rule_based
386,44025,71614,75472,51237,23031,38939,dataminerz,rule_based
387,9012,76850,4379,22694,77637,15934,dataminerz,rule_based
388,5892,17358,3594,7635,68345,30066,dataminerz,rule_based
389,5119,9778,60787,14410,49742,60648,dataminerz,rule_based
390,45068,37855,62890,69124,68275,20623,dataminerz,rule_based
391,52685,69485,75868,50658,73420,32759,dataminerz,rule_based
392,21281,35604,25802,46075,75875,31201,dataminerz,rule_based
393,61125,22164,57218,56114,50184,29678,dataminerz,rule_based
394,45116,75058,51385,55608,21643,63301,dataminerz,rule_based
395,15854,38373,47732,19334,73253,76343,dataminerz,rule_based
396,46634,20535,5710,31374,34041,40399,dataminerz,rule_based
397,13970,9120,13886,64330,30416,59643,dataminerz,rule_based
398,17998,58977,2708,18523,52920,15559,dataminerz,rule_based
399,51002,63044,31291,54150,28577,11044,dataminerz,rule_based
400,70026,23366,48569,23809,77218,47764,dataminerz,rule_based
401,4089,9089,16726,11677,68824,75228,dataminerz,rule_based
402,56945,26246,6079,41513,42388,71881,dataminerz,rule_based
403,50701,45994,78988,67785,24665,37915,dataminerz,rule_based
404,28013,29245,69869,16288,44983,7897,dataminerz,rule_based
405,72242,76787,17548,55583,23093,17442,dataminerz,rule_based
406,69407,23693,46429,37102,53341,73379,dataminerz,rule_based
407,67382,61786,17091,69837,7126,59245,dataminerz,rule_based
408,48584,68109,26426,14578,19472,71181,dataminerz,rule_based
409,38197,71342,28734,30921,10143,53337,dataminerz,rule_based
410,3696,31029,73108,53995,48709,59837,dataminerz,rule_based
411,22940,3360,54052,8949,70737,67110,dataminerz,rule_based
412,66319,52891,38203,51738,17828,70663,dataminerz,rule_based
413,37531,55578,65242,37637,34480,74294,dataminerz,rule_based
414,64237,12096,59715,55596,8876,1369,dataminerz,rule_based
415,8268,42333,76424,67934,55428,70122,dataminerz,rule_based
416,45732,31583,46624,77816,40346,13759,dataminerz,rule_based
417,24087,16069,78420,18132,32577,42708,dataminerz,rule_based
418,24667,26134,69983,21913,66067,20436,dataminerz,rule_based
419,9197,18647,23980,9111,24408,10096,dataminerz,rule_based
420,43672,49877,37087,18956,27083,55852,dataminerz,rule_based
421,53393,12935,18186,42728,36141,46693,dataminerz,rule_based
422,7028,76479,5651,35547,12857,37574,dataminerz,rule_based
423,56180,49254,25137,40042,55177,51534,dataminerz,rule_based
424,10324,48087,32223,41735,78555,10008,dataminerz,rule_based
425,65088,70135,7105,42048,20027,36426,dataminerz,rule_based
426,7201,18280,34357,52888,60191,69883,dataminerz,rule_based
427,3031,24687,31403,6776,61101,52956,dataminerz,rule_based
428,60250,72984,43476,74789,21266,36144,dataminerz,rule_based
429,29580,37405,69531,49405,24190,54706,dataminerz,rule_based
430,58455,68544,75228,25525,70014,21586,dataminerz,rule_based
431,56705,21046,36352,74388,26551,56691,dataminerz,rule_based
432,54338,71805,51153,23283,36747,10378,dataminerz,rule_based
433,41422,37576,31058,68464,26576,35928,dataminerz,rule_based
434,59102,51022,71199,59771,75033,73665,dataminerz,rule_based
435,70997,26125,11227,78946,68874,7626,dataminerz,rule_based
436,38964,39202,49280,64023,25418,69862,dataminerz,rule_based
437,8208,74377,45958,37976,42240,78291,dataminerz,rule_based
438,12970,77670,10251,10621,70651,41485,dataminerz,rule_based
439,30725,35226,30920,3275,68349,44296,dataminerz,rule_based
440,55501,67879,6722,22014,28841,73054,dataminerz,rule_based
441,49738,73237,37411,25997,61588,4062,dataminerz,rule_based
442,16801,76213,5662,69769,49086,27657,dataminerz,rule_based
443,14895,24873,54134,73322,58887,6826,dataminerz,rule_based
444,19801,39531,979,27564,28335,50079,dataminerz,rule_based
445,20547,26014,9136,54990,21592,24523,dataminerz,rule_based
446,47002,66640,8822,60942,56548,28561,dataminerz,rule_based
447,41580,27159,9034,42860,54934,4939,dataminerz,rule_based
448,23706,24828,37053,40332,33531,27880,dataminerz,rule_based
449,39076,72034,38711,36029,28909,43958,dataminerz,rule_based
450,59879,74696,6207,61945,45396,52907,dataminerz,rule_based
451,51540,20975,3212,22360,61945,45396,dataminerz,rule_based
452,40362,37909,57464,20145,11714,78678,dataminerz,rule_based
453,73789,979,28335,27564,62965,63968,dataminerz,rule_based
454,76368,4692,38418,56826,28251,48157,dataminerz,rule_based
455,11550,76520,57767,54729,34492,2683,dataminerz,rule_based
456,21536,61805,75220,33426,65716,25401,dataminerz,rule_based
457,27237,23576,53871,77953,26906,42695,dataminerz,rule_based
458,59970,76917,74782,21759,48524,55510,dataminerz,rule_based
459,66324,16082,2822,2050,33169,10103,dataminerz,rule_based
460,56170,67601,15242,73877,77998,3114,dataminerz,rule_based
461,61750,9592,59447,76979,58177,52590,dataminerz,rule_based
462,22231,4765,30773,60623,68961,11303,dataminerz,rule_based
463,56175,61601,42421,13679,58988,72994,dataminerz,rule_based
464,58865,47282,52166,49045,68968,64397,dataminerz,rule_based
465,3523,42765,17737,23096,64855,15512,dataminerz,rule_based
466,25987,579,41998,45301,69991,65902,dataminerz,rule_based
467,50899,47202,6401,1918,6340,30175,dataminerz,rule_based
468,38664,44553,12767,65400,65456,57753,dataminerz,rule_based
469,64339,66750,2216,41735,30844,8134,dataminerz,rule_based
470,26971,1337,38094,10028,9595,23500,dataminerz,rule_based
471,60056,17162,10009,2516,32522,36316,dataminerz,rule_based
472,61909,54855,70899,40508,71483,52079,dataminerz,rule_based
473,39864,36414,23021,39315,16383,15093,dataminerz,rule_based
474,4120,60454,34810,3952,60815,5523,dataminerz,rule_based
475,67953,68908,40198,25387,22270,73835,dataminerz,rule_based
476,13755,54134,53083,6826,4443,78544,dataminerz,rule_based
477,66040,74378,23610,6223,70152,29065,dataminerz,rule_based
478,11485,71261,75089,20987,67230,65485,dataminerz,rule_based
479,49179,12496,53644,55567,11376,23819,dataminerz,rule_based
480,41090,3482,68126,61364,74962,31073,dataminerz,rule_based
481,45173,67114,69862,53842,64023,67109,dataminerz,rule_based
482,63103,61362,37478,31207,12839,30208,dataminerz,rule_based
483,47988,69996,5661,63929,56636,9338,dataminerz,rule_based
484,76645,6006,47597,12392,66916,3301,dataminerz,rule_based
485,62115,14073,59896,62512,17658,41106,dataminerz,rule_based
486,62234,31907,1987,16390,74933,8936,dataminerz,rule_based
487,8728,25577,37749,72250,16802,23825,dataminerz,rule_based
488,30372,20522,38909,72987,42624,46553,dataminerz,rule_based
489,28381,5563,69591,73108,41785,53995,dataminerz,rule_based
490,37563,62598,45766,7211,10908,49775,dataminerz,rule_based
491,42158,54135,45286,36519,51948,36768,dataminerz,rule_based
492,36959,53870,4835,72890,38154,58522,dataminerz,rule_based
493,30622,6826,69950,53018,28017,14165,dataminerz,rule_based
494,50648,68065,63291,12638,65462,71426,dataminerz,rule_based
495,37731,30136,54341,41192,43530,2394,dataminerz,rule_based
496,22963,79054,60765,23851,59864,65002,dataminerz,rule_based
497,9569,68358,39611,46706,38192,44124,dataminerz,rule_based
498,5357,16818,2394,30136,37098,43530,dataminerz,rule_based
499,23570,15202,30171,6143,64396,72562,dataminerz,rule_based
500,78384,42539,12464,9143,74303,58015,dataminerz,rule_based
501,44964,26648,42765,45386,75663,32051,dataminerz,rule_based
502,12971,32816,49248,56107,15800,26291,dataminerz,rule_based
503,41078,23733,46129,43437,22238,9174,dataminerz,rule_based
504,41371,78014,28079,13467,52305,12994,dataminerz,rule_based
505,70766,44234,61176,26220,5858,11370,dataminerz,rule_based
506,56794,69830,2121,772,34968,20774,dataminerz,rule_based
507,62060,39658,67002,28229,12327,34659,dataminerz,rule_based
508,25049,42130,32459,66933,16654,47348,dataminerz,rule_based
509,13382,60644,78225,28248,60014,55929,dataminerz,rule_based
510,77956,14117,32762,48325,70706,61552,dataminerz,rule_based
511,70300,29104,3538,40885,43462,68896,dataminerz,rule_based
512,67776,6740,31002,30760,53190,35097,dataminerz,rule_based
513,53929,38405,6637,9683,9376,68725,dataminerz,rule_based
514,22342,36804,13050,15272,60019,15060,dataminerz,rule_based
515,41116,25147,5329,23083,5068,32142,dataminerz,rule_based
516,60331,6132,11388,2775,63115,15046,dataminerz,rule_based
517,42184,43213,22860,17745,53035,3312,dataminerz,rule_based
518,2319,29757,45371,43454,14357,12999,dataminerz,rule_based
519,62494,64254,67722,16953,22256,55872,dataminerz,rule_based
520,21497,21680,77708,19761,48669,65866,dataminerz,rule_based
521,53008,64802,29654,9665,26262,34668,dataminerz,rule_based
522,39308,14137,31965,18908,64979,10158,dataminerz,rule_based
523,4690,24933,2879,58305,63042,58973,dataminerz,rule_based
524,10078,20712,33802,32294,36548,77305,dataminerz,rule_based
525,65353,44280,29555,12087,28776,48159,dataminerz,rule_based
526,61593,6630,53999,57907,69980,5689,dataminerz,rule_based
527,18537,5289,34537,37849,42018,64426,dataminerz,rule_based
528,73427,68083,55676,41703,65884,65226,dataminerz,rule_based
529,7521,20013,36507,49274,6154,68422,dataminerz,rule_based
530,74398,75305,15606,72081,54938,47244,dataminerz,rule_based
531,38760,21580,14323,46024,45820,46028,dataminerz,rule_based
532,15657,68271,49037,51603,10734,77132,dataminerz,rule_based
533,17665,43222,2124,58401,62145,61135,dataminerz,rule_based
534,56282,54482,22121,9018,25040,70909,dataminerz,rule_based
535,27300,70389,36702,58828,56155,46956,dataminerz,rule_based
536,2054,69519,36787,7359,57722,39123,dataminerz,rule_based
537,3857,45436,12726,4409,71656,32059,dataminerz,rule_based
538,64350,35539,63009,52568,19565,20191,dataminerz,rule_based
539,33556,23417,73418,31709,78241,67112,dataminerz,rule_based
540,53880,69040,1904,19799,4200,16961,dataminerz,rule_based
541,75694,60169,9242,72217,61823,5807,dataminerz,rule_based
542,48659,27477,54864,32792,24533,30934,dataminerz,rule_based
543,18665,76772,66695,25487,31754,26781,dataminerz,rule_based
544,11732,1530,76383,12574,59255,70858,dataminerz,rule_based
545,6798,16780,30090,25674,76226,33342,dataminerz,rule_based
546,60644,1965,55929,4787,78225,28248,dataminerz,rule_based
547,39957,46908,7064,11752,4723,134,dataminerz,rule_based
548,72523,26633,18611,18865,16047,74453,dataminerz,rule_based
549,50356,64507,60780,39253,26278,56868,dataminerz,rule_based
550,6478,65865,12633,10172,31927,64876,dataminerz,rule_based
551,76437,30864,21506,10767,71440,57917,dataminerz,rule_based
552,10304,49638,62845,51979,48260,15762,dataminerz,rule_based
553,25399,30606,30690,19917,39596,57975,dataminerz,rule_based
554,71619,2094,19118,69655,1808,66905,dataminerz,rule_based
555,14323,45820,5087,4051,19363,28761,dataminerz,rule_based
556,59732,71943,61497,37577,48459,71169,dataminerz,rule_based
557,56452,21731,58875,18331,40978,228,dataminerz,rule_based
558,53496,60595,60831,10972,18384,26374,dataminerz,rule_based
559,27903,78569,17588,13152,62208,61066,dataminerz,rule_based
560,29813,70307,13246,8436,1604,54521,dataminerz,rule_based
561,36620,76647,76491,62873,24133,70850,dataminerz,rule_based
562,72058,1151,5519,62552,78865,16895,dataminerz,rule_based
563,17921,30122,46607,34935,23427,72902,dataminerz,rule_based
564,67832,33157,18146,50969,27826,52898,dataminerz,rule_based
565,46059,77948,56059,54793,69436,10881,dataminerz,rule_based
566,49615,19822,60207,63488,24845,46949,dataminerz,rule_based
567,55488,61837,53086,4686,53582,29054,dataminerz,rule_based
568,30713,43182,72739,69385,46125,74098,dataminerz,rule_based
569,48270,49788,50309,64349,74890,65124,dataminerz,rule_based
570,11265,52716,41612,50036,15322,73584,dataminerz,rule_based
571,78181,44049,60430,67157,49519,14362,dataminerz,rule_based
572,8859,31427,25490,36692,48531,36177,dataminerz,rule_based
573,3875,65369,30209,47497,26527,68230,dataminerz,rule_based
574,17348,60439,66160,30784,54555,19715,dataminerz,rule_based
575,37321,59891,21051,8283,74097,5601,dataminerz,rule_based
576,22277,19304,48369,20480,54192,56666,dataminerz,rule_based
577,36095,54550,3281,60937,4586,22715,dataminerz,rule_based
578,3959,35563,1040,4836,62887,62983,dataminerz,rule_based
579,23159,11023,10506,63743,31379,41398,dataminerz,rule_based
580,73748,64606,6271,48339,43742,45582,dataminerz,rule_based
581,8248,15605,20166,75456,2854,32592,dataminerz,rule_based
582,49234,28502,43043,6848,54692,10195,dataminerz,rule_based
583,8538,14904,12997,46958,44802,27049,dataminerz,rule_based
584,20083,10456,41369,18928,15227,52786,dataminerz,rule_based
585,31728,27692,78766,76427,30238,39631,dataminerz,rule_based
586,62732,56972,37878,5994,17593,63265,dataminerz,rule_based
587,30746,28851,54492,34655,42771,5687,dataminerz,rule_based
588,54612,5060,54218,13102,64207,74214,dataminerz,rule_based
589,59032,71573,73609,62517,44214,33515,dataminerz,rule_based
590,26385,58624,8694,48199,46654,36445,dataminerz,rule_based
591,65461,371,74747,5857,1232,28726,dataminerz,rule_based
592,54737,31260,45467,2653,56766,75990,dataminerz,rule_based
593,45093,72323,70615,18686,61500,47257,dataminerz,rule_based
594,31273,42237,13785,7352,55673,50260,dataminerz,rule_based
595,16935,65253,74654,22291,52811,68719,dataminerz,rule_based
596,34682,19323,39618,29202,38879,44317,dataminerz,rule_based
597,20852,28959,51907,20861,20971,65669,dataminerz,rule_based
598,2244,15538,58004,25450,11716,70796,dataminerz,rule_based
599,26396,33126,79033,66938,66913,15908,dataminerz,rule_based
600,45501,25763,38614,14800,31358,75438,dataminerz,rule_based
601,13325,38737,6855,77305,38902,45666,dataminerz,rule_based
602,3273,48396,74023,22911,5099,5089,dataminerz,rule_based
603,7860,59022,63973,14986,75949,33736,dataminerz,rule_based
604,41648,37626,30485,63435,67667,18955,dataminerz,rule_based
605,19717,37710,39555,19083,30713,49265,dataminerz,rule_based
606,23643,48921,52601,36507,61162,67701,dataminerz,rule_based
607,68712,71454,24300,31972,57366,12941,dataminerz,rule_based
608,63739,68409,32542,48959,45079,2765,dataminerz,rule_based
609,21285,59244,64703,45541,76541,73533,dataminerz,rule_based
610,8548,65297,15570,57811,8339,21152,dataminerz,rule_based
611,9577,56841,64275,59193,39398,9791,dataminerz,rule_based
612,45195,58967,72608,66403,66481,26622,dataminerz,rule_based
613,1680,74777,53151,6102,50966,27224,dataminerz,rule_based
614,62200,65761,12886,12747,75245,57919,dataminerz,rule_based
615,7666,23738,27124,76874,45881,16410,dataminerz,rule_based
616,74586,31968,39733,17601,57389,3260,dataminerz,rule_based
617,2335,32043,10414,29011,974,44101,dataminerz,rule_based
618,14189,65583,27489,60253,28870,48946,dataminerz,rule_based
619,67630,53885,10963,17489,51159,428,dataminerz,rule_based
620,11407,40732,530,52769,75948,63994,dataminerz,rule_based
621,8384,59711,73827,11822,12996,32903,dataminerz,rule_based
622,70197,70842,34964,510,9458,12503,dataminerz,rule_based
623,32109,72535,5421,49503,47774,46147,dataminerz,rule_based
624,45358,43967,11216,29584,6142,14795,dataminerz,rule_based
625,52721,21193,76657,41868,62327,71027,dataminerz,rule_based
626,58820,65806,23641,52221,55210,51133,dataminerz,rule_based
627,70803,63410,47576,52369,75711,56448,dataminerz,rule_based
628,50338,34534,14464,34118,14426,76812,dataminerz,rule_based
629,66493,39767,23731,10216,46436,67539,dataminerz,rule_based
630,29708,6749,19623,72997,42054,57436,dataminerz,rule_based
631,46476,39127,14773,67106,21473,61887,dataminerz,rule_based
632,14470,57552,29362,54790,33473,14222,dataminerz,rule_based
633,40279,30045,54612,51835,34798,77205,dataminerz,rule_based
634,15581,54097,24211,77619,20936,12962,dataminerz,rule_based
635,58779,27294,36779,36145,57480,27908,dataminerz,rule_based
636,65811,2422,66769,51443,13470,72896,dataminerz,rule_based
637,77175,51872,7237,28234,46777,66018,dataminerz,rule_based
638,50340,36957,53530,27984,18592,23423,dataminerz,rule_based
639,63279,47944,22881,3505,25994,29262,dataminerz,rule_based
640,34899,75040,21023,9929,32061,57662,dataminerz,rule_based
641,59092,23803,34673,55902,17969,60846,dataminerz,rule_based
642,5362,23857,55726,57673,29415,17977,dataminerz,rule_based
643,68560,43113,76017,19907,72164,9447,dataminerz,rule_based
644,29217,20931,48460,10377,14822,4269,dataminerz,rule_based
645,64901,66553,4833,52355,77255,5739,dataminerz,rule_based
646,6359,18600,49428,4100,17794,37454,dataminerz,rule_based
647,54801,52038,42092,11722,36315,3734,dataminerz,rule_based
648,19235,11307,43483,78312,66646,35613,dataminerz,rule_based
649,2993,28722,62357,68762,27011,20292,dataminerz,rule_based
650,9943,17215,15726,13964,28500,54898,dataminerz,rule_based
651,24706,66347,3820,36520,28574,14965,dataminerz,rule_based
652,17298,29327,782,32231,78061,52568,dataminerz,rule_based
653,49279,13702,38622,21540,12461,59760,dataminerz,rule_based
654,7129,61679,20299,25229,27719,22069,dataminerz,rule_based
655,28976,41759,16411,31394,11294,42010,dataminerz,rule_based
656,46237,60055,55679,19203,78147,61312,dataminerz,rule_based
657,14883,12135,3661,48048,76760,15570,dataminerz,rule_based
658,71036,21821,29864,23427,76175,8565,dataminerz,rule_based
659,71886,58463,41043,32847,57996,58206,dataminerz,rule_based
660,25598,17671,44713,61497,48391,78784,dataminerz,rule_based
661,23417,73418,33556,31709,32573,38374,dataminerz,rule_based
662,30446,1048,255,21325,5790,17511,dataminerz,rule_based
663,61715,56858,63340,72463,44246,50248,dataminerz,rule_based
664,72826,61690,33503,4550,13817,53370,dataminerz,rule_based
665,11688,39976,32690,1117,53013,69534,dataminerz,rule_based
666,6019,70367,43778,11322,30855,33952,dataminerz,rule_based
667,58067,26710,22599,1342,13493,49187,dataminerz,rule_based
668,24118,40589,78468,35861,22978,77428,dataminerz,rule_based
669,8116,65532,51878,52025,6853,58518,dataminerz,rule_based
670,62540,68089,61454,16516,49926,38548,dataminerz,rule_based
671,25663,41582,29485,58262,782,68808,dataminerz,rule_based
672,42531,27632,56995,3734,52979,10331,dataminerz,rule_based
673,18441,24933,63042,2879,4690,58973,dataminerz,rule_based
674,13880,28808,19880,54704,73986,56046,dataminerz,rule_based
675,17383,74313,34300,31509,3094,12515,dataminerz,rule_based
676,63796,40465,67124,37175,57336,7000,dataminerz,rule_based
677,47336,60864,72970,13244,16793,22180,dataminerz,rule_based
678,63855,43729,54274,1226,68560,5578,dataminerz,rule_based
679,11527,49222,72497,40044,55875,4925,dataminerz,rule_based
680,31548,28336,65993,63163,32945,35873,dataminerz,rule_based
681,62812,10756,19160,44648,1320,67270,dataminerz,rule_based
682,20266,70839,203,43746,15101,36890,dataminerz,rule_based
683,59859,11365,43567,30686,51217,68869,dataminerz,rule_based
684,75539,13169,42237,68072,32785,16338,dataminerz,rule_based
685,47684,25230,13147,37630,75967,49562,dataminerz,rule_based
686,52874,31293,54943,53497,6111,36505,dataminerz,rule_based
687,63908,12511,30817,73841,13366,62886,dataminerz,rule_based
688,12075,9062,20914,76997,49001,75301,dataminerz,rule_based
689,78080,14550,20930,58276,55115,77040,dataminerz,rule_based
690,64333,48338,1819,18017,65787,6984,dataminerz,rule_based
691,41002,44742,53190,45423,45129,37986,dataminerz,rule_based
692,27038,20523,23033,71843,29710,14707,dataminerz,rule_based
693,38819,76025,38452,31587,65950,65291,dataminerz,rule_based
694,30628,68533,27333,58938,46550,66019,dataminerz,rule_based
695,37429,42372,6333,34405,29934,32574,dataminerz,rule_based
696,46655,58694,44933,54881,71118,41968,dataminerz,rule_based
697,47549,18614,31258,62489,9515,32977,dataminerz,rule_based
698,41447,4608,48060,18866,65838,57816,dataminerz,rule_based
699,69755,78956,53613,35340,78826,42821,dataminerz,rule_based
700,16190,55161,58868,36381,9683,38432,dataminerz,rule_based
701,15267,49374,72748,2846,9973,62378,dataminerz,rule_based
702,17617,5462,55120,29679,36167,63468,dataminerz,rule_based
703,43701,4586,55582,20794,53237,58948,dataminerz,rule_based
704,23132,8981,3608,73361,67643,46369,dataminerz,rule_based
705,23535,31509,3094,58436,6389,24770,dataminerz,rule_based
706,61316,47340,34020,60849,34243,46943,dataminerz,rule_based
707,56775,43002,55841,66908,7226,59854,dataminerz,rule_based
708,58561,57563,66788,69975,55980,57824,dataminerz,rule_based
709,77952,57906,72241,11689,33809,73729,dataminerz,rule_based
710,34978,30723,61501,22275,30209,46277,dataminerz,rule_based
711,25367,3324,29645,36278,2703,29078,dataminerz,rule_based
712,24459,73432,33124,59322,58771,36913,dataminerz,rule_based
713,10745,50724,22525,52727,78262,38568,dataminerz,rule_based
714,54929,48514,55277,70034,61275,49219,dataminerz,rule_based
715,32451,62241,31172,73706,8282,56028,dataminerz,rule_based
716,46904,22599,20858,32270,18476,5706,dataminerz,rule_based
717,58236,17252,18908,44024,40825,16146,dataminerz,rule_based
718,25488,7411,59669,35684,59084,5356,dataminerz,rule_based
719,58262,41582,29485,25663,30564,68836,dataminerz,rule_based
720,3059,29784,55781,11972,9679,46616,dataminerz,rule_based
721,32126,250,41396,65410,65413,37972,dataminerz,rule_based
722,59649,59612,36602,37014,3164,19492,dataminerz,rule_based
723,37146,46691,75864,11374,8017,69157,dataminerz,rule_based
724,40692,7888,72383,38469,3246,12432,dataminerz,rule_based
725,57342,56855,46227,29242,11175,59385,dataminerz,rule_based
726,11603,59713,66585,20519,74766,36843,dataminerz,rule_based
727,35898,41370,6369,62879,35563,3959,dataminerz,rule_based
728,44118,49954,4471,45654,33198,65829,dataminerz,rule_based
729,2579,61143,40237,42580,59951,47057,dataminerz,rule_based
730,28844,47103,34023,10402,8956,2544,dataminerz,rule_based
731,24747,15777,37666,77237,58333,57821,dataminerz,rule_based
732,26662,55715,44496,51241,797,47208,dataminerz,rule_based
733,27261,28309,3943,50931,41804,77357,dataminerz,rule_based
734,468,1117,23828,27293,53013,49379,dataminerz,rule_based
735,29448,55046,71344,27719,25229,5830,dataminerz,rule_based
736,71063,5249,24305,43924,77067,17589,dataminerz,rule_based
737,67063,31150,45682,29665,31548,63163,dataminerz,rule_based
738,52305,66046,68753,28543,45388,1625,dataminerz,rule_based
739,10881,25363,14524,56420,14265,48543,dataminerz,rule_based
740,74196,1017,15545,43365,30116,19571,dataminerz,rule_based
741,16191,1805,33309,38706,55879,60971,dataminerz,rule_based
742,6363,67751,55240,19661,62709,44118,dataminerz,rule_based
743,51060,62751,24757,17327,41612,52716,dataminerz,rule_based
744,29083,6886,63304,44849,11980,65569,dataminerz,rule_based
745,42715,59613,6923,43347,15813,10821,dataminerz,rule_based
746,6955,40081,6999,19957,47878,78248,dataminerz,rule_based
747,2399,39128,14755,52294,4543,46341,dataminerz,rule_based
748,57977,52189,48402,61893,21616,14525,dataminerz,rule_based
749,33790,61539,48531,4102,9289,57867,dataminerz,rule_based
750,45390,50510,77469,75762,18769,30778,dataminerz,rule_based
751,11609,31717,64379,7848,12187,28456,dataminerz,rule_based
752,24746,10055,11407,43307,51624,38993,dataminerz,rule_based
753,33956,30586,64839,64029,51361,24147,dataminerz,rule_based
754,11253,57482,45981,33813,25857,59945,dataminerz,rule_based
755,54066,50779,43050,39277,52254,75634,dataminerz,rule_based
756,71784,8202,46457,78996,30103,76921,dataminerz,rule_based
757,46951,13811,4864,39569,41549,9521,dataminerz,rule_based
758,64509,46326,25925,60987,50055,1520,dataminerz,rule_based
759,67229,37756,65708,45658,63728,32013,dataminerz,rule_based
760,58605,56744,69718,3189,38567,24006,dataminerz,rule_based
761,47632,40699,49208,61686,56310,72973,dataminerz,rule_based
762,72722,466,49304,16520,18661,47775,dataminerz,rule_based
763,45270,69619,15763,70501,47180,72160,dataminerz,rule_based
764,61339,49272,74772,15912,36993,24293,dataminerz,rule_based
765,32110,29864,78627,28142,3892,43369,dataminerz,rule_based
766,33558,54609,48024,9399,34905,36987,dataminerz,rule_based
767,21639,42868,78571,57757,13748,8495,dataminerz,rule_based
768,78241,47595,33556,67112,33408,42608,dataminerz,rule_based
769,6413,55219,42714,52005,28219,49001,dataminerz,rule_based
770,39627,19702,6752,58516,77534,68931,dataminerz,rule_based
771,39590,76206,57832,31496,55071,26471,dataminerz,rule_based
772,74813,41275,60357,26610,52664,8170,dataminerz,rule_based
773,39000,73367,1738,14776,29864,43259,dataminerz,rule_based
774,10434,4655,15238,9651,37641,35697,dataminerz,rule_based
775,18320,38667,24329,48722,1237,60569,dataminerz,rule_based
776,47893,20876,9035,13245,14090,57602,dataminerz,rule_based
777,58906,42556,6573,24503,61126,70501,dataminerz,rule_based
778,51702,67707,28318,41372,24121,54968,dataminerz,rule_based
779,35470,20479,20191,54876,34484,62121,dataminerz,rule_based
780,30816,78491,489,47515,35345,21389,dataminerz,rule_based
781,69589,68380,44058,39302,49503,5421,dataminerz,rule_based
782,62276,7694,68684,77392,46673,59878,dataminerz,rule_based
783,64534,25763,53489,30233,50633,20075,dataminerz,rule_based
784,5300,43165,16830,56481,16315,76427,dataminerz,rule_based
785,10326,21223,66351,10423,61863,36683,dataminerz,rule_based
786,62509,70451,2820,60937,77596,47583,dataminerz,rule_based
787,39941,898,74426,48597,466,28794,dataminerz,rule_based
788,42326,69901,52115,54621,43569,49341,dataminerz,rule_based
789,22868,57552,12535,33473,41421,44791,dataminerz,rule_based
790,28533,55598,6772,25164,64342,67562,dataminerz,rule_based
791,3166,14573,59409,70566,33345,60020,dataminerz,rule_based
792,1168,17176,39029,35280,18060,20903,dataminerz,rule_based
793,12311,53376,71005,57074,50256,2932,dataminerz,rule_based
794,66633,44912,21487,52326,5546,51011,dataminerz,rule_based
795,52748,64365,56390,19245,20932,66614,dataminerz,rule_based
796,35638,34313,22705,52181,69919,39170,dataminerz,rule_based
797,23349,48514,19289,68463,18156,5909,dataminerz,rule_based
798,30313,35663,36686,52551,61084,9099,dataminerz,rule_based
799,45424,54448,14747,22784,17061,53247,dataminerz,rule_based
800,63023,43549,36964,46726,18701,76219,dataminerz,rule_based
801,8516,15006,36395,66898,3690,51052,dataminerz,rule_based
802,47014,28271,53190,29751,66703,73848,dataminerz,rule_based
803,75774,17000,61148,973,14247,36795,dataminerz,rule_based
804,38005,26267,24052,24037,6906,12293,dataminerz,rule_based
805,74041,50985,24264,50570,22666,10387,dataminerz,rule_based
806,37011,65651,7729,30103,42034,1993,dataminerz,rule_based
807,62728,44592,64906,16683,29651,63856,dataminerz,rule_based
808,10097,32120,67495,24719,9619,44292,dataminerz,rule_based
809,66177,28704,22202,37162,34313,2611,dataminerz,rule_based
810,18879,53562,34906,15276,62380,17063,dataminerz,rule_based
811,7655,3571,53915,33768,11456,74540,dataminerz,rule_based
812,53378,73584,66527,7762,50373,22977,dataminerz,rule_based
813,15167,10452,71570,51104,12587,23545,dataminerz,rule_based
814,51133,45416,18521,28064,49164,2912,dataminerz,rule_based
815,52718,28794,38602,24450,18656,39568,dataminerz,rule_based
816,2142,33865,19588,73229,59064,21207,dataminerz,rule_based
817,31129,18684,6601,16577,75754,42918,dataminerz,rule_based
818,62162,516,14163,22918,15781,29480,dataminerz,rule_based
819,49479,26868,37379,66396,58254,78055,dataminerz,rule_based
820,14314,66553,52355,78258,12337,22764,dataminerz,rule_based
821,36939,25263,46264,30178,47356,14351,dataminerz,rule_based
822,13269,32246,19937,34668,64802,46269,dataminerz,rule_based
823,24486,68463,4695,67652,65974,73672,dataminerz,rule_based
824,31085,75101,56719,32061,60540,61159,dataminerz,rule_based
825,77524,63420,55200,35171,40446,44061,dataminerz,rule_based
826,72017,18392,12748,53456,31948,42608,dataminerz,rule_based
827,45238,28332,66908,16835,4762,50846,dataminerz,rule_based
828,1777,37433,26735,42858,56246,65813,dataminerz,rule_based
829,53793,28629,63851,14346,63493,20199,dataminerz,rule_based
830,70911,33826,28311,8593,51585,33105,dataminerz,rule_based
831,54790,20461,53915,19679,61135,62629,dataminerz,rule_based
832,18424,56972,61797,7698,65458,31156,dataminerz,rule_based
833,1177,23624,31919,4024,34801,72292,dataminerz,rule_based
834,25513,45872,61984,59460,29073,38697,dataminerz,rule_based
835,56477,60374,21548,74158,26382,51358,dataminerz,rule_based
836,19649,49340,71168,72189,70526,66775,dataminerz,rule_based
837,28731,61768,37161,60581,46972,52254,dataminerz,rule_based
838,47192,75574,60872,33656,69409,70171,dataminerz,rule_based
839,19874,70739,61672,72205,2725,54118,dataminerz,rule_based
840,41477,62525,39815,16997,65186,1552,dataminerz,rule_based
841,61261,48572,19990,78309,44846,24465,dataminerz,rule_based
842,4272,43829,73646,66792,54202,62151,dataminerz,rule_based
843,39508,71727,20590,36321,59451,17205,dataminerz,rule_based
844,9626,26193,74195,52913,59955,39523,dataminerz,rule_based
845,6341,46880,43244,23863,31534,26882,dataminerz,rule_based
846,26222,2026,5521,68688,35440,20853,dataminerz,rule_based
847,56300,31200,1434,17034,51140,66542,dataminerz,rule_based
848,29536,28263,9789,11043,55252,67440,dataminerz,rule_based
849,67085,5024,838,31838,57757,13860,dataminerz,rule_based
850,8318,56935,68765,17194,45035,10438,dataminerz,rule_based
851,39906,47906,51349,1583,55718,45780,dataminerz,rule_based
852,20388,50030,37852,39976,32690,11012,dataminerz,rule_based
853,48054,68904,63694,28332,2288,31687,dataminerz,rule_based
854,47302,8676,25238,14993,78782,37498,dataminerz,rule_based
855,60983,12590,9943,75855,69102,5530,dataminerz,rule_based
856,687,53210,1666,59231,69462,469,dataminerz,rule_based
857,51599,7745,43364,49334,8639,19131,dataminerz,rule_based
858,12519,58508,34995,63036,4406,3826,dataminerz,rule_based
859,29948,28949,49640,70417,36723,18137,dataminerz,rule_based
860,31571,78832,27408,2911,41411,54009,dataminerz,rule_based
861,72088,54031,33260,5536,61893,68753,dataminerz,rule_based
862,38254,47310,78725,71643,71429,72052,dataminerz,rule_based
863,27491,37642,52385,2412,59851,30702,dataminerz,rule_based
864,51443,65811,9883,72896,50441,7464,dataminerz,rule_based
865,45487,76177,61580,20435,25711,54875,dataminerz,rule_based
866,52727,32176,10745,50724,30575,62428,dataminerz,rule_based
867,66360,39738,45855,42010,19614,64583,dataminerz,rule_based
868,70707,69729,27155,23377,57721,50561,dataminerz,rule_based
869,12103,24782,5635,71878,283,30790,dataminerz,rule_based
870,3472,56855,49457,77744,6169,16508,dataminerz,rule_based
871,66315,9900,62094,22094,49206,22938,dataminerz,rule_based
872,9424,28796,69718,55743,48266,12181,dataminerz,rule_based
873,70923,22026,25361,10587,55014,70850,dataminerz,rule_based
874,23087,58216,64458,2455,44866,37543,dataminerz,rule_based
875,60594,3718,21123,53147,6422,73898,dataminerz,rule_based
876,15861,50543,32035,14674,3025,38147,dataminerz,rule_based
877,8542,1041,22133,18421,33333,42692,dataminerz,rule_based
878,1954,32450,46650,23768,64597,22505,dataminerz,rule_based
879,4822,53523,5082,18119,61545,41316,dataminerz,rule_based
880,26113,78581,31622,63756,633,69788,dataminerz,rule_based
881,9891,2559,73561,69409,40485,41477,dataminerz,rule_based
882,65669,13307,2777,65214,2479,16919,dataminerz,rule_based
883,26379,70171,65543,69267,39170,73458,dataminerz,rule_based
884,77676,74783,33425,6037,29757,12999,dataminerz,rule_based
885,61475,31515,19585,40704,33376,28296,dataminerz,rule_based
886,33303,40459,14245,41260,48082,22609,dataminerz,rule_based
887,39498,77663,19075,46053,92,9205,dataminerz,rule_based
888,46052,39958,22135,5167,78022,34104,dataminerz,rule_based
889,69233,17138,37650,20176,21558,38388,dataminerz,rule_based
890,65557,50641,21882,66819,35948,36441,dataminerz,rule_based
891,8498,26764,72066,22627,58083,40536,dataminerz,rule_based
892,53475,4862,23705,69519,28807,42580,dataminerz,rule_based
893,2074,70024,21474,47796,55696,50149,dataminerz,rule_based
894,22313,44537,54048,67892,42372,43218,dataminerz,rule_based
895,73200,2857,40148,41557,53082,58823,dataminerz,rule_based
896,56475,62079,36612,78667,73692,25359,dataminerz,rule_based
897,78486,59500,36843,74766,19670,11603,dataminerz,rule_based
898,36526,21106,57547,60794,13528,14200,dataminerz,rule_based
899,72777,74741,44986,11245,6901,11023,dataminerz,rule_based
900,51818,21921,4862,8057,24932,37287,dataminerz,rule_based
901,78303,381,9137,11253,57482,47509,dataminerz,rule_based
902,54090,65248,2714,20470,18033,22652,dataminerz,rule_based
903,28493,10130,15890,12251,31083,73000,dataminerz,rule_based
904,39201,73164,23095,42443,8585,11577,dataminerz,rule_based
905,26764,8498,22627,58083,72066,40536,dataminerz,rule_based
906,10587,26959,77243,52242,56353,75755,dataminerz,rule_based
907,27590,67318,43604,10144,33226,28181,dataminerz,rule_based
908,30239,47722,31667,53117,64242,45639,dataminerz,rule_based
909,36157,24489,37321,74608,21051,14675,dataminerz,rule_based
910,67219,34068,31665,7902,5678,78210,dataminerz,rule_based
911,59750,45224,51244,26146,18087,48895,dataminerz,rule_based
912,14318,63414,26781,7085,9789,53476,dataminerz,rule_based
913,35892,66240,11383,55022,36208,32335,dataminerz,rule_based
914,23226,61131,34228,73107,12080,65735,dataminerz,rule_based
915,68759,59838,72004,17695,24427,14685,dataminerz,rule_based
916,62464,27993,4599,1321,72985,5669,dataminerz,rule_based
917,71863,4068,16156,16348,1959,22335,dataminerz,rule_based
918,14782,68706,17860,4677,43152,33235,dataminerz,rule_based
919,55221,46136,19441,76142,55103,62170,dataminerz,rule_based
920,22353,42957,64458,69300,46684,56658,dataminerz,rule_based
921,10789,58305,28082,72781,16914,31421,dataminerz,rule_based
922,63891,74042,39024,37739,57640,8985,dataminerz,rule_based
923,817,16903,67304,40828,67302,62653,dataminerz,rule_based
924,25157,18064,2523,16280,62920,67294,dataminerz,rule_based
925,77200,16995,54489,9028,40828,62653,dataminerz,rule_based
926,66568,22297,4991,77965,32738,68537,dataminerz,rule_based
927,20399,77653,25233,30656,25049,37590,dataminerz,rule_based
928,76916,62664,77536,77469,7127,68300,dataminerz,rule_based
929,64517,79027,29765,54046,44188,54336,dataminerz,rule_based
930,44662,67268,15336,24509,56254,41596,dataminerz,rule_based
931,17138,36827,20176,37650,73024,26656,dataminerz,rule_based
932,40812,44840,24381,44192,48371,31492,dataminerz,rule_based
933,56782,69704,35622,14362,49519,34692,dataminerz,rule_based
934,44214,71573,59032,25866,39335,63769,dataminerz,rule_based
935,24740,64797,29507,57979,45602,58282,dataminerz,rule_based
936,2706,50394,5811,59833,31670,12530,dataminerz,rule_based
937,58358,19061,74623,73906,65858,46895,dataminerz,rule_based
938,50163,59750,4333,33288,4559,54021,dataminerz,rule_based
939,68157,58623,9686,41398,31379,43310,dataminerz,rule_based
940,38980,59086,49471,11081,59140,14845,dataminerz,rule_based
941,40394,29184,76788,35869,62124,22671,dataminerz,rule_based
942,19688,53671,6994,32802,57195,59893,dataminerz,rule_based
943,68509,10281,24083,31695,61467,65978,dataminerz,rule_based
944,28737,41468,7160,43366,74194,44607,dataminerz,rule_based
945,75882,17808,29405,46601,75950,36185,dataminerz,rule_based
946,18601,51089,1277,44490,41291,24682,dataminerz,rule_based
947,58566,19714,51211,14201,2366,23502,dataminerz,rule_based
948,66017,71444,18870,1264,69254,5863,dataminerz,rule_based
949,55270,41408,32401,63522,224,60724,dataminerz,rule_based
950,16937,65681,38509,4072,24570,43144,dataminerz,rule_based
951,44508,30637,37786,50140,74077,36223,dataminerz,rule_based
952,70372,30536,25937,72588,6934,44458,dataminerz,rule_based
953,7415,27603,77599,41957,52047,4226,dataminerz,rule_based
954,57163,78609,47876,74164,42406,62435,dataminerz,rule_based
955,2723,41463,23748,33798,13090,17862,dataminerz,rule_based
956,31827,47972,32499,7795,16229,38601,dataminerz,rule_based
957,66954,65177,14396,36846,20441,20842,dataminerz,rule_based
958,65714,23860,58629,2220,32782,25332,dataminerz,rule_based
959,726,17544,35935,23456,24322,17443,dataminerz,rule_based
960,33494,16476,61974,50569,62481,25024,dataminerz,rule_based
961,51832,21131,11363,11060,65624,59761,dataminerz,rule_based
962,50582,2803,13851,20829,53166,13215,dataminerz,rule_based
963,70180,54623,34436,41142,1416,50848,dataminerz,rule_based
964,30144,45072,27592,45135,68141,73165,dataminerz,rule_based
965,71698,59088,48824,67188,70980,79065,dataminerz,rule_based
966,72969,16152,22361,34390,64936,56030,dataminerz,rule_based
967,78480,15666,77648,13769,5090,36639,dataminerz,rule_based
968,75295,774,43091,49973,28081,11094,dataminerz,rule_based
969,14640,32268,32483,17506,77375,72341,dataminerz,rule_based
970,78680,68542,29866,72280,12093,21380,dataminerz,rule_based
971,36826,70443,15266,67198,46480,67663,dataminerz,rule_based
972,29916,16539,8030,17578,50981,61036,dataminerz,rule_based
973,51066,66399,5036,6619,23843,39836,dataminerz,rule_based
974,54190,2218,1743,57018,60741,48356,dataminerz,rule_based
975,10842,24601,76869,65026,14421,36136,dataminerz,rule_based
976,65785,29099,38690,2698,7721,14199,dataminerz,rule_based
977,57018,17845,67833,34426,60741,58204,dataminerz,rule_based
978,14037,8161,76561,51256,40697,31844,dataminerz,rule_based
979,43304,48613,68016,56021,25530,63236,dataminerz,rule_based
980,48791,68216,32269,75201,3660,69251,dataminerz,rule_based
981,3583,58243,9118,35787,31783,70196,dataminerz,rule_based
982,70223,639,56296,16700,12334,62168,dataminerz,rule_based
983,75121,39425,28451,26274,61099,64495,dataminerz,rule_based
984,13772,58218,19673,45066,73264,21203,dataminerz,rule_based
985,76905,60579,35338,63630,31176,21061,dataminerz,rule_based
986,39680,51877,30448,43681,22982,58441,dataminerz,rule_based
987,77629,53253,55974,39755,60688,60577,dataminerz,rule_based
988,63017,55397,6053,66256,17530,3772,dataminerz,rule_based
989,69838,67825,70708,70286,58728,22805,dataminerz,rule_based
990,5255,23000,39479,57210,12165,72366,dataminerz,rule_based
991,45827,45445,63333,3144,54917,40231,dataminerz,rule_based
992,53660,35610,60675,74437,13181,9119,dataminerz,rule_based
993,51600,15479,68377,67291,13237,43507,dataminerz,rule_based
994,47675,6069,32585,47191,23770,19590,dataminerz,rule_based
995,38523,2966,66108,44022,54817,40302,dataminerz,rule_based
996,56827,43023,16707,28694,59401,65566,dataminerz,rule_based
997,34307,62620,26581,40772,32021,36109,dataminerz,rule_based
998,1399,42396,12697,21703,51039,49297,dataminerz,rule_based
999,39083,59622,1750,59362,23514,23100,dataminerz,rule_based
