12,teamfivemodel,minefromhome,16686,36080,41198,52305,67653
259,teamfivemodel,minefromhome,16686,35918,41198,52305,67653
337,teamfivemodel,minefromhome,30463,35863,53377,54627,78235
457,teamfivemodel,minefromhome,13210,18006,28274,63416,71597
468,teamfivemodel,minefromhome,5699,63552,1117,40898,46305
636,teamfivemodel,minefromhome,17283,4833,14314,22764,77255
663,teamfivemodel,minefromhome,69456,24713,48017,57942,61064
687,teamfivemodel,minefromhome,20872,27420,34800,44819,55392
726,teamfivemodel,minefromhome,32483,44013,58632,62005,74282
817,teamfivemodel,minefromhome,3729,40176,59854,67035,78316
851,teamfivemodel,minefromhome,72857,56676,11286,71544,74064
1071,teamfivemodel,minefromhome,8339,21152,70695,75129,78182
1103,teamfivemodel,minefromhome,944,40974,45532,55973,76452
1168,teamfivemodel,minefromhome,6128,17176,17643,26028,35280
1177,teamfivemodel,minefromhome,6421,10722,46294,50828,55796
1235,teamfivemodel,minefromhome,1234,16501,53835,56548,59404
1399,teamfivemodel,minefromhome,31955,39152,46382,57787,64611
1460,teamfivemodel,minefromhome,13453,14547,24333,27152,67445
1486,teamfivemodel,minefromhome,71211,19761,23596,33672,72281
1519,teamfivemodel,minefromhome,2273,17417,49100,54574,59089
1640,teamfivemodel,minefromhome,3822,7440,22054,68541,77446
1680,teamfivemodel,minefromhome,12107,41316,43518,61153,72685
1777,teamfivemodel,minefromhome,78179,9175,9895,29070,40742
1822,teamfivemodel,minefromhome,29355,43069,55029,73257,78228
1954,teamfivemodel,minefromhome,15575,25683,32450,35927,46650
2054,teamfivemodel,minefromhome,2096,7729,33388,41381,51645
2074,teamfivemodel,minefromhome,274,23205,38133,44709,78867
2142,teamfivemodel,minefromhome,16686,36080,41198,52305,67653
2244,teamfivemodel,minefromhome,3793,19276,25133,40311,49251
2257,teamfivemodel,minefromhome,24406,25408,68814,69194,71268
2319,teamfivemodel,minefromhome,8183,56051,56579,57463,61622
2335,teamfivemodel,minefromhome,18942,38123,40692,44220,52087
2399,teamfivemodel,minefromhome,22212,40692,44220,51404,52234
2579,teamfivemodel,minefromhome,61143,14422,40237,63505,73344
2612,teamfivemodel,minefromhome,6508,23296,28450,34708,36543
2706,teamfivemodel,minefromhome,6906,20936,42353,46998,55334
2723,teamfivemodel,minefromhome,24229,29987,38904,53965,74960
2975,teamfivemodel,minefromhome,8236,15321,26650,51943,64920
2993,teamfivemodel,minefromhome,27399,42836,51895,59360,60430
3031,teamfivemodel,minefromhome,18334,38577,8487,13621,56444
3059,teamfivemodel,minefromhome,12221,29784,32978,39923,40598
3166,teamfivemodel,minefromhome,14573,12162,36157,38405,43415
3268,teamfivemodel,minefromhome,37255,43813,56174,59224,69803
3273,teamfivemodel,minefromhome,74023,3070,18275,32059,48287
3425,teamfivemodel,minefromhome,21715,53076,35582,53159,66516
3472,teamfivemodel,minefromhome,7885,28005,48508,49459,62442
3523,teamfivemodel,minefromhome,9017,16566,28953,12583,63478
3527,teamfivemodel,minefromhome,65,2600,22192,48566,68098
3583,teamfivemodel,minefromhome,9118,61625,58243,69240,74659
3696,teamfivemodel,minefromhome,13475,34861,36228,45495,53995
3857,teamfivemodel,minefromhome,18388,19494,37130,63754,70630
3875,teamfivemodel,minefromhome,31972,56580,57366,65369,71454
3959,teamfivemodel,minefromhome,1040,35563,65301,5022,27035
4089,teamfivemodel,minefromhome,41483,549,54531,58522,62656
4120,teamfivemodel,minefromhome,66104,14336,66215,70113,76388
4272,teamfivemodel,minefromhome,3260,6131,27989,62433,43829
4525,teamfivemodel,minefromhome,8339,21152,70695,75129,78182
4690,teamfivemodel,minefromhome,13869,15840,26904,47120,73855
4822,teamfivemodel,minefromhome,41316,61545,5082,18119,53523
4890,teamfivemodel,minefromhome,11324,38506,76995,27021,52843
5119,teamfivemodel,minefromhome,24139,34450,37287,73257,78228
5197,teamfivemodel,minefromhome,876,1069,69855,23145,37257
5255,teamfivemodel,minefromhome,6087,22375,36993,52164,55483
5300,teamfivemodel,minefromhome,1261,5598,26498,29934,51338
5357,teamfivemodel,minefromhome,18262,24293,33780,34373,74012
5362,teamfivemodel,minefromhome,27399,33677,42836,51895,59360
5384,teamfivemodel,minefromhome,22291,33235,45858,51098,55334
5498,teamfivemodel,minefromhome,13115,13574,13711,42596,65077
5733,teamfivemodel,minefromhome,4350,30856,57087,62528,64940
5737,teamfivemodel,minefromhome,27599,15857,24175,32657,43273
5844,teamfivemodel,minefromhome,13453,14547,24333,27152,67445
5892,teamfivemodel,minefromhome,25737,78542,51708,62202,78063
6019,teamfivemodel,minefromhome,18784,70356,6906,20936,55334
6288,teamfivemodel,minefromhome,40453,40831,52396,61736,78360
6341,teamfivemodel,minefromhome,46880,21392,25626,43244,72900
6359,teamfivemodel,minefromhome,12311,18600,22887,57074,60398
6363,teamfivemodel,minefromhome,24187,67751,23319,36284,63399
6413,teamfivemodel,minefromhome,20141,48195,49034,55219,66996
6420,teamfivemodel,minefromhome,19761,23596,43225,60330,72281
6478,teamfivemodel,minefromhome,19379,28026,31786,55616,74398
6530,teamfivemodel,minefromhome,7123,11262,31060,50895,54546
6643,teamfivemodel,minefromhome,61661,2126,10300,17547,24777
6741,teamfivemodel,minefromhome,2067,8408,29470,72666,78220
6790,teamfivemodel,minefromhome,20221,34849,28732,57534,74398
6798,teamfivemodel,minefromhome,16780,25674,30090,33342,33862
6955,teamfivemodel,minefromhome,6999,18772,40081,41088,51931
7028,teamfivemodel,minefromhome,6508,23296,28450,34708,36543
7084,teamfivemodel,minefromhome,3239,13453,14547,24333,67445
7108,teamfivemodel,minefromhome,8339,21152,70695,75129,78182
7129,teamfivemodel,minefromhome,3058,24038,35934,52272,63634
7201,teamfivemodel,minefromhome,7105,52048,63888,66514,72839
7415,teamfivemodel,minefromhome,32483,44013,58632,62005,74282
7445,teamfivemodel,minefromhome,20893,16987,22703,33075,55548
7521,teamfivemodel,minefromhome,4351,13901,20871,72684,34952
7655,teamfivemodel,minefromhome,8339,21152,70695,75129,78182
7666,teamfivemodel,minefromhome,23738,27124,45881,54719,59717
7860,teamfivemodel,minefromhome,1050,9117,60126,69193,70064
7924,teamfivemodel,minefromhome,31995,33908,35750,60479,72468
7977,teamfivemodel,minefromhome,17840,22225,23336,40220,43129
8109,teamfivemodel,minefromhome,45586,25638,40516,61604,63736
8116,teamfivemodel,minefromhome,23135,53236,53740,77694,79038
8208,teamfivemodel,minefromhome,78440,23356,38891,47713,70631
8248,teamfivemodel,minefromhome,16686,36080,41198,52305,67653
8268,teamfivemodel,minefromhome,7458,8559,10240,17424,19761
8288,teamfivemodel,minefromhome,14020,15995,30556,46835,53244
8296,teamfivemodel,minefromhome,3162,44236,56618,63728,75647
8318,teamfivemodel,minefromhome,6920,68765,10438,17194,56935
8384,teamfivemodel,minefromhome,12996,11822,32903,59711,73827
8498,teamfivemodel,minefromhome,22627,58083,7320,26764,72066
8516,teamfivemodel,minefromhome,66898,48700,51052,5629,53792
8538,teamfivemodel,minefromhome,12997,14904,44802,60657,61252
8542,teamfivemodel,minefromhome,1041,11824,19769,23787,34721
8548,teamfivemodel,minefromhome,13799,34228,39224,42489,63080
8728,teamfivemodel,minefromhome,18519,2143,51573,70354,76325
8859,teamfivemodel,minefromhome,16686,31427,41198,52305,67653
8861,teamfivemodel,minefromhome,10039,14723,58257,64343,65051
9001,teamfivemodel,minefromhome,4705,9577,21256,56841,61141
9012,teamfivemodel,minefromhome,2167,2352,32962,34464,34940
9036,teamfivemodel,minefromhome,7973,30090,32932,33342,33862
9179,teamfivemodel,minefromhome,1519,2273,17417,54574,59089
9197,teamfivemodel,minefromhome,9196,28157,28349,37191,51891
9365,teamfivemodel,minefromhome,60882,54531,56869,58522,62656
9392,teamfivemodel,minefromhome,30853,31231,52910,68873,73450
9424,teamfivemodel,minefromhome,11795,43589,5409,23787,41819
9569,teamfivemodel,minefromhome,68358,19120,38192,39611,46706
9577,teamfivemodel,minefromhome,4705,9001,56841,61141,76111
9612,teamfivemodel,minefromhome,37255,43813,56174,59224,69803
9626,teamfivemodel,minefromhome,18679,32183,63695,73932,75634
9884,teamfivemodel,minefromhome,6090,8780,38025,54249,56730
9891,teamfivemodel,minefromhome,2559,4106,14547,19802,40485
9943,teamfivemodel,minefromhome,31875,37255,43813,59224,69803
10075,teamfivemodel,minefromhome,5717,21152,30879,48846,70695
10078,teamfivemodel,minefromhome,43270,19194,21310,40250,73018
10097,teamfivemodel,minefromhome,17889,22700,32120,67495,38328
10104,teamfivemodel,minefromhome,10143,37255,43813,59224,69803
10304,teamfivemodel,minefromhome,23135,53236,53740,77694,79038
10307,teamfivemodel,minefromhome,24139,34450,37287,73257,78228
10324,teamfivemodel,minefromhome,5358,40491,48087,49936,72503
10326,teamfivemodel,minefromhome,50944,35846,55554,56484,64662
10426,teamfivemodel,minefromhome,16982,17479,33560,60567,60736
10434,teamfivemodel,minefromhome,15238,20539,38696,46671,59268
10482,teamfivemodel,minefromhome,6348,57808,69093,30714,45285
10587,teamfivemodel,minefromhome,16686,36080,41198,52305,67653
10745,teamfivemodel,minefromhome,2321,75552,13732,58287,67161
10789,teamfivemodel,minefromhome,21899,50537,66598,71887,77912
10833,teamfivemodel,minefromhome,49521,77853,29798,37323,78361
10841,teamfivemodel,minefromhome,6444,28775,30757,33485,59307
10842,teamfivemodel,minefromhome,37255,43813,59224,69803,73856
10871,teamfivemodel,minefromhome,25111,33948,48374,51846,62801
10881,teamfivemodel,minefromhome,16119,21610,46059,57117,74953
11169,teamfivemodel,minefromhome,31955,39152,46382,57787,64611
11177,teamfivemodel,minefromhome,68293,14020,15995,30556,53244
11253,teamfivemodel,minefromhome,632,39031,47509,48418,72311
11265,teamfivemodel,minefromhome,12154,29513,10623,23526,77342
11378,teamfivemodel,minefromhome,20494,32111,39990,58707,64962
11407,teamfivemodel,minefromhome,1050,9117,60126,69193,70064
11485,teamfivemodel,minefromhome,17219,20987,47270,47619,59531
11527,teamfivemodel,minefromhome,48222,64075,64586,67721,78963
11550,teamfivemodel,minefromhome,16686,36080,41198,56149,67653
11595,teamfivemodel,minefromhome,34318,41857,55007,56935,74419
11603,teamfivemodel,minefromhome,20519,66585,7320,10696,59713
11609,teamfivemodel,minefromhome,18477,47976,45989,62170,76833
11682,teamfivemodel,minefromhome,28211,18772,33832,62943,76402
11688,teamfivemodel,minefromhome,9607,12387,17195,36943,77307
11732,teamfivemodel,minefromhome,1530,76383,21152,70695,78182
12075,teamfivemodel,minefromhome,9062,20914,55334,57111,78785
12077,teamfivemodel,minefromhome,3072,15136,28207,65995,71939
12103,teamfivemodel,minefromhome,23443,27385,30790,41318,55699
12152,teamfivemodel,minefromhome,37255,43813,56174,59224,69803
12209,teamfivemodel,minefromhome,27772,35424,12147,31533,63839
12311,teamfivemodel,minefromhome,57074,71005,2932,18600,60398
12519,teamfivemodel,minefromhome,7761,14888,22336,33848,40583
12564,teamfivemodel,minefromhome,50498,18066,39398,56669,59588
12568,teamfivemodel,minefromhome,29850,6380,6436,34347,36059
12640,teamfivemodel,minefromhome,11823,14664,21881,58746,71039
12725,teamfivemodel,minefromhome,42402,14597,34489,42222,53549
12970,teamfivemodel,minefromhome,9968,31955,43837,46382,72628
12971,teamfivemodel,minefromhome,32816,15800,49248,59130,69325
13014,teamfivemodel,minefromhome,10382,32565,38357,3728,49335
13056,teamfivemodel,minefromhome,1519,2273,17417,54574,59089
13131,teamfivemodel,minefromhome,1447,13542,40564,46898,55520
13180,teamfivemodel,minefromhome,48374,51846,62801,76893,78526
13269,teamfivemodel,minefromhome,19937,32246,26267,38005,38996
13325,teamfivemodel,minefromhome,9783,19843,23148,23466,40692
13374,teamfivemodel,minefromhome,35342,59105,64256,72348,77337
13382,teamfivemodel,minefromhome,8193,41883,51370,54170,60014
13755,teamfivemodel,minefromhome,16686,36080,41198,52305,67653
13772,teamfivemodel,minefromhome,23376,49560,59746,68041,77307
13880,teamfivemodel,minefromhome,7320,21526,36858,56753,70363
13970,teamfivemodel,minefromhome,12931,18835,23529,28612,29717
13973,teamfivemodel,minefromhome,2203,43608,47044,72199,78389
14015,teamfivemodel,minefromhome,19563,35707,40294,47952,54587
14026,teamfivemodel,minefromhome,401,4036,9543,76538,78341
14037,teamfivemodel,minefromhome,24139,34450,37287,73257,78228
14122,teamfivemodel,minefromhome,195,21152,23904,70695,78182
14162,teamfivemodel,minefromhome,6386,21064,47706,48856,54178
14189,teamfivemodel,minefromhome,994,42531,45428,45599,73646
14314,teamfivemodel,minefromhome,4833,77255,12337,25971,78258
14318,teamfivemodel,minefromhome,9789,26121,28263,29536,32068
14323,teamfivemodel,minefromhome,5087,45820,19669,46024,63734
14436,teamfivemodel,minefromhome,14526,19054,24100,41520,59746
14470,teamfivemodel,minefromhome,48374,51846,55091,62296,62801
14640,teamfivemodel,minefromhome,32483,44013,58632,62005,74282
14750,teamfivemodel,minefromhome,4593,15264,40183,27836,75966
14782,teamfivemodel,minefromhome,1683,26448,30372,77337,78658
14883,teamfivemodel,minefromhome,15570,38123,40692,44160,44220
14895,teamfivemodel,minefromhome,6906,20936,42353,46998,55334
15039,teamfivemodel,minefromhome,23654,54531,58522,62656,78743
15167,teamfivemodel,minefromhome,10190,10452,25667,43961,46614
15267,teamfivemodel,minefromhome,2846,60479,9973,24113,58062
15472,teamfivemodel,minefromhome,13453,14547,24333,27152,67445
15581,teamfivemodel,minefromhome,14442,20936,24211,54097,64181
15657,teamfivemodel,minefromhome,8339,21152,70695,75129,78182
15715,teamfivemodel,minefromhome,33017,34213,47098,55479,60481
15767,teamfivemodel,minefromhome,39747,67740,76769,29396,47308
15854,teamfivemodel,minefromhome,20406,24863,66216,68491,69505
15861,teamfivemodel,minefromhome,23654,54531,58522,62656,78743
15949,teamfivemodel,minefromhome,10807,17562,40692,49983,68188
16190,teamfivemodel,minefromhome,22212,49410,69185,71596,71756
16191,teamfivemodel,minefromhome,25908,60169,18772,42342,50330
16340,teamfivemodel,minefromhome,6432,21773,22424,26186,51810
16585,teamfivemodel,minefromhome,11544,20477,73072,76111,76721
16746,teamfivemodel,minefromhome,23654,54531,58522,62656,78743
16801,teamfivemodel,minefromhome,1790,27657,30284,40056,40782
16935,teamfivemodel,minefromhome,48802,9936,44464,46849,51346
16937,teamfivemodel,minefromhome,32483,44013,58632,62005,74282
17009,teamfivemodel,minefromhome,15853,16688,34724,59529,69996
17138,teamfivemodel,minefromhome,78876,18969,37470,64180,73024
17240,teamfivemodel,minefromhome,31041,2968,24720,38084,52116
17298,teamfivemodel,minefromhome,11716,36501,42836,51923,60430
17348,teamfivemodel,minefromhome,48763,6131,41811,54372,59538
17383,teamfivemodel,minefromhome,3058,24038,35934,52272,63634
17465,teamfivemodel,minefromhome,16686,36080,41198,52305,67653
17617,teamfivemodel,minefromhome,5462,55120,1847,4259,73962
17665,teamfivemodel,minefromhome,9282,47678,50330,64890,73588
17770,teamfivemodel,minefromhome,21304,53934,60244,76591,78863
17850,teamfivemodel,minefromhome,66251,13238,18472,32319,38212
17888,teamfivemodel,minefromhome,37255,43813,56174,59224,69803
17921,teamfivemodel,minefromhome,18942,38123,40692,44220,52087
17998,teamfivemodel,minefromhome,18523,52920,53092,58977,61254
18169,teamfivemodel,minefromhome,20691,21320,34921,39242,61166
18224,teamfivemodel,minefromhome,6651,18685,20973,29141,73825
18320,teamfivemodel,minefromhome,53156,78034,24329,44744,46455
18424,teamfivemodel,minefromhome,10821,16989,39067,40692,65851
18427,teamfivemodel,minefromhome,16400,33317,44696,71453,76963
18441,teamfivemodel,minefromhome,7199,58305,64049,67091,77640
18479,teamfivemodel,minefromhome,16686,36080,41198,52305,67653
18537,teamfivemodel,minefromhome,33948,48374,49638,51846,62801
18601,teamfivemodel,minefromhome,7056,47283,56594,75876,78643
18622,teamfivemodel,minefromhome,15840,19379,31786,42347,74398
18665,teamfivemodel,minefromhome,4645,48162,52938,54007,65637
18756,teamfivemodel,minefromhome,24139,34450,37287,73257,78228
18879,teamfivemodel,minefromhome,15276,62380,24213,27055,45756
18904,teamfivemodel,minefromhome,48919,50473,8240,22163,35743
19235,teamfivemodel,minefromhome,19029,22820,43483,66646,72807
19462,teamfivemodel,minefromhome,1503,9697,45533,47159,70199
19649,teamfivemodel,minefromhome,9028,23645,38123,52087,59717
19688,teamfivemodel,minefromhome,32483,44013,58632,62005,74282
19717,teamfivemodel,minefromhome,37710,39555,40738,63607,78378
19777,teamfivemodel,minefromhome,54035,78814,2647,54827,74081
19801,teamfivemodel,minefromhome,400,3612,4775,32164,42292
19874,teamfivemodel,minefromhome,16686,36080,41198,52305,67653
19994,teamfivemodel,minefromhome,8840,29774,43030,50455,72332
20083,teamfivemodel,minefromhome,20287,52786,18928,39296,41369
20234,teamfivemodel,minefromhome,19761,23596,57959,60330,72281
20266,teamfivemodel,minefromhome,4944,14265,32231,34283,53312
20388,teamfivemodel,minefromhome,14027,37852,38610,43751,50030
20399,teamfivemodel,minefromhome,25233,30656,39097,60326,77653
20547,teamfivemodel,minefromhome,15344,37072,59472,67315,69015
20740,teamfivemodel,minefromhome,41267,28141,15114,36508,47895
20852,teamfivemodel,minefromhome,23135,53236,53740,77694,79038
21179,teamfivemodel,minefromhome,16686,36080,41198,52305,67653
21221,teamfivemodel,minefromhome,1050,9117,60126,69193,70064
21276,teamfivemodel,minefromhome,194,29441,61525,75189,77241
21281,teamfivemodel,minefromhome,25802,46075,35604,41198,75875
21285,teamfivemodel,minefromhome,37135,8369,53470,23162,31995
21315,teamfivemodel,minefromhome,3822,7440,22054,68541,77446
21497,teamfivemodel,minefromhome,48669,21680,19761,36098,77708
21536,teamfivemodel,minefromhome,61805,5409,23787,41819,75220
21607,teamfivemodel,minefromhome,38946,6678,7830,21498,75550
21639,teamfivemodel,minefromhome,17908,6981,20798,24448,68957
21737,teamfivemodel,minefromhome,76533,10036,10931,35670,53457
21949,teamfivemodel,minefromhome,17269,23863,35532,38306,74924
22160,teamfivemodel,minefromhome,8339,21152,70695,75129,78182
22231,teamfivemodel,minefromhome,1234,16501,53835,56548,59404
22265,teamfivemodel,minefromhome,31955,39152,46382,57787,64611
22277,teamfivemodel,minefromhome,13836,27060,29480,38971,47868
22313,teamfivemodel,minefromhome,6309,23135,44537,53740,77694
22342,teamfivemodel,minefromhome,36804,16686,41198,52305,67653
22353,teamfivemodel,minefromhome,40465,42957,58193,66247,69945
22622,teamfivemodel,minefromhome,177,10868,43030,50455,72332
22775,teamfivemodel,minefromhome,6906,20936,46998,52193,55334
22868,teamfivemodel,minefromhome,17455,25086,50941,57552,63422
22870,teamfivemodel,minefromhome,3615,5721,39670,43238,71163
22877,teamfivemodel,minefromhome,21834,22368,50547,60673,67301
22940,teamfivemodel,minefromhome,20083,20287,39296,41369,52786
22963,teamfivemodel,minefromhome,33948,48374,49638,51846,62801
22972,teamfivemodel,minefromhome,14504,18562,27198,47391,65882
23087,teamfivemodel,minefromhome,1050,9117,58216,60126,64458
23132,teamfivemodel,minefromhome,11071,11422,13442,20790,42580
23159,teamfivemodel,minefromhome,65708,20239,26665,28475,48941
23226,teamfivemodel,minefromhome,4063,21152,70695,8339,45481
23256,teamfivemodel,minefromhome,87,2964,14050,21152,31874
23349,teamfivemodel,minefromhome,10703,39090,20593,29653,54849
23366,teamfivemodel,minefromhome,70026,43030,48569,50455,72332
23417,teamfivemodel,minefromhome,31709,12889,19314,33556,71374
23446,teamfivemodel,minefromhome,9556,18669,41430,64681,74884
23535,teamfivemodel,minefromhome,21244,48520,58321,63503,66206
23570,teamfivemodel,minefromhome,21614,15202,34965,46308,69886
23599,teamfivemodel,minefromhome,14020,15995,40898,51955,52919
23643,teamfivemodel,minefromhome,27003,30519,44743,45415,49234
23706,teamfivemodel,minefromhome,16686,36080,41198,52305,67653
24002,teamfivemodel,minefromhome,13453,14547,54583,67445,67995
24078,teamfivemodel,minefromhome,23135,53236,53740,77694,78528
24085,teamfivemodel,minefromhome,31237,16892,27770,61017,76475
24087,teamfivemodel,minefromhome,16265,31153,42556,66145,66943
24118,teamfivemodel,minefromhome,3058,24038,35934,52272,63634
24218,teamfivemodel,minefromhome,14526,19054,24100,41520,59746
24459,teamfivemodel,minefromhome,14684,23543,58771,59322,72999
24486,teamfivemodel,minefromhome,63081,50881,52305,66046,72145
24554,teamfivemodel,minefromhome,37499,13453,14547,67445,70743
24603,teamfivemodel,minefromhome,32145,44027,46305,76704,77891
24667,teamfivemodel,minefromhome,6906,20936,26134,55334,69983
24675,teamfivemodel,minefromhome,16686,36080,41198,52305,67653
24686,teamfivemodel,minefromhome,12552,17910,33317,44696,63517
24706,teamfivemodel,minefromhome,66347,17908,18865,54611,65311
24740,teamfivemodel,minefromhome,15840,19379,31786,72574,74398
24746,teamfivemodel,minefromhome,1050,9117,60126,69193,70064
24747,teamfivemodel,minefromhome,16604,23798,64939,69020,75282
24776,teamfivemodel,minefromhome,1892,27839,51320,70516,76822
24979,teamfivemodel,minefromhome,37255,43813,56174,59224,69803
25049,teamfivemodel,minefromhome,23654,54531,58522,62656,78743
25157,teamfivemodel,minefromhome,2523,16280,18064,30011,45318
25209,teamfivemodel,minefromhome,871,10868,43030,50455,72332
25367,teamfivemodel,minefromhome,30662,51708,57545,62202,78063
25399,teamfivemodel,minefromhome,27705,4867,38709,52995,55695
25488,teamfivemodel,minefromhome,6906,20936,42353,46998,55334
25513,teamfivemodel,minefromhome,7823,19132,45872,57687,66813
25598,teamfivemodel,minefromhome,8339,21152,70695,75129,78182
25663,teamfivemodel,minefromhome,29485,782,41582,58262,50027
25987,teamfivemodel,minefromhome,37255,43813,56174,59224,69803
26113,teamfivemodel,minefromhome,23135,53236,53740,77694,78581
26222,teamfivemodel,minefromhome,2026,39340,41469,57336,66192
26379,teamfivemodel,minefromhome,14908,29191,44073,71344,73637
26385,teamfivemodel,minefromhome,22703,26511,33075,35470,45183
26396,teamfivemodel,minefromhome,76773,15084,36505,38737,40692
26438,teamfivemodel,minefromhome,12053,33612,43420,49166,49777
26445,teamfivemodel,minefromhome,8339,21152,70695,75129,78182
26662,teamfivemodel,minefromhome,36856,46397,52824,58019,70314
26764,teamfivemodel,minefromhome,7320,8498,22627,58083,72066
26856,teamfivemodel,minefromhome,6508,23296,28450,34708,36543
26971,teamfivemodel,minefromhome,1337,78229,47922,50826,56791
27038,teamfivemodel,minefromhome,37255,52146,59151,61162,67202
27104,teamfivemodel,minefromhome,31865,67389,69014,75654,75689
27237,teamfivemodel,minefromhome,5120,16323,25126,25200,55880
27259,teamfivemodel,minefromhome,42243,43988,5409,23787,41819
27261,teamfivemodel,minefromhome,3766,20304,20784,40935,58060
27300,teamfivemodel,minefromhome,4373,26000,37819,42252,76994
27334,teamfivemodel,minefromhome,31788,71391,23229,43624,75558
27403,teamfivemodel,minefromhome,33317,42740,44696,55067,61333
27491,teamfivemodel,minefromhome,2412,11747,19080,37642,52385
27590,teamfivemodel,minefromhome,6328,34163,43604,60094,67318
27726,teamfivemodel,minefromhome,56814,12633,27042,65865,69584
27903,teamfivemodel,minefromhome,53029,57993,14080,19155,28065
28013,teamfivemodel,minefromhome,3735,11579,56854,69158,69779
28302,teamfivemodel,minefromhome,8339,21152,70695,75129,78182
28379,teamfivemodel,minefromhome,22953,23986,25635,28085,72746
28381,teamfivemodel,minefromhome,23535,25236,31166,48520,58321
28466,teamfivemodel,minefromhome,798,5409,23233,23787,41819
28493,teamfivemodel,minefromhome,10130,23135,53236,53740,77694
28515,teamfivemodel,minefromhome,16686,36080,41198,52305,67653
28533,teamfivemodel,minefromhome,18019,29770,30790,55598,71800
28580,teamfivemodel,minefromhome,8339,21152,70695,75129,78182
28731,teamfivemodel,minefromhome,13210,18006,47511,63416,71597
28737,teamfivemodel,minefromhome,32483,44013,58632,62005,74282
28844,teamfivemodel,minefromhome,47103,17284,34184,41974,43126
28853,teamfivemodel,minefromhome,14526,19054,24100,41520,59746
28976,teamfivemodel,minefromhome,41759,36316,54531,58522,62656
29083,teamfivemodel,minefromhome,65569,24996,44849,59973,68589
29217,teamfivemodel,minefromhome,20931,13210,18006,63416,71597
29368,teamfivemodel,minefromhome,33948,48374,49638,51846,62801
29381,teamfivemodel,minefromhome,1335,2338,16525,20936,55334
29448,teamfivemodel,minefromhome,33456,68465,20423,43504,50449
29536,teamfivemodel,minefromhome,9789,28263,14318,21810,42645
29580,teamfivemodel,minefromhome,39543,50299,50962,60258,77824
29708,teamfivemodel,minefromhome,6749,37955,42054,57436,72997
29779,teamfivemodel,minefromhome,31955,39152,46382,57787,64611
29813,teamfivemodel,minefromhome,16214,20131,30567,58038,61404
29916,teamfivemodel,minefromhome,32483,44013,58632,62005,74282
29948,teamfivemodel,minefromhome,31955,39152,46382,57787,64611
29972,teamfivemodel,minefromhome,37255,43813,56174,59224,69803
30144,teamfivemodel,minefromhome,32483,44013,58632,62005,74282
30229,teamfivemodel,minefromhome,15260,20081,37461,41497,73840
30239,teamfivemodel,minefromhome,33827,43751,48813,51500,70595
30313,teamfivemodel,minefromhome,44997,61293,63881,74780,75282
30372,teamfivemodel,minefromhome,40642,68961,70470,77337,78658
30434,teamfivemodel,minefromhome,26694,32675,36062,69062,6799
30446,teamfivemodel,minefromhome,17511,1048,32832,40211,57214
30622,teamfivemodel,minefromhome,16686,36080,41198,52305,67653
30628,teamfivemodel,minefromhome,68533,27333,58938,62522,73361
30713,teamfivemodel,minefromhome,19083,40738,61048,63607,78275
30725,teamfivemodel,minefromhome,3991,30920,1746,2179,7244
30746,teamfivemodel,minefromhome,34655,28851,54492,16686,41198
30806,teamfivemodel,minefromhome,19309,23787,55964,63127,76246
30816,teamfivemodel,minefromhome,21845,37250,49441,54954,68007
30873,teamfivemodel,minefromhome,798,5409,6557,23787,41819
31015,teamfivemodel,minefromhome,6906,20936,46998,55334,74006
31085,teamfivemodel,minefromhome,75101,30790,32061,53695,65212
31129,teamfivemodel,minefromhome,12715,23645,38123,52087,68726
31273,teamfivemodel,minefromhome,13785,54369,7352,50260,55673
31401,teamfivemodel,minefromhome,798,5409,11824,23787,41819
31439,teamfivemodel,minefromhome,26728,32556,48562,54686,73109
31548,teamfivemodel,minefromhome,32945,65993,28336,41469,44829
31571,teamfivemodel,minefromhome,12063,16927,27408,72962,75555
31637,teamfivemodel,minefromhome,16686,41198,49742,52305,67653
31685,teamfivemodel,minefromhome,13210,63416,71597,78138,78182
31728,teamfivemodel,minefromhome,5553,33848,47974,54859,55210
31827,teamfivemodel,minefromhome,798,5409,11824,23787,41819
31881,teamfivemodel,minefromhome,16057,31609,33848,60730,61857
32109,teamfivemodel,minefromhome,15920,41398,20239,39863,44866
32110,teamfivemodel,minefromhome,10085,12493,23513,24015,44368
32126,teamfivemodel,minefromhome,250,6748,11383,51779,64530
32451,teamfivemodel,minefromhome,23135,53236,53740,77694,79038
32532,teamfivemodel,minefromhome,70849,31955,46873,63816,78608
32754,teamfivemodel,minefromhome,4956,29375,57065,62025,68185
32980,teamfivemodel,minefromhome,20575,57152,60596,63405,78595
33092,teamfivemodel,minefromhome,16426,2808,25946,58523,70120
33303,teamfivemodel,minefromhome,19046,20483,40692,46801,47939
33494,teamfivemodel,minefromhome,25024,16476,50569,61974,62481
33517,teamfivemodel,minefromhome,8572,13907,41258,42617,67382
33525,teamfivemodel,minefromhome,4949,18780,48374,51846,62801
33556,teamfivemodel,minefromhome,71374,13985,17278,23417,31709
33558,teamfivemodel,minefromhome,15993,35233,36878,44331,68110
33790,teamfivemodel,minefromhome,16686,36080,41198,52305,67653
33814,teamfivemodel,minefromhome,31164,45991,54531,58522,62656
33956,teamfivemodel,minefromhome,6816,20457,20859,41390,75263
34078,teamfivemodel,minefromhome,1447,13542,40564,46898,55520
34125,teamfivemodel,minefromhome,6906,20936,50645,55119,55334
34307,teamfivemodel,minefromhome,16686,36080,41198,52305,67653
34670,teamfivemodel,minefromhome,16686,36080,41198,52305,67653
34682,teamfivemodel,minefromhome,19678,54901,43307,43739,64637
34899,teamfivemodel,minefromhome,15450,42549,49091,62149,64343
34939,teamfivemodel,minefromhome,34450,37287,55550,73257,78228
34978,teamfivemodel,minefromhome,31955,39152,46382,57787,64611
35048,teamfivemodel,minefromhome,2473,13833,1159,68733,76096
35094,teamfivemodel,minefromhome,37255,43813,56174,59224,69803
35236,teamfivemodel,minefromhome,31955,39152,46382,57787,64611
35418,teamfivemodel,minefromhome,8339,21152,70695,75129,78182
35456,teamfivemodel,minefromhome,13453,14547,24333,27152,67445
35470,teamfivemodel,minefromhome,20479,12626,21215,39877,61031
35574,teamfivemodel,minefromhome,71655,77348,19194,21310,73018
35579,teamfivemodel,minefromhome,16686,36080,41198,52305,67653
35638,teamfivemodel,minefromhome,45773,53412,3671,35011,41013
35720,teamfivemodel,minefromhome,8354,41884,45114,69158,69779
35752,teamfivemodel,minefromhome,11898,27399,42836,44203,67723
35892,teamfivemodel,minefromhome,6906,20936,42353,46998,55334
35898,teamfivemodel,minefromhome,3259,34748,49792,50883,77435
35904,teamfivemodel,minefromhome,3879,10653,46298,62741,71255
35947,teamfivemodel,minefromhome,16686,36080,41198,52305,67653
36095,teamfivemodel,minefromhome,54550,2792,2979,19843,78126
36157,teamfivemodel,minefromhome,3083,3166,5934,8202,14573
36175,teamfivemodel,minefromhome,20879,13210,18006,63416,71597
36526,teamfivemodel,minefromhome,9607,12470,13070,67541,77307
36620,teamfivemodel,minefromhome,19382,1070,27050,41816,54377
36826,teamfivemodel,minefromhome,36536,22212,35116,44220,45405
36939,teamfivemodel,minefromhome,46264,6906,20936,46998,55334
36959,teamfivemodel,minefromhome,5419,35264,41287,59539,68289
37011,teamfivemodel,minefromhome,8950,7426,31103,45317,67590
37146,teamfivemodel,minefromhome,8017,8456,35840,43128,61500
37321,teamfivemodel,minefromhome,9028,23645,38123,52087,59717
37378,teamfivemodel,minefromhome,19194,21310,40250,46107,73018
37429,teamfivemodel,minefromhome,23135,42372,53236,53740,77694
37531,teamfivemodel,minefromhome,26094,34480,65242,74294,24245
37563,teamfivemodel,minefromhome,27271,34630,53419,62598,66090
37711,teamfivemodel,minefromhome,2614,4433,39620,40430,47121
37731,teamfivemodel,minefromhome,73435,31224,38207,43105,68520
37797,teamfivemodel,minefromhome,49319,19755,49149,55180,74553
37854,teamfivemodel,minefromhome,7320,21526,36238,42073,44868
37998,teamfivemodel,minefromhome,29118,65895,9832,12540,40576
38005,teamfivemodel,minefromhome,19937,26267,13269,32246,38996
38083,teamfivemodel,minefromhome,7674,17084,18394,42836,70407
38164,teamfivemodel,minefromhome,37047,16686,36397,41198,74958
38197,teamfivemodel,minefromhome,18255,59537,60804,70795,77876
38254,teamfivemodel,minefromhome,15360,28502,38080,70406,72646
38368,teamfivemodel,minefromhome,23412,24212,35835,63466,75124
38523,teamfivemodel,minefromhome,34230,40302,43968,66108,73622
38543,teamfivemodel,minefromhome,4722,26257,51974,64748,73433
38637,teamfivemodel,minefromhome,21892,31955,39152,46382,57787
38664,teamfivemodel,minefromhome,44553,6906,20936,46998,55334
38760,teamfivemodel,minefromhome,5291,19669,32266,45820,63734
38819,teamfivemodel,minefromhome,21396,23484,44454,66569,68483
38840,teamfivemodel,minefromhome,1234,16501,53835,56548,59404
38964,teamfivemodel,minefromhome,11922,58396,61640,63551,77911
38980,teamfivemodel,minefromhome,13210,18006,28274,63416,71597
39000,teamfivemodel,minefromhome,4861,15554,17252,18908,58236
39076,teamfivemodel,minefromhome,8253,16291,37135,68477,77995
39083,teamfivemodel,minefromhome,22703,26511,33075,35470,45183
39201,teamfivemodel,minefromhome,8585,11577,23095,42443,73164
39308,teamfivemodel,minefromhome,7780,51509,36430,59774,70722
39309,teamfivemodel,minefromhome,7756,20302,36870,54447,74173
39498,teamfivemodel,minefromhome,3879,10020,10653,43450,71255
39508,teamfivemodel,minefromhome,71727,12909,40800,48804,56222
39515,teamfivemodel,minefromhome,625,1966,24060,28653,71017
39590,teamfivemodel,minefromhome,28157,41652,63571,69939,77900
39627,teamfivemodel,minefromhome,58516,6752,19702,36531,68931
39665,teamfivemodel,minefromhome,6764,20409,48181,54740,72441
39680,teamfivemodel,minefromhome,14526,19054,24100,41520,59746
39766,teamfivemodel,minefromhome,8339,21152,70695,75129,78182
39779,teamfivemodel,minefromhome,31955,39152,46382,57787,64611
39864,teamfivemodel,minefromhome,31955,36414,39152,46382,57787
39906,teamfivemodel,minefromhome,72151,12580,36792,46060,54435
39941,teamfivemodel,minefromhome,23654,54531,58522,62656,78743
39957,teamfivemodel,minefromhome,33567,11244,18556,19124,78754
39971,teamfivemodel,minefromhome,25905,36927,49482,60628,61297
40000,teamfivemodel,minefromhome,1113,40703,53538,57747,65452
40017,teamfivemodel,minefromhome,50390,130,38183,41513,56733
40113,teamfivemodel,minefromhome,78512,3266,43471,61589,61952
40279,teamfivemodel,minefromhome,8339,21152,70695,75129,78182
40312,teamfivemodel,minefromhome,3107,17091,24755,56098,73857
40362,teamfivemodel,minefromhome,21090,23596,64773,72281,77380
40394,teamfivemodel,minefromhome,23890,40553,53039,65072,68763
40424,teamfivemodel,minefromhome,1555,54543,59553,27981,33014
40692,teamfivemodel,minefromhome,3259,36339,38074,44220,63166
40812,teamfivemodel,minefromhome,48371,65838,44548,60439,4833
41002,teamfivemodel,minefromhome,6907,21999,45564,46629,51271
41020,teamfivemodel,minefromhome,28497,29028,52908,57997,64957
41078,teamfivemodel,minefromhome,11950,22179,23733,36214,43828
41090,teamfivemodel,minefromhome,67883,13433,19720,34998,50705
41116,teamfivemodel,minefromhome,9320,19054,48086,59746,61671
41219,teamfivemodel,minefromhome,14526,19054,24100,41520,59746
41371,teamfivemodel,minefromhome,8189,26482,28261,29539,54689
41422,teamfivemodel,minefromhome,4529,17368,44657,61232,72660
41447,teamfivemodel,minefromhome,37255,43813,56174,59224,69803
41477,teamfivemodel,minefromhome,13453,14547,24333,27152,67445
41580,teamfivemodel,minefromhome,22703,26511,33075,35470,45183
41648,teamfivemodel,minefromhome,18955,28106,17653,63435,76656
42039,teamfivemodel,minefromhome,23654,54531,58522,62656,78743
42158,teamfivemodel,minefromhome,21447,29356,44047,51308,54135
42184,teamfivemodel,minefromhome,2167,2352,32962,34464,34940
42326,teamfivemodel,minefromhome,9580,18440,21834,60673,67301
42328,teamfivemodel,minefromhome,7056,47283,56594,75937,78643
42415,teamfivemodel,minefromhome,13453,13497,14547,16573,69330
42531,teamfivemodel,minefromhome,1142,3734,6131,11918,69694
42566,teamfivemodel,minefromhome,14020,15995,30556,46835,53244
42622,teamfivemodel,minefromhome,16686,36080,41198,52305,67653
42715,teamfivemodel,minefromhome,43347,283,15813,36339,67006
43032,teamfivemodel,minefromhome,14526,19054,24100,41520,59746
43304,teamfivemodel,minefromhome,26229,38916,64662,66849,67696
43313,teamfivemodel,minefromhome,33941,28157,41652,63571,77900
43672,teamfivemodel,minefromhome,23654,54531,58522,62656,78743
43679,teamfivemodel,minefromhome,2499,7882,29271,30342,54989
43701,teamfivemodel,minefromhome,2728,4586,45875,66542,71454
43762,teamfivemodel,minefromhome,16726,20939,27775,31629,76611
43844,teamfivemodel,minefromhome,76137,6306,16686,41198,67653
43877,teamfivemodel,minefromhome,16686,36080,41198,52305,67653
44025,teamfivemodel,minefromhome,75472,10565,28239,38423,62969
44118,teamfivemodel,minefromhome,1601,4471,10696,49954,74109
44197,teamfivemodel,minefromhome,4529,17368,44657,61232,72660
44214,teamfivemodel,minefromhome,23135,53236,53740,77694,79038
44327,teamfivemodel,minefromhome,13453,14547,14719,24333,67445
44452,teamfivemodel,minefromhome,1713,36071,58387,65104,78049
44508,teamfivemodel,minefromhome,37255,43813,56174,59224,69803
44662,teamfivemodel,minefromhome,6906,20936,46998,55334,67268
44894,teamfivemodel,minefromhome,19069,23818,38123,40692,44220
44964,teamfivemodel,minefromhome,3086,21218,34589,63872,69275
45068,teamfivemodel,minefromhome,7973,30090,33342,33862,37855
45093,teamfivemodel,minefromhome,8017,8456,35840,43128,61500
45116,teamfivemodel,minefromhome,37491,43720,63930,69803,75058
45173,teamfivemodel,minefromhome,16686,36080,41198,52305,67653
45195,teamfivemodel,minefromhome,3835,23634,31546,46729,63213
45238,teamfivemodel,minefromhome,36987,26238,41196,60008,71766
45270,teamfivemodel,minefromhome,26340,62640,78834,10895,20081
45274,teamfivemodel,minefromhome,1746,6210,15116,18662,63413
45286,teamfivemodel,minefromhome,20522,22856,39274,58628,63589
45358,teamfivemodel,minefromhome,1050,9117,21819,60126,70064
45390,teamfivemodel,minefromhome,15754,22045,32402,50510,59341
45424,teamfivemodel,minefromhome,4350,30856,57087,62528,64940
45435,teamfivemodel,minefromhome,3822,7440,22054,68541,77446
45487,teamfivemodel,minefromhome,10963,27978,33786,34423,59807
45501,teamfivemodel,minefromhome,20817,23907,32136,32324,60338
45594,teamfivemodel,minefromhome,18486,36251,43625,57494,63070
45613,teamfivemodel,minefromhome,43067,54645,36619,73185,75946
45732,teamfivemodel,minefromhome,8893,38766,40134,43845,64284
45827,teamfivemodel,minefromhome,16686,41198,45445,52305,67653
45841,teamfivemodel,minefromhome,10669,21587,23787,40799,41819
45871,teamfivemodel,minefromhome,14526,19054,24100,41520,59746
45935,teamfivemodel,minefromhome,4529,17368,44657,61232,72660
45955,teamfivemodel,minefromhome,11544,20477,73072,76111,76721
46052,teamfivemodel,minefromhome,395,25388,38123,51770,60213
46059,teamfivemodel,minefromhome,21610,40423,47121,64816,77948
46237,teamfivemodel,minefromhome,55679,2823,8903,23392,36942
46476,teamfivemodel,minefromhome,14773,17877,39127,43592,47684
46634,teamfivemodel,minefromhome,1050,9117,60126,69193,70064
46655,teamfivemodel,minefromhome,8339,21152,70695,75129,78182
46904,teamfivemodel,minefromhome,6848,9607,37089,49234,72160
46931,teamfivemodel,minefromhome,347,6532,32671,44744,59843
46951,teamfivemodel,minefromhome,39263,33948,48374,51846,62801
47002,teamfivemodel,minefromhome,9607,12387,17195,36943,77307
47014,teamfivemodel,minefromhome,9844,36071,54119,55658,65104
47068,teamfivemodel,minefromhome,8339,21152,70695,75129,78182
47098,teamfivemodel,minefromhome,15715,33017,34213,55479,60481
47192,teamfivemodel,minefromhome,8981,13100,22110,36524,60872
47302,teamfivemodel,minefromhome,8676,78782,4217,37009,62688
47336,teamfivemodel,minefromhome,13244,16793,24961,60864,72970
47464,teamfivemodel,minefromhome,19155,32555,43504,57993,68465
47491,teamfivemodel,minefromhome,12551,24631,51869,60174,71803
47549,teamfivemodel,minefromhome,2270,9743,37372,42927,61235
47597,teamfivemodel,minefromhome,6006,76645,7195,18435,75784
47621,teamfivemodel,minefromhome,14498,29278,33820,41910,45733
47632,teamfivemodel,minefromhome,28933,31025,44635,56908,73405
47675,teamfivemodel,minefromhome,19194,21310,40250,46107,73018
47684,teamfivemodel,minefromhome,17877,43592,68272,72435,73844
47838,teamfivemodel,minefromhome,23654,54531,58522,62656,78743
47893,teamfivemodel,minefromhome,13245,14090,57602,3259,58019
47933,teamfivemodel,minefromhome,10704,19827,42723,53380,62714
47988,teamfivemodel,minefromhome,37048,18434,49376,51671,73021
48054,teamfivemodel,minefromhome,53386,8581,39002,39478,61082
48127,teamfivemodel,minefromhome,39016,41863,62275,67067,78670
48231,teamfivemodel,minefromhome,76493,3245,8037,43030,72332
48270,teamfivemodel,minefromhome,19628,2823,8903,23392,36942
48292,teamfivemodel,minefromhome,12347,40692,47939,56301,64544
48490,teamfivemodel,minefromhome,8339,21152,52670,70695,78182
48584,teamfivemodel,minefromhome,14578,68109,71181,26426,70907
48659,teamfivemodel,minefromhome,22291,27477,55334,56860,64576
48791,teamfivemodel,minefromhome,16686,27303,41198,52305,67653
48796,teamfivemodel,minefromhome,12413,34460,33235,71448,76833
49099,teamfivemodel,minefromhome,1234,16501,22716,53835,56548
49179,teamfivemodel,minefromhome,11563,19761,23596,65885,72281
49234,teamfivemodel,minefromhome,40355,14163,28502,38520,66054
49279,teamfivemodel,minefromhome,20671,21540,13702,38622,38780
49396,teamfivemodel,minefromhome,37255,43813,56174,59224,69803
49479,teamfivemodel,minefromhome,961,5553,14977,18938,21029
49587,teamfivemodel,minefromhome,45795,53682,59252,73276,77218
49615,teamfivemodel,minefromhome,10161,18900,28169,35311,63647
49738,teamfivemodel,minefromhome,6906,20936,46998,55334,73237
49803,teamfivemodel,minefromhome,14526,19054,24100,41520,59746
49952,teamfivemodel,minefromhome,6379,31955,39152,46382,57787
50039,teamfivemodel,minefromhome,8572,13907,41258,42617,67382
50163,teamfivemodel,minefromhome,16686,36080,41198,52305,67653
50313,teamfivemodel,minefromhome,2626,39734,42608,63958,71991
50338,teamfivemodel,minefromhome,34534,838,39781,48148,70715
50340,teamfivemodel,minefromhome,15386,64933,36957,43888,45419
50356,teamfivemodel,minefromhome,39253,60780,64507,9795,41541
50582,teamfivemodel,minefromhome,6079,43229,64646,74566,76699
50648,teamfivemodel,minefromhome,15344,37072,63736,67315,68065
50701,teamfivemodel,minefromhome,16686,36080,41198,52305,67653
50899,teamfivemodel,minefromhome,49452,10603,25368,69803,74029
51002,teamfivemodel,minefromhome,16686,36080,41198,52305,67653
51042,teamfivemodel,minefromhome,4138,32210,54120,68492,71820
51060,teamfivemodel,minefromhome,616,24757,62751,63042,73646
51066,teamfivemodel,minefromhome,8339,21152,66399,70695,78182
51133,teamfivemodel,minefromhome,18521,23641,37173,58820,65806
51443,teamfivemodel,minefromhome,7464,24340,40241,50563,68036
51540,teamfivemodel,minefromhome,72864,15681,19379,29124,75344
51560,teamfivemodel,minefromhome,16686,36080,41198,52305,67653
51599,teamfivemodel,minefromhome,24724,32061,43364,50533,76835
51600,teamfivemodel,minefromhome,1898,26669,34159,36153,55260
51638,teamfivemodel,minefromhome,16686,36080,41198,52305,67653
51702,teamfivemodel,minefromhome,1853,24121,28318,42531,66297
51818,teamfivemodel,minefromhome,5055,20241,24932,55141,64884
51832,teamfivemodel,minefromhome,12399,49693,54865,59846,73696
51964,teamfivemodel,minefromhome,67377,11882,15606,64095,74398
52053,teamfivemodel,minefromhome,5268,8147,10528,50137,50523
52192,teamfivemodel,minefromhome,14526,19054,24100,41520,59746
52305,teamfivemodel,minefromhome,24486,63081,66046,50881,72145
52519,teamfivemodel,minefromhome,19761,23596,25470,60297,60338
52656,teamfivemodel,minefromhome,798,5409,11824,23787,41819
52685,teamfivemodel,minefromhome,14526,19054,59746,69485,75868
52705,teamfivemodel,minefromhome,16233,26230,37255,43813,56174
52718,teamfivemodel,minefromhome,24450,6974,28794,38602,42828
52721,teamfivemodel,minefromhome,28125,41489,44588,54288,60472
52727,teamfivemodel,minefromhome,274,23205,38133,44709,78867
52748,teamfivemodel,minefromhome,3397,6622,19245,56390,64365
52874,teamfivemodel,minefromhome,15084,32614,36505,38737,44985
52884,teamfivemodel,minefromhome,9711,10190,25667,43961,46614
53003,teamfivemodel,minefromhome,1234,43532,52807,53835,56548
53008,teamfivemodel,minefromhome,59779,36127,39325,52217,67796
53078,teamfivemodel,minefromhome,50663,53197,66731,73601,74084
53100,teamfivemodel,minefromhome,6013,45380,47909,51359,68205
53134,teamfivemodel,minefromhome,4350,26634,30856,62528,64940
53378,teamfivemodel,minefromhome,16686,36080,41198,52305,67653
53393,teamfivemodel,minefromhome,33948,48374,49638,51846,62801
53475,teamfivemodel,minefromhome,47407,2823,8903,23392,36942
53496,teamfivemodel,minefromhome,53365,10972,60595,60831,68781
53660,teamfivemodel,minefromhome,8339,21152,70695,75129,78182
53672,teamfivemodel,minefromhome,692,22760,27671,43932,59190
53717,teamfivemodel,minefromhome,17049,49932,54531,58522,62656
53793,teamfivemodel,minefromhome,78553,22281,42221,63382,67311
53813,teamfivemodel,minefromhome,15302,5409,20467,23787,41819
53838,teamfivemodel,minefromhome,5961,73809,8615,42085,51215
53880,teamfivemodel,minefromhome,9028,23645,38123,52087,59717
53929,teamfivemodel,minefromhome,6618,21356,27817,48446,75204
54066,teamfivemodel,minefromhome,11744,12452,17992,55605,58197
54090,teamfivemodel,minefromhome,65248,11175,14056,38074,70441
54145,teamfivemodel,minefromhome,13453,14547,24333,62701,67445
54190,teamfivemodel,minefromhome,16686,36080,41198,52305,67653
54338,teamfivemodel,minefromhome,6508,23296,28450,34708,36543
54461,teamfivemodel,minefromhome,37255,43813,56174,59224,69803
54586,teamfivemodel,minefromhome,65717,19864,27084,67469,73660
54612,teamfivemodel,minefromhome,3726,47397,64207,67027,74214
54737,teamfivemodel,minefromhome,45467,31260,21614,34965,75990
54790,teamfivemodel,minefromhome,8339,21152,70695,75129,78182
54801,teamfivemodel,minefromhome,37255,43813,56174,59224,69803
54835,teamfivemodel,minefromhome,55611,72155,75815,33202,73277
54929,teamfivemodel,minefromhome,22703,26511,33075,35470,45183
55057,teamfivemodel,minefromhome,871,10868,43030,50455,72332
55154,teamfivemodel,minefromhome,8356,26665,30496,34318,41857
55221,teamfivemodel,minefromhome,871,10868,43030,50455,72332
55270,teamfivemodel,minefromhome,12521,16096,62135,68053,69313
55326,teamfivemodel,minefromhome,16686,36080,41198,52305,67653
55488,teamfivemodel,minefromhome,3259,13711,40692,61837,72774
55501,teamfivemodel,minefromhome,6722,73054,64290,65716,77264
55613,teamfivemodel,minefromhome,38548,14681,37023,50803,53835
56170,teamfivemodel,minefromhome,11544,20477,73072,76111,76721
56175,teamfivemodel,minefromhome,40654,42421,52470,61601,71310
56180,teamfivemodel,minefromhome,32401,33856,52613,58180,62050
56282,teamfivemodel,minefromhome,9018,20641,26012,27774,71747
56300,teamfivemodel,minefromhome,1200,26798,31200,42058,54943
56452,teamfivemodel,minefromhome,10717,35475,42610,35069,58280
56453,teamfivemodel,minefromhome,64810,3577,28099,34025,64474
56475,teamfivemodel,minefromhome,4162,35275,44187,54328,62079
56477,teamfivemodel,minefromhome,18490,23484,56648,58097,73838
56597,teamfivemodel,minefromhome,36365,30415,33562,41652,77900
56629,teamfivemodel,minefromhome,25958,16682,18062,48968,71741
56705,teamfivemodel,minefromhome,7056,47283,56594,75876,78643
56775,teamfivemodel,minefromhome,13245,43002,58019,63730,76423
56782,teamfivemodel,minefromhome,19466,37357,44335,49638,67567
56794,teamfivemodel,minefromhome,2121,10305,44420,47195,65253
56827,teamfivemodel,minefromhome,40634,21615,23839,59917,64231
56939,teamfivemodel,minefromhome,15606,21173,24082,29065,64021
56945,teamfivemodel,minefromhome,4529,17368,44657,61232,72660
57018,teamfivemodel,minefromhome,15466,34918,60741,41198,58204
57163,teamfivemodel,minefromhome,32483,44013,58632,62005,74282
57282,teamfivemodel,minefromhome,18498,40070,69520,43813,69803
57342,teamfivemodel,minefromhome,59420,5097,19789,52897,56731
57464,teamfivemodel,minefromhome,21090,23596,64773,72281,77380
57598,teamfivemodel,minefromhome,11423,13919,30310,54869,69656
57628,teamfivemodel,minefromhome,6906,20936,46998,55334,75656
57674,teamfivemodel,minefromhome,14523,58996,61968,67426,70686
57977,teamfivemodel,minefromhome,19230,23435,55960,59807,66539
58067,teamfivemodel,minefromhome,17455,31618,35503,63759,72276
58236,teamfivemodel,minefromhome,3386,17771,20483,35545,69363
58262,teamfivemodel,minefromhome,25663,782,29485,41582,50027
58358,teamfivemodel,minefromhome,6052,6095,26078,40044,52394
58404,teamfivemodel,minefromhome,16686,36080,41198,52305,67653
58455,teamfivemodel,minefromhome,2626,39734,42608,63958,71991
58561,teamfivemodel,minefromhome,15853,16688,34724,59529,69996
58566,teamfivemodel,minefromhome,19714,10460,33317,44696,76261
58605,teamfivemodel,minefromhome,3189,21152,38567,69718,72569
58737,teamfivemodel,minefromhome,68923,37255,43813,59224,69803
58779,teamfivemodel,minefromhome,27294,36145,42353,57594,59003
58820,teamfivemodel,minefromhome,18521,23641,37173,51133,65806
58847,teamfivemodel,minefromhome,35419,13210,28563,63416,71597
58865,teamfivemodel,minefromhome,21572,47282,52166,59964,76112
58906,teamfivemodel,minefromhome,16265,42556,70359,66145,73926
59032,teamfivemodel,minefromhome,13647,41847,59302,59614,74310
59092,teamfivemodel,minefromhome,17969,34673,23803,60846,77471
59102,teamfivemodel,minefromhome,10931,35670,38531,53457,72135
59605,teamfivemodel,minefromhome,798,5409,11824,23787,41819
59649,teamfivemodel,minefromhome,11744,12177,17992,23265,28263
59732,teamfivemodel,minefromhome,16024,21668,56193,56204,70446
59734,teamfivemodel,minefromhome,31955,39152,46382,57787,64611
59750,teamfivemodel,minefromhome,12398,14823,26146,45224,51244
59769,teamfivemodel,minefromhome,5020,17233,17667,39014,71547
59821,teamfivemodel,minefromhome,6906,20936,42353,46998,55334
59859,teamfivemodel,minefromhome,11365,43567,18925,50638,58302
59879,teamfivemodel,minefromhome,31955,39152,46382,57787,64611
59970,teamfivemodel,minefromhome,33284,13453,14547,24333,67445
59985,teamfivemodel,minefromhome,14526,19054,20048,29379,59746
60056,teamfivemodel,minefromhome,5067,16153,18535,30540,66177
60087,teamfivemodel,minefromhome,19839,6906,20936,46998,55334
60188,teamfivemodel,minefromhome,14935,23137,20279,27187,52068
60216,teamfivemodel,minefromhome,15254,798,5409,23787,41819
60250,teamfivemodel,minefromhome,15044,18006,41198,54314,72984
60331,teamfivemodel,minefromhome,14666,41808,54255,55334,68713
60384,teamfivemodel,minefromhome,10132,5063,18761,62267,76340
60588,teamfivemodel,minefromhome,34944,1050,9117,19399,60126
60594,teamfivemodel,minefromhome,6422,76179,29428,53147,61869
60644,teamfivemodel,minefromhome,8193,41883,51370,54170,60014
60983,teamfivemodel,minefromhome,10843,14576,38779,50235,65514
61043,teamfivemodel,minefromhome,23654,54531,58522,62656,78743
61125,teamfivemodel,minefromhome,20759,17084,32252,42836,57825
61261,teamfivemodel,minefromhome,24465,38590,56509,57140,75876
61316,teamfivemodel,minefromhome,4739,25472,31531,47340,58963
61339,teamfivemodel,minefromhome,10542,27714,60861,68010,71036
61475,teamfivemodel,minefromhome,5062,28248,30740,38444,42960
61514,teamfivemodel,minefromhome,7731,43122,59341,75762,77756
61593,teamfivemodel,minefromhome,6630,13059,25206,45950,64143
61636,teamfivemodel,minefromhome,23858,27523,32744,33043,39171
61707,teamfivemodel,minefromhome,14526,19054,24100,41520,59746
61715,teamfivemodel,minefromhome,9779,18130,25338,33938,56858
61750,teamfivemodel,minefromhome,9134,28675,38062,57995,77823
61752,teamfivemodel,minefromhome,10807,17562,40692,49983,68188
61794,teamfivemodel,minefromhome,12416,34679,35083,38679,56949
61875,teamfivemodel,minefromhome,30355,29252,53479,55198,71796
61909,teamfivemodel,minefromhome,1631,4066,21204,27152,46860
62060,teamfivemodel,minefromhome,28229,1136,19545,37310,67539
62115,teamfivemodel,minefromhome,16686,36080,41198,52305,67653
62162,teamfivemodel,minefromhome,15360,17632,28502,49234,70406
62200,teamfivemodel,minefromhome,8339,21152,51880,70695,75129
62234,teamfivemodel,minefromhome,1234,16501,53835,56548,59404
62276,teamfivemodel,minefromhome,13576,44923,54193,73912,75758
62454,teamfivemodel,minefromhome,31995,33908,35750,60479,72468
62464,teamfivemodel,minefromhome,48023,63265,13183,75703,78725
62494,teamfivemodel,minefromhome,27493,5052,63470,65682,69464
62509,teamfivemodel,minefromhome,6001,38399,49108,61119,68218
62535,teamfivemodel,minefromhome,48545,12634,13524,21967,76104
62540,teamfivemodel,minefromhome,16581,38533,61454,68089,70097
62630,teamfivemodel,minefromhome,23654,54531,58522,62656,78743
62728,teamfivemodel,minefromhome,4077,4761,27163,50149,64553
62732,teamfivemodel,minefromhome,3259,35107,63219,63730,70875
62812,teamfivemodel,minefromhome,19160,10756,11609,36594,72745
62993,teamfivemodel,minefromhome,24812,18145,32559,50490,66122
63017,teamfivemodel,minefromhome,8339,21152,70695,75129,78182
63023,teamfivemodel,minefromhome,18701,36964,46726,21152,43549
63103,teamfivemodel,minefromhome,31955,39152,46382,57787,64611
63107,teamfivemodel,minefromhome,8339,21152,70695,75129,78182
63279,teamfivemodel,minefromhome,15417,23654,54531,58522,62656
63457,teamfivemodel,minefromhome,31955,39152,46382,57787,64611
63739,teamfivemodel,minefromhome,10781,41469,53932,61293,62484
63764,teamfivemodel,minefromhome,917,15344,63479,64967,67315
63796,teamfivemodel,minefromhome,1361,7419,11117,46998,70894
63855,teamfivemodel,minefromhome,43729,54274,1226,3259,77228
63891,teamfivemodel,minefromhome,8339,21152,70695,75129,78182
63908,teamfivemodel,minefromhome,5553,18938,31050,56988,61550
64236,teamfivemodel,minefromhome,16686,36080,41198,52305,67653
64237,teamfivemodel,minefromhome,12096,37425,54619,59615,73765
64333,teamfivemodel,minefromhome,18017,48338,1819,73846,76835
64339,teamfivemodel,minefromhome,31955,39152,46382,57787,64611
64350,teamfivemodel,minefromhome,10696,34643,41448,55932,78697
64509,teamfivemodel,minefromhome,40363,55942,66534,67811,69080
64517,teamfivemodel,minefromhome,8408,2067,29470,72666,78220
64534,teamfivemodel,minefromhome,3159,25763,53489,30233,32954
64596,teamfivemodel,minefromhome,3918,18826,40830,62964,65424
64901,teamfivemodel,minefromhome,4833,52355,5739,22764,77255
65088,teamfivemodel,minefromhome,7105,52048,63888,66514,72839
65307,teamfivemodel,minefromhome,8217,11721,14516,20378,44014
65353,teamfivemodel,minefromhome,29555,41583,62393,65391,73377
65461,teamfivemodel,minefromhome,1232,5857,371,28726,74747
65465,teamfivemodel,minefromhome,2417,6800,38903,41869,43813
65557,teamfivemodel,minefromhome,50641,2987,12347,58283,76274
65669,teamfivemodel,minefromhome,23135,53236,53740,77694,79038
65714,teamfivemodel,minefromhome,20814,35206,59868,61013,68048
65785,teamfivemodel,minefromhome,2698,7721,14199,31995,49244
65811,teamfivemodel,minefromhome,12922,20641,34748,62341,71747
65833,teamfivemodel,minefromhome,8339,21152,70695,75129,78182
65860,teamfivemodel,minefromhome,4350,30856,57087,62528,64940
65903,teamfivemodel,minefromhome,22991,28313,59360,71451,75127
66017,teamfivemodel,minefromhome,32483,44013,58632,62005,74282
66040,teamfivemodel,minefromhome,6906,20936,42353,46998,55334
66177,teamfivemodel,minefromhome,66314,26019,28704,39458,72691
66224,teamfivemodel,minefromhome,54531,58522,62656,64025,78793
66315,teamfivemodel,minefromhome,1142,5291,10736,29711,44475
66319,teamfivemodel,minefromhome,8339,21152,70695,75129,78182
66324,teamfivemodel,minefromhome,6087,22375,36993,52164,55483
66339,teamfivemodel,minefromhome,37255,43813,56174,59224,69803
66360,teamfivemodel,minefromhome,23654,54531,58522,62656,78743
66493,teamfivemodel,minefromhome,39767,8339,21152,70695,78182
66497,teamfivemodel,minefromhome,14617,15995,49887,56174,61673
66568,teamfivemodel,minefromhome,1,22297,18847,60566,74862
66633,teamfivemodel,minefromhome,51011,11250,40943,44912,69576
66750,teamfivemodel,minefromhome,31955,39152,46382,57787,64611
66903,teamfivemodel,minefromhome,12133,15802,48676,39142,45900
66928,teamfivemodel,minefromhome,49188,3172,46164,50451,77483
66954,teamfivemodel,minefromhome,32483,44013,58632,62005,74282
67063,teamfivemodel,minefromhome,52398,8982,16532,26611,44829
67073,teamfivemodel,minefromhome,3755,12095,17885,53835,56703
67085,teamfivemodel,minefromhome,13860,24832,31838,58951,65222
67219,teamfivemodel,minefromhome,6748,7902,31665,34068,51779
67229,teamfivemodel,minefromhome,37756,8339,21152,70695,78182
67382,teamfivemodel,minefromhome,8572,13907,15010,41258,42617
67506,teamfivemodel,minefromhome,70419,39427,56101,58078,75099
67630,teamfivemodel,minefromhome,6202,55709,56185,68751,75140
67776,teamfivemodel,minefromhome,6740,5558,15467,57137,68187
67832,teamfivemodel,minefromhome,15609,18146,33157,33928,68184
67848,teamfivemodel,minefromhome,37255,43813,56174,59224,69803
67909,teamfivemodel,minefromhome,15581,24211,36080,44697,54097
67953,teamfivemodel,minefromhome,14092,57796,68471,73556,77068
68076,teamfivemodel,minefromhome,67621,32746,48374,51846,62801
68157,teamfivemodel,minefromhome,19503,21470,55547,58623,66167
68253,teamfivemodel,minefromhome,10039,14723,64343,65051,77775
68427,teamfivemodel,minefromhome,63291,3986,21033,39204,62170
68509,teamfivemodel,minefromhome,32483,44013,58632,62005,74282
68560,teamfivemodel,minefromhome,63730,31921,37361,58019,76423
68712,teamfivemodel,minefromhome,24300,31972,56580,57366,71454
68759,teamfivemodel,minefromhome,7460,29675,30837,59822,72290
68764,teamfivemodel,minefromhome,14526,19054,24100,41520,59746
68772,teamfivemodel,minefromhome,676,994,36331,45156,61531
69233,teamfivemodel,minefromhome,39691,49234,63645,72160,75787
69407,teamfivemodel,minefromhome,23693,46429,49551,73379,75289
69589,teamfivemodel,minefromhome,15847,37513,43751,48813,72544
69755,teamfivemodel,minefromhome,78826,35340,42821,53613,78956
69838,teamfivemodel,minefromhome,18772,42342,50330,62943,71077
70026,teamfivemodel,minefromhome,23366,43030,48569,50455,72332
70180,teamfivemodel,minefromhome,1416,34436,41142,54623,58522
70190,teamfivemodel,minefromhome,22848,47966,2022,14551,41047
70197,teamfivemodel,minefromhome,19157,9133,34964,52528,70842
70223,teamfivemodel,minefromhome,639,56296,16686,41198,67653
70300,teamfivemodel,minefromhome,437,12115,57610,59481,67246
70372,teamfivemodel,minefromhome,32483,44013,58632,62005,74282
70627,teamfivemodel,minefromhome,1519,17417,51160,56265,73314
70707,teamfivemodel,minefromhome,23377,77425,50561,13767,50704
70766,teamfivemodel,minefromhome,23135,44234,53236,53740,77694
70803,teamfivemodel,minefromhome,6709,20265,26001,33656,51060
70911,teamfivemodel,minefromhome,33826,28311,33062,33105,69694
70923,teamfivemodel,minefromhome,25361,12490,22026,45754,64553
70997,teamfivemodel,minefromhome,26125,31955,35705,39152,46382
71036,teamfivemodel,minefromhome,27714,36315,52885,61339,77658
71063,teamfivemodel,minefromhome,52237,5249,5291,24305,43924
71112,teamfivemodel,minefromhome,37255,43813,56174,59224,69803
71202,teamfivemodel,minefromhome,44858,47228,53525,55411,76071
71353,teamfivemodel,minefromhome,3128,6248,25904,74947,78864
71526,teamfivemodel,minefromhome,12467,39895,49609,50656,70312
71586,teamfivemodel,minefromhome,6118,3421,33094,40865,76111
71619,teamfivemodel,minefromhome,19587,32512,52087,63265,74608
71698,teamfivemodel,minefromhome,24139,34450,37287,73257,78228
71784,teamfivemodel,minefromhome,8202,8252,16903,61323,62653
71805,teamfivemodel,minefromhome,6508,23296,28450,34708,36543
71863,teamfivemodel,minefromhome,31955,39152,46382,57787,64611
71886,teamfivemodel,minefromhome,7707,36856,38123,39029,40692
72017,teamfivemodel,minefromhome,3058,24038,35934,52272,63634
72058,teamfivemodel,minefromhome,22262,16895,56050,62104,62552
72088,teamfivemodel,minefromhome,16686,36080,41198,52305,67653
72138,teamfivemodel,minefromhome,6508,23296,28450,34708,36543
72231,teamfivemodel,minefromhome,1050,9117,60126,69193,70064
72242,teamfivemodel,minefromhome,5117,21526,56753,59773,62211
72523,teamfivemodel,minefromhome,13711,25104,32539,37048,53695
72607,teamfivemodel,minefromhome,31955,39152,46382,57787,64611
72722,teamfivemodel,minefromhome,49304,14347,18661,41196,47775
72777,teamfivemodel,minefromhome,6901,13949,44511,47667,62583
72826,teamfivemodel,minefromhome,13817,42232,53255,63060,72476
72855,teamfivemodel,minefromhome,16686,36080,41198,52305,67653
72959,teamfivemodel,minefromhome,37255,43813,56174,59224,69803
72969,teamfivemodel,minefromhome,656,32029,51353,58248,65822
73200,teamfivemodel,minefromhome,8572,13907,41258,42617,67382
73203,teamfivemodel,minefromhome,11421,19761,30348,52531,73222
73256,teamfivemodel,minefromhome,15204,27283,49509,58890,63303
73378,teamfivemodel,minefromhome,14700,28017,29605,32216,66162
73427,teamfivemodel,minefromhome,47330,388,55676,62734,67945
73552,teamfivemodel,minefromhome,15134,42738,43096,44512,61614
73748,teamfivemodel,minefromhome,64606,6271,16686,41198,67653
73789,teamfivemodel,minefromhome,37255,43813,56174,59224,69803
73868,teamfivemodel,minefromhome,37255,43813,56174,59224,69803
73973,teamfivemodel,minefromhome,31955,39152,46382,57787,64611
74041,teamfivemodel,minefromhome,22666,1611,24264,50570,50985
74089,teamfivemodel,minefromhome,7163,8339,21152,70695,78182
74105,teamfivemodel,minefromhome,13301,20698,28125,41489,60472
74196,teamfivemodel,minefromhome,21445,27869,35795,61804,73807
74389,teamfivemodel,minefromhome,69973,74619,3400,76285,78983
74398,teamfivemodel,minefromhome,15606,19379,29064,72081,75305
74586,teamfivemodel,minefromhome,5291,15840,25641,45799,69803
74813,teamfivemodel,minefromhome,4074,17,37461,64654,77764
74872,teamfivemodel,minefromhome,32162,36931,37870,64693,75976
75121,teamfivemodel,minefromhome,26274,39425,28451,61099,64495
75251,teamfivemodel,minefromhome,6891,10372,55049,65078,65902
75295,teamfivemodel,minefromhome,774,34059,43091,46041,49973
75340,teamfivemodel,minefromhome,29763,1519,2273,17417,54574
75345,teamfivemodel,minefromhome,6087,22375,36993,52164,55483
75422,teamfivemodel,minefromhome,2239,42553,1122,7347,31416
75539,teamfivemodel,minefromhome,13169,22703,39518,54476,70744
75694,teamfivemodel,minefromhome,33409,55163,20698,61520,68836
75774,teamfivemodel,minefromhome,16686,17000,41198,61148,67653
75867,teamfivemodel,minefromhome,23135,53236,53740,77694,79038
75882,teamfivemodel,minefromhome,414,37255,43813,59224,69803
75904,teamfivemodel,minefromhome,5879,10018,12143,74459,79051
76150,teamfivemodel,minefromhome,6508,19207,28450,34708,36543
76163,teamfivemodel,minefromhome,21826,43621,51760,57311,73502
76242,teamfivemodel,minefromhome,13475,34861,36228,45495,53995
76331,teamfivemodel,minefromhome,16686,36080,41198,52305,67653
76368,teamfivemodel,minefromhome,6024,60281,61852,34318,74419
76437,teamfivemodel,minefromhome,1541,10690,17826,21396,36210
76629,teamfivemodel,minefromhome,29052,36312,47312,47365,50640
76645,teamfivemodel,minefromhome,6006,7195,18435,66916,75784
76762,teamfivemodel,minefromhome,66650,12978,61178,64261,71574
76905,teamfivemodel,minefromhome,60579,31955,39152,46382,57787
76916,teamfivemodel,minefromhome,62664,14020,15995,30556,53244
77134,teamfivemodel,minefromhome,6947,10011,29977,33988,53005
77175,teamfivemodel,minefromhome,32539,38541,40692,53508,57762
77200,teamfivemodel,minefromhome,1689,20455,24088,52885,54489
77384,teamfivemodel,minefromhome,54847,64396,9902,13708,25828
77524,teamfivemodel,minefromhome,3078,43914,62652,63420,77191
77554,teamfivemodel,minefromhome,9117,1050,60126,69193,70064
77574,teamfivemodel,minefromhome,36262,7056,47283,56594,78643
77629,teamfivemodel,minefromhome,53253,19054,55974,59746,63633
77676,teamfivemodel,minefromhome,20055,30775,32150,73816,76833
77952,teamfivemodel,minefromhome,4607,7456,16870,28713,76940
77956,teamfivemodel,minefromhome,32948,48325,54859,70706,76632
78080,teamfivemodel,minefromhome,1969,9976,33258,34716,47335
78181,teamfivemodel,minefromhome,19070,20698,50330,51980,68836
78241,teamfivemodel,minefromhome,53312,4944,14265,32231,34283
78279,teamfivemodel,minefromhome,76375,30821,47767,59177,68583
78303,teamfivemodel,minefromhome,381,25876,48082,50892,78996
78314,teamfivemodel,minefromhome,6232,39027,42842,51266,76718
78384,teamfivemodel,minefromhome,13453,14547,24333,56354,67445
78480,teamfivemodel,minefromhome,57394,5227,15666,24497,51647
78486,teamfivemodel,minefromhome,59500,15717,16686,41198,61744
78675,teamfivemodel,minefromhome,261,10713,22205,33512,46591
78680,teamfivemodel,minefromhome,32483,44013,58632,62005,74282
78998,teamfivemodel,minefromhome,18996,30283,46065,19321,40412
79016,teamfivemodel,minefromhome,6624,22802,48308,53240,64452
